run_id,output_dir,dx_um,uptake_rate_per_min,dt_diffusion_min,total_volume_um3,mean_origin_relative_error_percent,final_origin_center_uM
dx_2um__uptake_12044__dtdiff_0p1min__volume_1um3,/home/tntiniak/Work/observatory_benchmark/PhysiCell/results/diffusion_uptake_fixed_positions/dx_2um__uptake_12044__dtdiff_0p1min__volume_1um3,2.0,12044,0.1,1.0,0.011948541339665787,9.984622984420414
dx_2um__uptake_12044__dtdiff_0p1min__volume_523um3,/home/tntiniak/Work/observatory_benchmark/PhysiCell/results/diffusion_uptake_fixed_positions/dx_2um__uptake_12044__dtdiff_0p1min__volume_523um3,2.0,12044,0.1,523.0,0.012027634170537812,9.984521209622939
dx_2um__uptake_12044__dtdiff_0p1min__volume_1000um3,/home/tntiniak/Work/observatory_benchmark/PhysiCell/results/diffusion_uptake_fixed_positions/dx_2um__uptake_12044__dtdiff_0p1min__volume_1000um3,2.0,12044,0.1,1000.0,0.012027706923879188,9.984521116005723
dx_3um__uptake_12044__dtdiff_0p1min__volume_1um3,/home/tntiniak/Work/observatory_benchmark/PhysiCell/results/diffusion_uptake_fixed_positions/dx_3um__uptake_12044__dtdiff_0p1min__volume_1um3,3.0,12044,0.1,1.0,0.03798413426726644,9.9522777993956
dx_3um__uptake_12044__dtdiff_0p1min__volume_523um3,/home/tntiniak/Work/observatory_benchmark/PhysiCell/results/diffusion_uptake_fixed_positions/dx_3um__uptake_12044__dtdiff_0p1min__volume_523um3,3.0,12044,0.1,523.0,0.03882975844964121,9.951215764646323
dx_3um__uptake_12044__dtdiff_0p1min__volume_1000um3,/home/tntiniak/Work/observatory_benchmark/PhysiCell/results/diffusion_uptake_fixed_positions/dx_3um__uptake_12044__dtdiff_0p1min__volume_1000um3,3.0,12044,0.1,1000.0,0.0388305483940966,9.95121477254856
dx_2um__uptake_12044__dtdiff_0p01min__volume_1um3,/home/tntiniak/Work/observatory_benchmark/PhysiCell/results/diffusion_uptake_fixed_positions/dx_2um__uptake_12044__dtdiff_0p01min__volume_1um3,2.0,12044,0.01,1.0,0.11601165078102345,9.866909984494319
dx_2um__uptake_12044__dtdiff_0p01min__volume_523um3,/home/tntiniak/Work/observatory_benchmark/PhysiCell/results/diffusion_uptake_fixed_positions/dx_2um__uptake_12044__dtdiff_0p01min__volume_523um3,2.0,12044,0.01,523.0,0.1235225336206442,9.858298522087294
dx_2um__uptake_12044__dtdiff_0p01min__volume_1000um3,/home/tntiniak/Work/observatory_benchmark/PhysiCell/results/diffusion_uptake_fixed_positions/dx_2um__uptake_12044__dtdiff_0p01min__volume_1000um3,2.0,12044,0.01,1000.0,0.12352984179643353,9.858290143337234
dx_5um__uptake_12044__dtdiff_0p1min__volume_1um3,/home/tntiniak/Work/observatory_benchmark/PhysiCell/results/diffusion_uptake_fixed_positions/dx_5um__uptake_12044__dtdiff_0p1min__volume_1um3,5.0,12044,0.1,1.0,0.16238988507376279,9.80292954459243
dx_5um__uptake_12044__dtdiff_0p1min__volume_523um3,/home/tntiniak/Work/observatory_benchmark/PhysiCell/results/diffusion_uptake_fixed_positions/dx_5um__uptake_12044__dtdiff_0p1min__volume_523um3,5.0,12044,0.1,523.0,0.17883238735092805,9.783003073355534
dx_5um__uptake_12044__dtdiff_0p1min__volume_1000um3,/home/tntiniak/Work/observatory_benchmark/PhysiCell/results/diffusion_uptake_fixed_positions/dx_5um__uptake_12044__dtdiff_0p1min__volume_1000um3,5.0,12044,0.1,1000.0,0.17884893524115272,9.78298302170958
dx_2um__uptake_12044__dtdiff_0p005min__volume_1um3,/home/tntiniak/Work/observatory_benchmark/PhysiCell/results/diffusion_uptake_fixed_positions/dx_2um__uptake_12044__dtdiff_0p005min__volume_1um3,2.0,12044,0.005,1.0,0.21169586020252176,9.75893486249055
dx_2um__uptake_12044__dtdiff_0p005min__volume_523um3,/home/tntiniak/Work/observatory_benchmark/PhysiCell/results/diffusion_uptake_fixed_positions/dx_2um__uptake_12044__dtdiff_0p005min__volume_523um3,2.0,12044,0.005,523.0,0.23822832412613087,9.72875410857349
dx_2um__uptake_12044__dtdiff_0p005min__volume_1000um3,/home/tntiniak/Work/observatory_benchmark/PhysiCell/results/diffusion_uptake_fixed_positions/dx_2um__uptake_12044__dtdiff_0p005min__volume_1000um3,2.0,12044,0.005,1000.0,0.23825561108984245,9.728723073303044
dx_3um__uptake_12044__dtdiff_0p01min__volume_1um3,/home/tntiniak/Work/observatory_benchmark/PhysiCell/results/diffusion_uptake_fixed_positions/dx_3um__uptake_12044__dtdiff_0p01min__volume_1um3,3.0,12044,0.01,1.0,0.3136555687571518,9.640635740994941
dx_3um__uptake_12044__dtdiff_0p01min__volume_523um3,/home/tntiniak/Work/observatory_benchmark/PhysiCell/results/diffusion_uptake_fixed_positions/dx_3um__uptake_12044__dtdiff_0p01min__volume_523um3,3.0,12044,0.01,523.0,0.378763247898709,9.56617600748997
dx_3um__uptake_12044__dtdiff_0p01min__volume_1000um3,/home/tntiniak/Work/observatory_benchmark/PhysiCell/results/diffusion_uptake_fixed_positions/dx_3um__uptake_12044__dtdiff_0p01min__volume_1000um3,3.0,12044,0.01,1000.0,0.37883510554759187,9.56609385388544
dx_3um__uptake_12044__dtdiff_0p005min__volume_1um3,/home/tntiniak/Work/observatory_benchmark/PhysiCell/results/diffusion_uptake_fixed_positions/dx_3um__uptake_12044__dtdiff_0p005min__volume_1um3,3.0,12044,0.005,1.0,0.500054495608114,9.430520769720257
dx_3um__uptake_12044__dtdiff_0p005min__volume_523um3,/home/tntiniak/Work/observatory_benchmark/PhysiCell/results/diffusion_uptake_fixed_positions/dx_3um__uptake_12044__dtdiff_0p005min__volume_523um3,3.0,12044,0.005,523.0,0.6892222585329588,9.215770843746087
dx_3um__uptake_12044__dtdiff_0p005min__volume_1000um3,/home/tntiniak/Work/observatory_benchmark/PhysiCell/results/diffusion_uptake_fixed_positions/dx_3um__uptake_12044__dtdiff_0p005min__volume_1000um3,3.0,12044,0.005,1000.0,0.689460580719344,9.215500524941405
dx_5um__uptake_12044__dtdiff_0p01min__volume_1um3,/home/tntiniak/Work/observatory_benchmark/PhysiCell/results/diffusion_uptake_fixed_positions/dx_5um__uptake_12044__dtdiff_0p01min__volume_1um3,5.0,12044,0.01,1.0,0.8265015744798154,9.06418027372317
dx_40um__uptake_12044__dtdiff_0p005min__volume_1um3,/home/tntiniak/Work/observatory_benchmark/PhysiCell/results/diffusion_uptake_fixed_positions/dx_40um__uptake_12044__dtdiff_0p005min__volume_1um3,40.0,12044,0.005,1.0,0.8310204353855685,9.037326332393626
dx_40um__uptake_12044__dtdiff_0p01min__volume_1um3,/home/tntiniak/Work/observatory_benchmark/PhysiCell/results/diffusion_uptake_fixed_positions/dx_40um__uptake_12044__dtdiff_0p01min__volume_1um3,40.0,12044,0.01,1.0,0.8392047353732801,9.02817440772558
dx_40um__uptake_12044__dtdiff_0p1min__volume_1um3,/home/tntiniak/Work/observatory_benchmark/PhysiCell/results/diffusion_uptake_fixed_positions/dx_40um__uptake_12044__dtdiff_0p1min__volume_1um3,40.0,12044,0.1,1.0,0.9855071128890318,8.864449284482724
dx_5um__uptake_12044__dtdiff_0p005min__volume_1um3,/home/tntiniak/Work/observatory_benchmark/PhysiCell/results/diffusion_uptake_fixed_positions/dx_5um__uptake_12044__dtdiff_0p005min__volume_1um3,5.0,12044,0.005,1.0,1.0286138020302218,8.840238662521548
dx_10um__uptake_12044__dtdiff_0p1min__volume_1um3,/home/tntiniak/Work/observatory_benchmark/PhysiCell/results/diffusion_uptake_fixed_positions/dx_10um__uptake_12044__dtdiff_0p1min__volume_1um3,10.0,12044,0.1,1.0,1.3123974128126905,8.558810140840876
dx_20um__uptake_12044__dtdiff_0p005min__volume_1um3,/home/tntiniak/Work/observatory_benchmark/PhysiCell/results/diffusion_uptake_fixed_positions/dx_20um__uptake_12044__dtdiff_0p005min__volume_1um3,20.0,12044,0.005,1.0,1.3293103235370602,8.502798578115376
dx_20um__uptake_12044__dtdiff_0p01min__volume_1um3,/home/tntiniak/Work/observatory_benchmark/PhysiCell/results/diffusion_uptake_fixed_positions/dx_20um__uptake_12044__dtdiff_0p01min__volume_1um3,20.0,12044,0.01,1.0,1.3463023587614096,8.484746977371207
dx_10um__uptake_12044__dtdiff_0p01min__volume_1um3,/home/tntiniak/Work/observatory_benchmark/PhysiCell/results/diffusion_uptake_fixed_positions/dx_10um__uptake_12044__dtdiff_0p01min__volume_1um3,10.0,12044,0.01,1.0,1.4591887906199184,8.374666692666686
dx_5um__uptake_12044__dtdiff_0p01min__volume_523um3,/home/tntiniak/Work/observatory_benchmark/PhysiCell/results/diffusion_uptake_fixed_positions/dx_5um__uptake_12044__dtdiff_0p01min__volume_523um3,5.0,12044,0.01,523.0,1.4671054721257621,8.343442846064676
dx_5um__uptake_12044__dtdiff_0p01min__volume_1000um3,/home/tntiniak/Work/observatory_benchmark/PhysiCell/results/diffusion_uptake_fixed_positions/dx_5um__uptake_12044__dtdiff_0p01min__volume_1000um3,5.0,12044,0.01,1000.0,1.4681448016362204,8.342276674015961
dx_10um__uptake_12044__dtdiff_0p005min__volume_1um3,/home/tntiniak/Work/observatory_benchmark/PhysiCell/results/diffusion_uptake_fixed_positions/dx_10um__uptake_12044__dtdiff_0p005min__volume_1um3,10.0,12044,0.005,1.0,1.4688632370106989,8.36185414156548
dx_20um__uptake_12044__dtdiff_0p1min__volume_1um3,/home/tntiniak/Work/observatory_benchmark/PhysiCell/results/diffusion_uptake_fixed_positions/dx_20um__uptake_12044__dtdiff_0p1min__volume_1um3,20.0,12044,0.1,1.0,1.6256991855169958,8.188046441731133
dx_10um__uptake_12044__dtdiff_0p1min__volume_523um3,/home/tntiniak/Work/observatory_benchmark/PhysiCell/results/diffusion_uptake_fixed_positions/dx_10um__uptake_12044__dtdiff_0p1min__volume_523um3,10.0,12044,0.1,523.0,2.228830382852893,7.5600469266132055
dx_10um__uptake_12044__dtdiff_0p1min__volume_1000um3,/home/tntiniak/Work/observatory_benchmark/PhysiCell/results/diffusion_uptake_fixed_positions/dx_10um__uptake_12044__dtdiff_0p1min__volume_1000um3,10.0,12044,0.1,1000.0,2.2302522316426647,7.558502113445716
dx_5um__uptake_12044__dtdiff_0p005min__volume_523um3,/home/tntiniak/Work/observatory_benchmark/PhysiCell/results/diffusion_uptake_fixed_positions/dx_5um__uptake_12044__dtdiff_0p005min__volume_523um3,5.0,12044,0.005,523.0,2.2491085438397858,7.476872031024012
dx_5um__uptake_12044__dtdiff_0p005min__volume_1000um3,/home/tntiniak/Work/observatory_benchmark/PhysiCell/results/diffusion_uptake_fixed_positions/dx_5um__uptake_12044__dtdiff_0p005min__volume_1000um3,5.0,12044,0.005,1000.0,2.25154598466525,7.474162449990088
dx_10um__uptake_12044__dtdiff_0p01min__volume_523um3,/home/tntiniak/Work/observatory_benchmark/PhysiCell/results/diffusion_uptake_fixed_positions/dx_10um__uptake_12044__dtdiff_0p01min__volume_523um3,10.0,12044,0.01,523.0,5.14815100041327,4.336649710773877
dx_10um__uptake_12044__dtdiff_0p01min__volume_1000um3,/home/tntiniak/Work/observatory_benchmark/PhysiCell/results/diffusion_uptake_fixed_positions/dx_10um__uptake_12044__dtdiff_0p01min__volume_1000um3,10.0,12044,0.01,1000.0,5.159774889635737,4.324048520445847
dx_10um__uptake_12044__dtdiff_0p005min__volume_523um3,/home/tntiniak/Work/observatory_benchmark/PhysiCell/results/diffusion_uptake_fixed_positions/dx_10um__uptake_12044__dtdiff_0p005min__volume_523um3,10.0,12044,0.005,523.0,5.742399928977411,3.6866841324247748
dx_10um__uptake_12044__dtdiff_0p005min__volume_1000um3,/home/tntiniak/Work/observatory_benchmark/PhysiCell/results/diffusion_uptake_fixed_positions/dx_10um__uptake_12044__dtdiff_0p005min__volume_1000um3,10.0,12044,0.005,1000.0,5.757121593841034,3.670736425993109
dx_40um__uptake_12044__dtdiff_0p1min__volume_523um3,/home/tntiniak/Work/observatory_benchmark/PhysiCell/results/diffusion_uptake_fixed_positions/dx_40um__uptake_12044__dtdiff_0p1min__volume_523um3,40.0,12044,0.1,523.0,5.767138312001525,3.577461103121155
dx_40um__uptake_12044__dtdiff_0p1min__volume_1000um3,/home/tntiniak/Work/observatory_benchmark/PhysiCell/results/diffusion_uptake_fixed_positions/dx_40um__uptake_12044__dtdiff_0p1min__volume_1000um3,40.0,12044,0.1,1000.0,5.7681942478513735,3.5763311653453043
dx_40um__uptake_12044__dtdiff_0p01min__volume_523um3,/home/tntiniak/Work/observatory_benchmark/PhysiCell/results/diffusion_uptake_fixed_positions/dx_40um__uptake_12044__dtdiff_0p01min__volume_523um3,40.0,12044,0.01,523.0,6.0004927047729755,3.287839612280771
dx_40um__uptake_12044__dtdiff_0p005min__volume_523um3,/home/tntiniak/Work/observatory_benchmark/PhysiCell/results/diffusion_uptake_fixed_positions/dx_40um__uptake_12044__dtdiff_0p005min__volume_523um3,40.0,12044,0.005,523.0,6.0034828792232355,3.282250940502732
dx_40um__uptake_12044__dtdiff_0p01min__volume_1000um3,/home/tntiniak/Work/observatory_benchmark/PhysiCell/results/diffusion_uptake_fixed_positions/dx_40um__uptake_12044__dtdiff_0p01min__volume_1000um3,40.0,12044,0.01,1000.0,6.021668775612828,3.264598410513976
dx_40um__uptake_12044__dtdiff_0p005min__volume_1000um3,/home/tntiniak/Work/observatory_benchmark/PhysiCell/results/diffusion_uptake_fixed_positions/dx_40um__uptake_12044__dtdiff_0p005min__volume_1000um3,40.0,12044,0.005,1000.0,6.031778976143956,3.2511799877258225
dx_20um__uptake_12044__dtdiff_0p1min__volume_523um3,/home/tntiniak/Work/observatory_benchmark/PhysiCell/results/diffusion_uptake_fixed_positions/dx_20um__uptake_12044__dtdiff_0p1min__volume_523um3,20.0,12044,0.1,523.0,6.225955513730815,3.1852354168777754
dx_20um__uptake_12044__dtdiff_0p1min__volume_1000um3,/home/tntiniak/Work/observatory_benchmark/PhysiCell/results/diffusion_uptake_fixed_positions/dx_20um__uptake_12044__dtdiff_0p1min__volume_1000um3,20.0,12044,0.1,1000.0,6.241273543144508,3.1688274159840226
dx_20um__uptake_12044__dtdiff_0p01min__volume_523um3,/home/tntiniak/Work/observatory_benchmark/PhysiCell/results/diffusion_uptake_fixed_positions/dx_20um__uptake_12044__dtdiff_0p01min__volume_523um3,20.0,12044,0.01,523.0,7.051855531312502,2.201456127806969
dx_20um__uptake_12044__dtdiff_0p01min__volume_1000um3,/home/tntiniak/Work/observatory_benchmark/PhysiCell/results/diffusion_uptake_fixed_positions/dx_20um__uptake_12044__dtdiff_0p01min__volume_1000um3,20.0,12044,0.01,1000.0,7.0729664455031465,2.1776265830750248
dx_20um__uptake_12044__dtdiff_0p005min__volume_523um3,/home/tntiniak/Work/observatory_benchmark/PhysiCell/results/diffusion_uptake_fixed_positions/dx_20um__uptake_12044__dtdiff_0p005min__volume_523um3,20.0,12044,0.005,523.0,7.1194563054294395,2.119948475468383
dx_20um__uptake_12044__dtdiff_0p005min__volume_1000um3,/home/tntiniak/Work/observatory_benchmark/PhysiCell/results/diffusion_uptake_fixed_positions/dx_20um__uptake_12044__dtdiff_0p005min__volume_1000um3,20.0,12044,0.005,1000.0,7.1406299751063,2.0958586593925657
