id,x,y,z,total_volume,current_phase,dt
0.0,0.0,0.0,0.0,523.6,4.0,0
0.0,0.0,0.0,0.0,523.6,4.0,30
0.0,0.0,0.0,0.0,523.6,4.0,60
0.0,0.0,0.0,0.0,523.6,4.0,90
0.0,0.0,0.0,0.0,523.6,4.0,120
0.0,0.0,0.0,0.0,523.6,4.0,150
0.0,0.0,0.0,0.0,523.6,4.0,180
0.0,0.0,0.0,0.0,523.6,4.0,210
0.0,0.0,0.0,0.0,523.6,4.0,240
0.0,0.0,0.0,0.0,523.6,4.0,270
0.0,0.0,0.0,0.0,523.6,4.0,300
0.0,0.0,0.0,0.0,523.6,4.0,330
0.0,0.0,0.0,0.0,523.6,4.0,360
0.0,0.0,0.0,0.0,523.6,4.0,390
0.0,0.0,0.0,0.0,523.6,10.0,420
0.0,0.0,0.0,0.0,565.39667079124,10.0,450
0.0,0.0,0.0,0.0,626.3008544645427,10.0,480
0.0,0.0,0.0,0.0,690.2565848634898,10.0,510
0.0,0.0,0.0,0.0,749.9063323154409,10.0,540
0.0,0.0,0.0,0.0,802.3852808343727,10.0,570
0.0,0.0,0.0,0.0,847.0654665663299,10.0,600
0.0,0.0,0.0,0.0,884.3613557417302,10.0,630
0.0,0.0,0.0,0.0,915.1101857834522,10.0,660
0.0,0.0,0.0,0.0,940.2610812429584,10.0,690
0.0,0.0,0.0,0.0,960.7280603114536,10.0,720
0.0,0.0,0.0,0.0,977.3284050313516,10.0,750
0.0,0.0,0.0,0.0,990.7641489176519,12.0,780
0.0,0.0,0.0,0.0,1001.6242088673634,12.0,810
0.0,0.0,0.0,0.0,1010.395414299891,12.0,840
0.0,0.0,0.0,0.0,1017.4764643816562,12.0,870
0.0,0.0,0.0,0.0,1023.1919239413106,12.0,900
0.0,0.0,0.0,0.0,1027.8049836778093,12.0,930
0.0,0.0,0.0,0.0,1031.528535299942,13.0,960
0.0,0.0,0.0,0.0,1034.534515441836,13.0,990
0.0,0.0,0.0,0.0,1036.9616535622008,13.0,1020
0.0,0.0,0.0,0.0,1038.9218265262066,13.0,1050
0.0,-2.959774811767906,1.0089389200215055,0.5375243099072149,520.2526169690148,4.0,1080
2.0,5.864558376104114,-1.999132221432508,-1.0650616666823411,520.2526169690148,4.0,1080
0.0,-2.981566107341615,1.0163672169765972,0.5414818241980549,520.8922969946934,4.0,1110
2.0,5.886523722969815,-2.0066198496319427,-1.069050790405171,520.8922969946934,4.0,1110
0.0,-2.983225782401053,1.0169329731129741,0.5417832375648586,521.4092676559001,4.0,1140
2.0,5.88818339802924,-2.007185605768318,-1.0693522037719714,521.4092676559001,4.0,1140
0.0,-2.984444242117159,1.0173483261409042,0.5420045218718413,521.8271669310261,4.0,1170
2.0,5.889401857745347,-2.00760095879625,-1.0695734880789551,521.8271669310261,4.0,1170
0.0,-2.985427948419567,1.0176836555620552,0.5421831726425849,522.1650594243722,4.0,1200
2.0,5.890385564047743,-2.0079362882173992,-1.0697521388496993,522.1650594243722,4.0,1200
0.0,-2.9862231755555557,1.0179547355119796,0.5423275937369848,522.4383247895246,4.0,1230
2.0,5.89118079118373,-2.0082073681673216,-1.0698965599440957,522.4383247895246,4.0,1230
0.0,-2.9868662325224262,1.018173943135171,0.5424443792272111,522.6593731221934,4.0,1260
2.0,5.8918238481506044,-2.008426575790516,-1.0700133454343186,522.6593731221934,4.0,1260
0.0,-2.9873863807686516,1.0183512531817727,0.5425388432810285,522.8382209698823,4.0,1290
2.0,5.892343996396833,-2.0086038858371187,-1.0701078094881356,522.8382209698823,4.0,1290
0.0,-2.987807220228866,1.0184947104842672,0.5426152718794248,522.9829551406826,4.0,1320
2.0,5.892764835857049,-2.0087473431396092,-1.0701842380865327,522.9829551406826,4.0,1320
0.0,-2.988147793439579,1.018610806332521,0.5426771233349247,523.100106223581,4.0,1350
2.0,5.8931054090677675,-2.008863438987865,-1.0702460895420325,523.100106223581,4.0,1350
0.0,-2.988423472028442,1.0187047806634777,0.5427271892867829,523.1949494612236,4.0,1380
2.0,5.893381087656629,-2.0089574133188246,-1.070296155493891,523.1949494612236,4.0,1380
0.0,-2.9886466691264206,1.0187808649108618,0.5427677240820602,523.2717471664976,4.0,1410
2.0,5.8936042847546055,-2.0090334975662123,-1.0703366902891667,523.2717471664976,4.0,1410
0.0,-2.988827412321655,1.018842477315792,0.5428005488297072,523.3339440948757,4.0,1440
2.0,5.893785027949832,-2.009095109971141,-1.070369515036815,523.3339440948757,4.0,1440
0.0,-2.988973804769273,1.0188923801115763,0.5428271351426496,523.3843249482137,4.0,1470
2.0,5.8939314203974495,-2.0091450127669255,-1.0703961013497554,523.3843249482137,4.0,1470
0.0,-2.989092396518218,1.018932806102981,0.542848672574402,523.425141387932,10.0,1500
2.0,5.89405001214639,-2.009185438758331,-1.0704176387815076,523.425141387932,10.0,1500
0.0,-3.0886892997763393,1.0528837646729357,0.5609364529284545,565.2548852821367,10.0,1530
2.0,5.993646915404504,-2.0431363973282886,-1.0885054191355619,565.2548852821367,10.0,1530
0.0,-3.243416473865816,1.1056277326610167,0.5890364344357175,626.1858718851767,10.0,1560
2.0,6.1483740894939904,-2.095880365316374,-1.1166054006428257,626.1858718851767,10.0,1560
0.0,-3.3989425867501115,1.1586440458429288,0.6172815111112456,690.1633270174372,10.0,1590
2.0,6.303900202378286,-2.1488966784982892,-1.1448504773183545,690.1633270174372,10.0,1590
0.0,-3.537082828198374,1.2057337992472004,0.6423691419876428,749.8306856690473,10.0,1620
2.0,6.442040443826548,-2.1959864319025617,-1.169938108194752,749.8306856690473,10.0,1620
0.0,-3.653497500761488,1.2454176608516325,0.6635111951883662,802.3239127097938,10.0,1650
2.0,6.558455116389653,-2.2356702935069954,-1.191080161395476,802.3239127097938,10.0,1650
0.0,-3.749148073270217,1.2780233796862868,0.6808822829398942,847.0156764800478,10.0,1680
2.0,6.654105688898387,-2.2682760123416505,-1.2084512491470043,847.0156764800478,10.0,1680
0.0,-3.8267290787728148,1.3044694780836266,0.6949717590307399,884.3209551414777,10.0,1710
2.0,6.731686694400997,-2.294722110738988,-1.2225407252378513,884.3209551414777,10.0,1710
0.0,-3.8892366946888814,1.3257773040184653,0.7063237588435761,915.0774007376192,10.0,1740
2.0,6.7941943103170646,-2.3160299366738313,-1.2338927250506861,915.0774007376192,10.0,1740
0.0,-3.9394340347938166,1.3428887578736919,0.7154400911036536,940.2344736855262,10.0,1770
2.0,6.844391650422,-2.333141390529058,-1.243009057310762,940.2344736855262,10.0,1770
0.0,-3.9796882005024843,1.356610745882711,0.7227506447840942,960.7064642914053,10.0,1800
2.0,6.8846458161306705,-2.3468633785380693,-1.2503196109912014,960.7064642914053,10.0,1800
0.0,-4.01195685862608,1.3676106047058623,0.7286109514941012,977.3108750979034,10.0,1830
2.0,6.916914474254265,-2.3578632373612223,-1.2561799177012107,977.3108750979034,10.0,1830
0.0,-4.037829828427624,1.3764302777788024,0.7333097380985848,990.7499183232896,12.0,1860
2.0,6.942787444055809,-2.366682910434162,-1.2608787043056944,990.7499183232896,12.0,1860
0.0,-4.058585837258991,1.38350566238273,0.7370792341018456,1001.6126557151372,12.0,1890
2.0,6.963543452887176,-2.3737582950380864,-1.2646482003089505,1001.6126557151372,12.0,1890
0.0,-4.075248342207582,1.3891856383325392,0.7401053094094024,1010.3860341202874,12.0,1920
2.0,6.980205957835767,-2.3794382709878885,-1.2676742756165071,1010.3860341202874,12.0,1920
0.0,-4.088634650583448,1.3937488123490607,0.7425363950931303,1017.4688479142071,12.0,1950
2.0,6.993592266211634,-2.3840014450044156,-1.2701053613002324,1017.4688479142071,12.0,1950
0.0,-4.099396988586204,1.3974175176972625,0.744490941866391,1023.1857391302382,12.0,1980
2.0,7.004354604214389,-2.3876701503526183,-1.2720599080734905,1023.1857391302382,12.0,1980
0.0,-4.108055944874957,1.4003692145533067,0.7460634937663297,1027.799961080222,12.0,2010
2.0,7.0130135605031425,-2.390621847208661,-1.2736324599734277,1027.799961080222,12.0,2010
0.0,-4.115027323446372,1.4027456437123558,0.7473295649014715,1031.5244562580208,13.0,2040
2.0,7.019984939074558,-2.3929982763677073,-1.2748985311085712,1031.5244562580208,13.0,2040
0.0,-4.120643545539905,1.4046601221487307,0.7483495262489056,1034.5312024941368,13.0,2070
2.0,7.02560116116809,-2.3949127548040803,-1.275918492456004,1034.5312024941368,13.0,2070
0.0,-4.125170646728297,1.4062033370465963,0.7491716924936135,1036.9589626690167,13.0,2100
2.0,7.030128262356483,-2.3964559697019445,-1.2767406587007106,1036.9589626690167,13.0,2100
0.0,-4.128821758718791,1.4074479415259387,0.7498347704565987,1038.9196407650816,13.0,2130
2.0,7.0337793743469765,-2.3977005741812865,-1.2774037366636963,1038.9196407650816,13.0,2130
0.0,-6.589897739683821,1.2176455691955936,2.919162160346093,520.2517291953964,4.0,2160
2.0,8.487821507593418,0.5391158812268211,-1.161803421190717,520.2517291953964,4.0,2160
3.0,-0.11154569551381091,1.8996735070828885,-3.7165256415868684,520.2517291953964,4.0,2160
4.0,5.423967901594513,-8.470698347650343,-1.1432056834402784,520.2517291953964,4.0,2160
0.0,-6.696427659544651,1.2058777798801796,3.0312081644732047,520.8915757974777,4.0,2190
2.0,8.719244903401902,0.47889095271211496,-1.0890837851058826,520.8915757974777,4.0,2190
3.0,-0.237413847603928,1.9413804457559543,-3.898525589540213,520.8915757974777,4.0,2190
4.0,5.427456398909793,-8.440790288511721,-1.1452270631005956,520.8915757974777,4.0,2190
0.0,-6.700073103278368,1.2054636573652902,3.035120743836384,521.4086817509842,4.0,2220
2.0,8.727783939675575,0.4802645831661205,-1.0866888219633926,521.4086817509842,4.0,2220
3.0,-0.23711370825021758,1.9352803213707566,-3.9027583504286527,521.4086817509842,4.0,2220
4.0,5.422262667016138,-8.435649672065635,-1.1473018447178245,521.4086817509842,4.0,2220
0.0,-6.701350196038078,1.2053201503456532,3.0364915810174256,521.8266909160695,4.0,2250
2.0,8.733429733701596,0.48330339020197755,-1.0853240254392422,521.8266909160695,4.0,2250
3.0,-0.23543974604843712,1.92757611855088,-3.90319910144917,521.8266909160695,4.0,2250
4.0,5.416220003548059,-8.43084076926197,-1.1495967274025023,521.8266909160695,4.0,2250
0.0,-6.702372165685784,1.205206644798568,3.0375882803364203,522.1646726715305,4.0,2280
2.0,8.73903923574773,0.48645336216824914,-1.083980802303416,522.1646726715305,4.0,2280
3.0,-0.23345142202824623,1.9189188608780507,-3.9031001447327682,522.1646726715305,4.0,2280
4.0,5.40964414712944,-8.425219978008332,-1.1521356065737283,522.1646726715305,4.0,2280
0.0,-6.703229472468428,1.2051126724347032,3.0385079315147143,522.4380105469489,4.0,2310
2.0,8.744797461933723,0.48973726503989184,-1.0826065792814523,522.4380105469489,4.0,2310
3.0,-0.2311536872470332,1.9092156553718989,-3.9025761120490277,522.4380105469489,4.0,2310
4.0,5.40244549294486,-8.41870670300994,-1.154953513457729,522.4380105469489,4.0,2310
0.0,-6.703956729142747,1.205034139463309,3.0392876977808516,522.6591177848636,4.0,2340
2.0,8.750826742120703,0.4932190508262329,-1.0811716203749269,522.6591177848636,4.0,2340
3.0,-0.22851654602060845,1.8983236746523593,-3.901650209803384,522.6591177848636,4.0,2340
4.0,5.394506328205779,-8.411217975105346,-1.1580941408760357,522.6591177848636,4.0,2340
0.0,-6.7045808541591345,1.2049678854331,3.039956486780214,522.8380134878068,4.0,2370
2.0,8.757253088159393,0.49696843628736986,-1.0796456472163394,522.8380134878068,4.0,2370
3.0,-0.22549691149841483,1.8860585724316996,-3.900326998741322,522.8380134878068,4.0,2370
4.0,5.385684472661284,-8.402636004315616,-1.1616121140960491,522.8380134878068,4.0,2370
0.0,-6.705123342914946,1.2049114175476372,3.0405373801460818,522.9827865385414,4.0,2400
2.0,8.764214381841143,0.5010637568255484,-1.0779957048974484,522.9827865385414,4.0,2400
3.0,-0.22203629187895413,1.8721834238764086,-3.8985936201530644,522.9827865385414,4.0,2400
4.0,5.375805048115863,-8.39279970841304,-1.1655763283690643,522.9827865385414,4.0,2400
0.0,-6.705601119971495,1.2048628039498777,3.0410485445145055,523.0999692107956,4.0,2430
2.0,8.771868583534491,0.5055966946014658,-1.0761842103593273,523.0999692107956,4.0,2430
3.0,-0.21805644775788735,1.8563922529518713,-3.8964179338862657,523.0999692107956,4.0,2430
4.0,5.364648779357995,-8.381492861666668,-1.1700746735424017,523.0999692107956,4.0,2430
0.0,-6.706027034519862,1.2048206049422137,3.041503763298618,523.194838115403,4.0,2460
2.0,8.780404318567571,0.5106785752113456,-1.0741664512750109,523.194838115403,4.0,2460
3.0,-0.21345285902790792,1.8382860191091634,-3.8937447398844287,523.194838115403,4.0,2460
4.0,5.35193537014333,-8.368426309426178,-1.1752208454126656,523.194838115403,4.0,2460
0.0,-6.706409966426493,1.2047838405975344,3.0419125551975825,523.2716566764326,4.0,2490
2.0,8.790055381176774,0.5164491379635806,-1.0718871709652016,523.2716566764326,4.0,2490
3.0,-0.20808483526744104,1.8173369695976895,-3.890489265388178,523.2716566764326,4.0,2490
4.0,5.337299215680313,-8.353211058322271,-1.1811643921176929,523.2716566764326,4.0,2490
0.0,-6.706754388556927,1.204752000663309,3.0422797178501946,523.3338705518656,4.0,2520
2.0,8.801121591468798,0.5230892918043616,-1.0692756706897222,523.3338705518656,4.0,2520
3.0,-0.20176024775393517,1.7928344102249267,-3.886526386154944,523.3338705518656,4.0,2520
4.0,5.320252840005206,-8.335316812856044,-1.1881059342790172,523.3338705518656,4.0,2520
0.0,-6.707059043225658,1.2047251092790445,3.0426039398482336,523.3842651766222,4.0,2550
2.0,8.814000127618733,0.5308404363025555,-1.0662384689448199,523.3842651766222,4.0,2550
3.0,-0.19421128803032683,1.7637996843214419,-3.881672785668855,523.3842651766222,4.0,2550
4.0,5.300129998800402,-8.314006340066486,-1.19632095850805,523.3842651766222,4.0,2550
0.0,-6.707313995915386,1.204703865631871,3.0428747163335625,523.4250928075892,10.0,2580
2.0,8.829234646083002,0.5400349520906957,-1.0626478181629788,523.4250928075892,10.0,2580
3.0,-0.18505457310307466,1.7288479358248425,-3.8756567562053856,523.4250928075892,10.0,2580
4.0,5.2759937180986025,-8.28822786371085,-1.206198415238685,523.4250928075892,10.0,2580
0.0,-6.793264138366959,1.198047275282056,3.134875290588584,565.2548457978019,10.0,2610
2.0,8.999803352853458,0.6280524769105383,-1.0200788913098884,565.2548457978019,10.0,2610
3.0,-0.19466241070490328,1.6919317660800575,-3.992125368013503,565.2548457978019,10.0,2610
4.0,5.200982991381556,-8.332672628436098,-1.2242993045386807,565.2548457978019,10.0,2610
0.0,-6.9295361061692455,1.188562640494942,3.284099245847197,626.1858397938563,10.0,2640
2.0,9.273795878158298,0.7636689353358663,-0.9475935053990356,626.1858397938563,10.0,2640
3.0,-0.20142431528575272,1.6064056425487214,-4.176322751327186,626.1858397938563,10.0,2640
4.0,5.070024338459852,-8.37327832854298,-1.2618112623944628,626.1858397938563,10.0,2640
0.0,-7.064214490539342,1.1818572963821636,3.434936095423727,690.1633009345956,10.0,2670
2.0,9.58192799073646,0.9201983197871466,-0.8618522303980061,690.1633009345956,10.0,2670
3.0,-0.17387906929392874,1.4038690327984658,-4.337741207465057,690.1633009345956,10.0,2670
4.0,4.8690253642599535,-8.320565759131211,-1.3369709308341569,690.1633009345956,10.0,2670
0.0,-7.181533006462226,1.1808539690127267,3.567565034184191,749.8306644693333,10.0,2700
2.0,9.902978482645942,1.0893772827183266,-0.7689637166888731,749.8306644693333,10.0,2700
3.0,-0.11654536647737948,1.086604584468338,-4.450101976738368,749.8306644693333,10.0,2700
4.0,4.607959685456817,-8.17147694636283,-1.4501276140304518,749.8306644693333,10.0,2700
0.0,-7.280217346410882,1.1822112768511277,3.680958165278728,802.3238954786366,10.0,2730
2.0,10.078446908597419,1.175272051229219,-0.7153456012163244,802.3238954786366,10.0,2730
3.0,-0.15312280086702976,1.1027799806060838,-4.6167790882964015,802.3238954786366,10.0,2730
4.0,4.567753033843644,-8.274904418849873,-1.4504617490395046,802.3238954786366,10.0,2730
0.0,-7.358220939141068,1.1827845914328898,3.772787201492041,847.0156624742192,10.0,2760
2.0,10.194951888648385,1.229898414486536,-0.6782328588899689,847.0156624742192,10.0,2760
3.0,-0.1878991624115809,1.1572208060926588,-4.7605696182966915,847.0156624742192,10.0,2760
4.0,4.564028008067397,-8.384544922175516,-1.4356129975788858,847.0156624742192,10.0,2760
0.0,-7.419773374202773,1.1828078032914842,3.8466882594987677,884.3209437569997,10.0,2790
2.0,10.287318446977372,1.2737756616735343,-0.6481794872879278,884.3209437569997,10.0,2790
3.0,-0.2158816407704337,1.202378586570662,-4.877184987854205,884.3209437569997,10.0,2790
4.0,4.561196363158964,-8.473603161699087,-1.4229520576301273,884.3209437569997,10.0,2790
0.0,-7.468352986945132,1.1825516320150917,3.9059288718857523,915.0773914836695,10.0,2820
2.0,10.361063985086457,1.3092856161330824,-0.6238094237240264,915.0773914836695,10.0,2820
3.0,-0.23823341847037513,1.2385778958700024,-4.971070532533711,915.0773914836695,10.0,2820
4.0,4.558382215492175,-8.54505625418159,-1.4126771889015015,915.0773914836695,10.0,2820
0.0,-7.506733402831135,1.1821758326238985,3.9533117921852794,940.2344661632295,10.0,2850
2.0,10.419887394283997,1.3379210579611245,-0.6041371134819409,940.2344661632295,10.0,2850
3.0,-0.25605756160476545,1.267500550879812,-5.0464088331975825,940.2344661632295,10.0,2850
4.0,4.555763365314999,-8.602238551628238,-1.404394118779229,940.2344661632295,10.0,2850
0.0,-7.537114567252004,1.1817687579576415,3.9911865404733695,960.7064581766004,10.0,2880
2.0,10.466809130338842,1.3609618873759295,-0.5882991412546613,960.7064581766004,10.0,2880
3.0,-0.27027115598765694,1.2905996946477625,-5.106782078005909,960.7064581766004,10.0,2880
4.0,4.553436388063918,-8.647971450144738,-1.3977335944862739,960.7064581766004,10.0,2880
