time(min),concentration,Unnamed: 2,Unnamed: 3,time(min).1,1000,200,100,50,Unnamed: 9,Unnamed: 10,Unnamed: 11,Unnamed: 12,Unnamed: 13,Unnamed: 14,Unnamed: 15,Unnamed: 16
0.01,0.516911,,,0.01,0.516911,0.411568,0.412835,0.413332,,,,,,,,
0.02,0.744573,,,0.02,0.744573,0.662811,0.665148,0.666301,,,,,,,,
0.03,0.958188,,,0.03,0.958188,0.89723,0.900691,0.902484,,,,,,,,
0.04,1.15893,,,0.04,1.15893,1.11676,1.1214,1.12375,,,,,,,,
0.05,1.34767,,,0.05,1.34767,1.32306,1.32888,1.33171,,,,,,,,
0.06,1.52644,,,0.06,1.52644,1.51767,1.52451,1.52792,,,,,,,,
0.07,1.6953,,,0.07,1.6953,1.70165,1.70943,1.71344,,,,,,,,
0.08,1.85594,,,0.08,1.85594,1.87573,1.88479,1.88941,,,,,,,,
0.09,2.00851,,,0.09,2.00851,2.04133,2.05141,2.05673,,,,,,,,
0.1,2.15447,,,0.1,2.15447,2.19902,2.21017,2.21614,,,,,,,,
0.11,2.29358,,,0.11,2.29358,2.34957,2.3618,2.36831,,,,,,,,
0.12,2.42652,,,0.12,2.42652,2.4935,2.50678,2.51388,,,,,,,,
0.13,2.55359,,,0.13,2.55359,2.63142,2.64591,2.65336,,,,,,,,
0.14,2.67564,,,0.14,2.67564,2.76375,2.7795,2.78725,,,,,,,,
0.15,2.79308,,,0.15,2.79308,2.89107,2.9077,2.91598,,,,,,,,
0.16,2.90612,,,0.16,2.90612,3.01357,3.03104,3.03996,,,,,,,,
0.17,3.01504,,,0.17,3.01504,3.13172,3.15001,3.15949,,,,,,,,
0.18,3.12003,,,0.18,3.12003,3.2456,3.26493,3.27483,,,,,,,,
0.19,3.22161,,,0.19,3.22161,3.35573,3.37598,3.3863,,,,,,,,
0.2,3.31933,,,0.2,3.31933,3.46227,3.48351,3.49421,,,,,,,,
0.21,3.41409,,,0.21,3.41409,3.56547,3.58743,3.59866,,1000.0,200.0,100.0,50.0,20.0,10.0,1.0
0.22,3.50572,,,0.22,3.50572,3.66539,3.68826,3.69995,,8.96,9.79,9.89,9.948,9.979,9.989,9.998
0.23,3.595,,,0.23,3.595,3.76239,3.78613,3.79829,,,,,,,,
0.24,3.68112,,,0.24,3.68112,3.85649,3.88114,3.89372,,,,,,,,
0.25,3.76471,,,0.25,3.76471,3.94792,3.97342,3.98646,,,,,,,,
0.26,3.8461,,,0.26,3.8461,4.03664,4.0632,4.07673,,,,,,,,
0.27,3.92507,,,0.27,3.92507,4.12322,4.15058,4.16464,,,,,,,,
0.28,4.00198,,,0.28,4.00198,4.20742,4.23569,4.2503,,,,,,,,
0.29,4.07684,,,0.29,4.07684,4.28953,4.31853,4.33367,,,,,,,,
0.3,4.1498,,,0.3,4.1498,4.36961,4.39935,4.41487,,,,,,,,
0.31,4.22105,,,0.31,4.22105,4.44764,4.47833,4.49412,,,,,,,,
0.32,4.29038,,,0.32,4.29038,4.52387,4.55533,4.57139,,,,,,,,
0.33,4.35766,,,0.33,4.35766,4.59819,4.63049,4.64692,,,,,,,,
0.34,4.4239,,,0.34,4.4239,4.67086,4.70401,4.72071,,,,,,,,
0.35,4.48821,,,0.35,4.48821,4.74187,4.77581,4.79282,,,,,,,,
0.36,4.55141,,,0.36,4.55141,4.81121,4.84601,4.86338,,,,,,,,
0.37,4.6131,,,0.37,4.6131,4.87903,4.91461,4.93243,,,,,,,,
0.38,4.6731,,,0.38,4.6731,4.94553,4.98185,5.00001,,,,,,,,
0.39,4.73181,,,0.39,4.73181,5.0105,5.04762,5.06614,,,,,,,,
0.4,4.78931,,,0.4,4.78931,5.07409,5.11203,5.13096,,,,,,,,
0.41,4.84578,,,0.41,4.84578,5.13666,5.17521,5.19447,,,,,,,,
0.42,4.90075,,,0.42,4.90075,5.19796,5.23712,5.25662,,,,,,,,
0.43,4.9547,,,0.43,4.9547,5.25787,5.29777,5.31752,,,,,,,,
0.44,5.00766,,,0.44,5.00766,5.31668,5.35715,5.37729,,,,,,,,
0.45,5.05952,,,0.45,5.05952,5.37429,5.41552,5.43593,,,,,,,,
0.46,5.11024,,,0.46,5.11024,5.43081,5.4727,5.49351,,,,,,,,
0.47,5.16008,,,0.47,5.16008,5.48636,5.52891,5.54996,,,,,,,,
0.48,5.20922,,,0.48,5.20922,5.54082,5.58406,5.60541,,,,,,,,
0.49,5.25706,,,0.49,5.25706,5.5943,5.6381,5.65983,,,,,,,,
0.5,5.30428,,,0.5,5.30428,5.6468,5.6913,5.71328,,,,,,,,
0.51,5.35063,,,0.51,5.35063,5.69835,5.7434,5.76576,,,,,,,,
0.52,5.39581,,,0.52,5.39581,5.74916,5.79462,5.81738,,,,,,,,
0.53,5.44036,,,0.53,5.44036,5.79908,5.84488,5.86806,,,,,,,,
0.54,5.48416,,,0.54,5.48416,5.84828,5.89446,5.91789,,,,,,,,
0.55,5.52742,,,0.55,5.52742,5.89645,5.94318,5.96692,,,,,,,,
0.56,5.56973,,,0.56,5.56973,5.94403,5.9911,6.01517,,,,,,,,
0.57,5.61121,,,0.57,5.61121,5.99046,6.03814,6.06252,,,,,,,,
0.58,5.65193,,,0.58,5.65193,6.03612,6.08448,6.10909,,,,,,,,
0.59,5.69229,,,0.59,5.69229,6.08127,6.1301,6.15494,,,,,,,,
0.6,5.73176,,,0.6,5.73176,6.1255,6.17492,6.20003,,,,,,,,
0.61,5.77101,,,0.61,5.77101,6.16905,6.21917,6.24448,,,,,,,,
0.62,5.80935,,,0.62,5.80935,6.2119,6.26269,6.28826,,,,,,,,
0.63,5.84725,,,0.63,5.84725,6.25414,6.30539,6.33137,,,,,,,,
0.64,5.88455,,,0.64,5.88455,6.29584,6.34751,6.37379,,,,,,,,
0.65,5.92109,,,0.65,5.92109,6.33681,6.38904,6.41552,,,,,,,,
0.66,5.95696,,,0.66,5.95696,6.37705,6.42982,6.45663,,,,,,,,
0.67,5.9922,,,0.67,5.9922,6.41679,6.47007,6.49711,,,,,,,,
0.68,6.02721,,,0.68,6.02721,6.45589,6.50973,6.53701,,,,,,,,
0.69,6.06141,,,0.69,6.06141,6.49425,6.54877,6.57638,,,,,,,,
0.7,6.09491,,,0.7,6.09491,6.53211,6.58722,6.61513,,,,,,,,
0.71,6.12804,,,0.71,6.12804,6.56942,6.62516,6.65331,,,,,,,,
0.72,6.16128,,,0.72,6.16128,6.60632,6.66252,6.6909,,,,,,,,
0.73,6.1937,,,0.73,6.1937,6.64273,6.69928,6.72801,,,,,,,,
0.74,6.22577,,,0.74,6.22577,6.67863,6.73559,6.76455,,,,,,,,
0.75,6.25724,,,0.75,6.25724,6.714,6.77132,6.80056,,,,,,,,
0.76,6.28855,,,0.76,6.28855,6.74904,6.80669,6.83617,,,,,,,,
0.77,6.31918,,,0.77,6.31918,6.78345,6.8415,6.8712,,,,,,,,
0.78,6.34951,,,0.78,6.34951,6.81732,6.87574,6.90572,,,,,,,,
0.79,6.37908,,,0.79,6.37908,6.85073,6.90964,6.93985,,,,,,,,
0.8,6.40838,,,0.8,6.40838,6.88364,6.94291,6.97339,,,,,,,,
0.81,6.43718,,,0.81,6.43718,6.9162,6.97589,7.00665,,,,,,,,
0.82,6.46571,,,0.82,6.46571,6.94822,7.00848,7.03943,,,,,,,,
0.83,6.4935,,,0.83,6.4935,6.9799,7.04067,7.07175,,,,,,,,
0.84,6.52111,,,0.84,6.52111,7.01119,7.07244,7.10363,,,,,,,,
0.85,6.54818,,,0.85,6.54818,7.04202,7.10372,7.13513,,,,,,,,
0.86,6.57483,,,0.86,6.57483,7.07243,7.13456,7.1662,,,,,,,,
0.87,6.60139,,,0.87,6.60139,7.10242,7.16495,7.19683,,,,,,,,
0.88,6.62753,,,0.88,6.62753,7.13208,7.19497,7.22701,,,,,,,,
0.89,6.65304,,,0.89,6.65304,7.16133,7.22467,7.25683,,,,,,,,
0.9,6.67865,,,0.9,6.67865,7.19013,7.25394,7.28632,,,,,,,,
0.91,6.70372,,,0.91,6.70372,7.21861,7.2828,7.31543,,,,,,,,
0.92,6.72833,,,0.92,6.72833,7.2469,7.31133,7.34413,,,,,,,,
0.93,6.75279,,,0.93,6.75279,7.27467,7.33947,7.37248,,,,,,,,
0.94,6.77723,,,0.94,6.77723,7.30206,7.36736,7.40051,,,,,,,,
0.95,6.80123,,,0.95,6.80123,7.32936,7.3948,7.42818,,,,,,,,
0.96,6.82491,,,0.96,6.82491,7.35604,7.42195,7.4555,,,,,,,,
0.97,6.84812,,,0.97,6.84812,7.38239,7.44871,7.48248,,,,,,,,
0.98,6.87123,,,0.98,6.87123,7.40842,7.4752,7.50908,,,,,,,,
0.99,6.89402,,,0.99,6.89402,7.43425,7.50132,7.53534,,,,,,,,
1.0,6.91662,,,1.0,6.91662,7.45969,7.52714,7.56136,,,,,,,,
1.01,6.93868,,,1.01,6.93868,7.48469,7.55262,7.58705,,,,,,,,
1.02,6.96063,,,1.02,6.96063,7.50948,7.57775,7.61239,,,,,,,,
1.03,6.98226,,,1.03,6.98226,7.53392,7.60265,7.63736,,,,,,,,
1.04,7.00343,,,1.04,7.00343,7.55813,7.62732,7.66208,,,,,,,,
1.05,7.02464,,,1.05,7.02464,7.58221,7.65166,7.6865,,,,,,,,
1.06,7.046,,,1.06,7.046,7.60584,7.67577,7.71057,,,,,,,,
1.07,7.06665,,,1.07,7.06665,7.62916,7.69948,7.73439,,,,,,,,
1.08,7.08709,,,1.08,7.08709,7.65228,7.72302,7.75802,,,,,,,,
1.09,7.1069,,,1.09,7.1069,7.67506,7.74633,7.78133,,,,,,,,
1.1,7.12644,,,1.1,7.12644,7.69761,7.76922,7.8044,,,,,,,,
1.11,7.14621,,,1.11,7.14621,7.71987,7.79188,7.82716,,,,,,,,
1.12,7.1655,,,1.12,7.1655,7.74181,7.81435,7.84968,,,,,,,,
1.13,7.18514,,,1.13,7.18514,7.76355,7.83658,7.87194,,,,,,,,
1.14,7.2041,,,1.14,7.2041,7.78509,7.85834,7.89391,,,,,,,,
1.15,7.22278,,,1.15,7.22278,7.80648,7.8799,7.91562,,,,,,,,
1.16,7.24123,,,1.16,7.24123,7.82754,7.90109,7.93712,,,,,,,,
1.17,7.25949,,,1.17,7.25949,7.84838,7.92219,7.95835,,,,,,,,
1.18,7.27753,,,1.18,7.27753,7.86895,7.94315,7.97937,,,,,,,,
1.19,7.29519,,,1.19,7.29519,7.8893,7.96376,8.00012,,,,,,,,
1.2,7.3126,,,1.2,7.3126,7.9092,7.98401,8.02069,,,,,,,,
1.21,7.3304,,,1.21,7.3304,7.92896,8.00419,8.04089,,,,,,,,
1.22,7.34751,,,1.22,7.34751,7.94864,8.02412,8.06098,,,,,,,,
1.23,7.36442,,,1.23,7.36442,7.96797,8.04372,8.08087,,,,,,,,
1.24,7.38129,,,1.24,7.38129,7.98722,8.06314,8.10048,,,,,,,,
1.25,7.39768,,,1.25,7.39768,8.00613,8.08235,8.11992,,,,,,,,
1.26,7.41399,,,1.26,7.41399,8.02499,8.10136,8.13905,,,,,,,,
1.27,7.4305,,,1.27,7.4305,8.04336,8.12017,8.15795,,,,,,,,
1.28,7.4468,,,1.28,7.4468,8.06168,8.1389,8.17667,,,,,,,,
1.29,7.4628,,,1.29,7.4628,8.07972,8.15727,8.19522,,,,,,,,
1.3,7.47876,,,1.3,7.47876,8.09763,8.17548,8.21355,,,,,,,,
1.31,7.49386,,,1.31,7.49386,8.11529,8.19345,8.23171,,,,,,,,
1.32,7.50896,,,1.32,7.50896,8.13286,8.21122,8.24959,,,,,,,,
1.33,7.52397,,,1.33,7.52397,8.15012,8.22872,8.26726,,,,,,,,
1.34,7.53936,,,1.34,7.53936,8.16738,8.24612,8.28482,,,,,,,,
1.35,7.55421,,,1.35,7.55421,8.18434,8.26332,8.30212,,,,,,,,
1.36,7.56871,,,1.36,7.56871,8.2011,8.28026,8.31922,,,,,,,,
1.37,7.58358,,,1.37,7.58358,8.21768,8.29712,8.33623,,,,,,,,
1.38,7.59812,,,1.38,7.59812,8.23397,8.31371,8.35297,,,,,,,,
1.39,7.61241,,,1.39,7.61241,8.25019,8.33003,8.36956,,,,,,,,
1.4,7.62678,,,1.4,7.62678,8.26619,8.34624,8.38592,,,,,,,,
1.41,7.64073,,,1.41,7.64073,8.28217,8.36229,8.40214,,,,,,,,
1.42,7.6543,,,1.42,7.6543,8.29786,8.37813,8.4182,,,,,,,,
1.43,7.66791,,,1.43,7.66791,8.31334,8.39386,8.43406,,,,,,,,
1.44,7.6815,,,1.44,7.6815,8.32874,8.40942,8.44976,,,,,,,,
1.45,7.69468,,,1.45,7.69468,8.3437,8.4249,8.46527,,,,,,,,
1.46,7.70797,,,1.46,7.70797,8.35888,8.4402,8.4806,,,,,,,,
1.47,7.72115,,,1.47,7.72115,8.37381,8.45529,8.49576,,,,,,,,
1.48,7.73415,,,1.48,7.73415,8.38851,8.47032,8.5108,,,,,,,,
1.49,7.74684,,,1.49,7.74684,8.40314,8.48504,8.52565,,,,,,,,
1.5,7.75981,,,1.5,7.75981,8.41748,8.49963,8.54029,,,,,,,,
1.51,7.77217,,,1.51,7.77217,8.4318,8.51413,8.55484,,,,,,,,
1.52,7.78485,,,1.52,7.78485,8.44587,8.52853,8.56931,,,,,,,,
1.53,7.79692,,,1.53,7.79692,8.45988,8.54277,8.58355,,,,,,,,
1.54,7.8094,,,1.54,7.8094,8.47366,8.55681,8.59759,,,,,,,,
1.55,7.82154,,,1.55,7.82154,8.48723,8.57066,8.61158,,,,,,,,
1.56,7.83343,,,1.56,7.83343,8.50077,8.58442,8.62532,,,,,,,,
1.57,7.84522,,,1.57,7.84522,8.51412,8.59789,8.63893,,,,,,,,
1.58,7.85684,,,1.58,7.85684,8.52738,8.6113,8.65243,,,,,,,,
1.59,7.8684,,,1.59,7.8684,8.54061,8.62454,8.66582,,,,,,,,
1.6,7.87941,,,1.6,7.87941,8.55362,8.63768,8.67896,,,,,,,,
1.61,7.8909,,,1.61,7.8909,8.56632,8.6506,8.69198,,,,,,,,
1.62,7.90222,,,1.62,7.90222,8.57891,8.66341,8.70494,,,,,,,,
1.63,7.91346,,,1.63,7.91346,8.59142,8.67619,8.71775,,,,,,,,
1.64,7.9243,,,1.64,7.9243,8.6039,8.68872,8.73046,,,,,,,,
1.65,7.93494,,,1.65,7.93494,8.61616,8.70113,8.74302,,,,,,,,
1.66,7.94548,,,1.66,7.94548,8.62828,8.71345,8.75549,,,,,,,,
1.67,7.95618,,,1.67,7.95618,8.64024,8.72564,8.7678,,,,,,,,
1.68,7.96667,,,1.68,7.96667,8.65183,8.73768,8.78001,,,,,,,,
1.69,7.97672,,,1.69,7.97672,8.66351,8.74966,8.79207,,,,,,,,
1.7,7.98701,,,1.7,7.98701,8.67519,8.76143,8.80393,,,,,,,,
1.71,7.99704,,,1.71,7.99704,8.68679,8.77314,8.81576,,,,,,,,
1.72,8.00695,,,1.72,8.00695,8.69826,8.78468,8.8274,,,,,,,,
1.73,8.0167,,,1.73,8.0167,8.70946,8.79611,8.83891,,,,,,,,
1.74,8.02666,,,1.74,8.02666,8.72068,8.80743,8.85027,,,,,,,,
1.75,8.03633,,,1.75,8.03633,8.73167,8.81858,8.86155,,,,,,,,
1.76,8.04575,,,1.76,8.04575,8.7425,8.82968,8.87268,,,,,,,,
1.77,8.05493,,,1.77,8.05493,8.7533,8.84062,8.88372,,,,,,,,
1.78,8.06422,,,1.78,8.06422,8.76403,8.85146,8.89466,,,,,,,,
1.79,8.07353,,,1.79,8.07353,8.77451,8.86219,8.90551,,,,,,,,
1.8,8.08243,,,1.8,8.08243,8.78496,8.87288,8.91622,,,,,,,,
1.81,8.09147,,,1.81,8.09147,8.79539,8.88324,8.9268,,,,,,,,
1.82,8.10047,,,1.82,8.10047,8.80568,8.89365,8.93724,,,,,,,,
1.83,8.1097,,,1.83,8.1097,8.81585,8.90391,8.94761,,,,,,,,
1.84,8.11847,,,1.84,8.11847,8.82597,8.9141,8.95788,,,,,,,,
1.85,8.12677,,,1.85,8.12677,8.83591,8.92432,8.96803,,,,,,,,
1.86,8.13537,,,1.86,8.13537,8.84579,8.93432,8.97808,,,,,,,,
1.87,8.14369,,,1.87,8.14369,8.85557,8.94415,8.98799,,,,,,,,
1.88,8.15189,,,1.88,8.15189,8.86506,8.95395,8.99782,,,,,,,,
1.89,8.1602,,,1.89,8.1602,8.87475,8.96352,9.00765,,,,,,,,
1.9,8.16862,,,1.9,8.16862,8.884,8.97322,9.01727,,,,,,,,
1.91,8.17624,,,1.91,8.17624,8.89337,8.98276,9.02681,,,,,,,,
1.92,8.18421,,,1.92,8.18421,8.9025,8.99204,9.03626,,,,,,,,
1.93,8.19208,,,1.93,8.19208,8.91159,9.00133,9.04561,,,,,,,,
1.94,8.20001,,,1.94,8.20001,8.92074,9.01042,9.05487,,,,,,,,
1.95,8.20784,,,1.95,8.20784,8.92966,9.0195,9.06399,,,,,,,,
1.96,8.21566,,,1.96,8.21566,8.93848,9.02849,9.07308,,,,,,,,
1.97,8.22355,,,1.97,8.22355,8.9472,9.03733,9.08204,,,,,,,,
1.98,8.2311,,,1.98,8.2311,8.95577,9.04623,9.0909,,,,,,,,
1.99,8.23862,,,1.99,8.23862,8.96439,9.05488,9.09968,,,,,,,,
2.0,8.24597,,,2.0,8.24597,8.97302,9.0635,9.10831,,,,,,,,
2.01,8.2533,,,2.01,8.2533,8.98149,9.07201,9.11696,,,,,,,,
2.02,8.26043,,,2.02,8.26043,8.98962,9.08039,9.12543,,,,,,,,
2.03,8.26735,,,2.03,8.26735,8.99775,9.08866,9.13386,,,,,,,,
2.04,8.27454,,,2.04,8.27454,9.00582,9.09691,9.14211,,,,,,,,
2.05,8.28175,,,2.05,8.28175,9.01383,9.10505,9.15037,,,,,,,,
2.06,8.28857,,,2.06,8.28857,9.02182,9.11314,9.1585,,,,,,,,
2.07,8.2951,,,2.07,8.2951,9.02993,9.12106,9.16661,,,,,,,,
2.08,8.30196,,,2.08,8.30196,9.03758,9.12905,9.1746,,,,,,,,
2.09,8.30881,,,2.09,8.30881,9.04532,9.13682,9.18259,,,,,,,,
2.1,8.31544,,,2.1,8.31544,9.05295,9.14468,9.19045,,,,,,,,
2.11,8.32196,,,2.11,8.32196,9.06044,9.15241,9.19821,,,,,,,,
2.12,8.32856,,,2.12,8.32856,9.06789,9.1601,9.20589,,,,,,,,
2.13,8.33531,,,2.13,8.33531,9.07519,9.16754,9.21357,,,,,,,,
2.14,8.34185,,,2.14,8.34185,9.08251,9.17494,9.2211,,,,,,,,
2.15,8.34833,,,2.15,8.34833,9.08965,9.18232,9.22852,,,,,,,,
2.16,8.35446,,,2.16,8.35446,9.09684,9.18964,9.23593,,,,,,,,
2.17,8.36074,,,2.17,8.36074,9.10399,9.19688,9.24325,,,,,,,,
2.18,8.36683,,,2.18,8.36683,9.111,9.204,9.25053,,,,,,,,
2.19,8.37277,,,2.19,8.37277,9.11799,9.21106,9.25774,,,,,,,,
2.2,8.3791,,,2.2,8.3791,9.12474,9.21815,9.26481,,,,,,,,
2.21,8.38521,,,2.21,8.38521,9.13157,9.225,9.27179,,,,,,,,
2.22,8.39141,,,2.22,8.39141,9.13826,9.23185,9.27872,,,,,,,,
2.23,8.39699,,,2.23,8.39699,9.14496,9.23863,9.28559,,,,,,,,
2.24,8.40278,,,2.24,8.40278,9.15175,9.24533,9.29241,,,,,,,,
2.25,8.40852,,,2.25,8.40852,9.15829,9.25191,9.29919,,,,,,,,
2.26,8.41417,,,2.26,8.41417,9.16488,9.2585,9.30585,,,,,,,,
2.27,8.41939,,,2.27,8.41939,9.17133,9.26499,9.31252,,,,,,,,
2.28,8.42512,,,2.28,8.42512,9.17749,9.27143,9.31898,,,,,,,,
2.29,8.43065,,,2.29,8.43065,9.18379,9.27783,9.32537,,,,,,,,
2.3,8.43657,,,2.3,8.43657,9.18994,9.28426,9.33169,,,,,,,,
2.31,8.44175,,,2.31,8.44175,9.19609,9.29053,9.338,,,,,,,,
2.32,8.44698,,,2.32,8.44698,9.20217,9.2967,9.34418,,,,,,,,
2.33,8.4525,,,2.33,8.4525,9.2082,9.30289,9.35026,,,,,,,,
2.34,8.45738,,,2.34,8.45738,9.21413,9.30893,9.35638,,,,,,,,
2.35,8.4623,,,2.35,8.4623,9.22,9.31501,9.36243,,,,,,,,
2.36,8.46732,,,2.36,8.46732,9.22585,9.32099,9.36847,,,,,,,,
2.37,8.47226,,,2.37,8.47226,9.23158,9.32684,9.37444,,,,,,,,
2.38,8.47724,,,2.38,8.47724,9.23736,9.33261,9.38033,,,,,,,,
2.39,8.48231,,,2.39,8.48231,9.24303,9.33846,9.3861,,,,,,,,
2.4,8.48722,,,2.4,8.48722,9.24869,9.34405,9.39178,,,,,,,,
2.41,8.49245,,,2.41,8.49245,9.25429,9.34962,9.3974,,,,,,,,
2.42,8.49712,,,2.42,8.49712,9.25981,9.35515,9.40307,,,,,,,,
2.43,8.50163,,,2.43,8.50163,9.26536,9.36064,9.40863,,,,,,,,
2.44,8.50604,,,2.44,8.50604,9.27074,9.3662,9.41417,,,,,,,,
2.45,8.51039,,,2.45,8.51039,9.27597,9.37157,9.4196,,,,,,,,
2.46,8.51509,,,2.46,8.51509,9.28123,9.37688,9.42497,,,,,,,,
2.47,8.5197,,,2.47,8.5197,9.28644,9.38215,9.43025,,,,,,,,
2.48,8.52386,,,2.48,8.52386,9.2916,9.38745,9.43547,,,,,,,,
2.49,8.52817,,,2.49,8.52817,9.29667,9.39266,9.44071,,,,,,,,
2.5,8.53242,,,2.5,8.53242,9.30184,9.39774,9.44587,,,,,,,,
2.51,8.53674,,,2.51,8.53674,9.30684,9.40284,9.45097,,,,,,,,
2.52,8.54118,,,2.52,8.54118,9.31181,9.40789,9.45597,,,,,,,,
2.53,8.54548,,,2.53,8.54548,9.31671,9.41299,9.46105,,,,,,,,
2.54,8.5495,,,2.54,8.5495,9.32151,9.41785,9.46604,,,,,,,,
2.55,8.5537,,,2.55,8.5537,9.32643,9.42265,9.47094,,,,,,,,
2.56,8.55759,,,2.56,8.55759,9.33112,9.42748,9.47585,,,,,,,,
2.57,8.56191,,,2.57,8.56191,9.3359,9.43226,9.48075,,,,,,,,
2.58,8.56593,,,2.58,8.56593,9.34052,9.43694,9.48547,,,,,,,,
2.59,8.57035,,,2.59,8.57035,9.34507,9.4416,9.49022,,,,,,,,
2.6,8.57444,,,2.6,8.57444,9.34967,9.4462,9.49491,,,,,,,,
2.61,8.57849,,,2.61,8.57849,9.35395,9.45081,9.49954,,,,,,,,
2.62,8.58245,,,2.62,8.58245,9.35834,9.4553,9.5041,,,,,,,,
2.63,8.58623,,,2.63,8.58623,9.36284,9.4598,9.50864,,,,,,,,
2.64,8.59017,,,2.64,8.59017,9.36721,9.46425,9.51314,,,,,,,,
2.65,8.59394,,,2.65,8.59394,9.37168,9.46873,9.51754,,,,,,,,
2.66,8.59782,,,2.66,8.59782,9.37593,9.47313,9.5219,,,,,,,,
2.67,8.60168,,,2.67,8.60168,9.38009,9.47733,9.52619,,,,,,,,
2.68,8.60516,,,2.68,8.60516,9.38429,9.48173,9.5305,,,,,,,,
2.69,8.60898,,,2.69,8.60898,9.38845,9.48596,9.53475,,,,,,,,
2.7,8.61224,,,2.7,8.61224,9.39254,9.49007,9.53894,,,,,,,,
2.71,8.61554,,,2.71,8.61554,9.39659,9.4943,9.54314,,,,,,,,
2.72,8.61881,,,2.72,8.61881,9.40063,9.49836,9.54725,,,,,,,,
2.73,8.62228,,,2.73,8.62228,9.4046,9.50246,9.55127,,,,,,,,
2.74,8.62578,,,2.74,8.62578,9.40867,9.50645,9.55536,,,,,,,,
2.75,8.62939,,,2.75,8.62939,9.41254,9.51047,9.55937,,,,,,,,
2.76,8.63301,,,2.76,8.63301,9.41641,9.51431,9.56328,,,,,,,,
2.77,8.63652,,,2.77,8.63652,9.42036,9.5182,9.5672,,,,,,,,
2.78,8.64023,,,2.78,8.64023,9.42428,9.52205,9.571,,,,,,,,
2.79,8.64373,,,2.79,8.64373,9.42813,9.52588,9.5748,,,,,,,,
2.8,8.64706,,,2.8,8.64706,9.43186,9.52966,9.5786,,,,,,,,
2.81,8.65026,,,2.81,8.65026,9.43559,9.53337,9.5823,,,,,,,,
2.82,8.6533,,,2.82,8.6533,9.43932,9.53705,9.58599,,,,,,,,
2.83,8.65648,,,2.83,8.65648,9.44289,9.54087,9.58968,,,,,,,,
2.84,8.6596,,,2.84,8.6596,9.44641,9.54456,9.59327,,,,,,,,
2.85,8.66279,,,2.85,8.66279,9.44992,9.5481,9.59687,,,,,,,,
2.86,8.6659,,,2.86,8.6659,9.45335,9.55157,9.60045,,,,,,,,
2.87,8.66907,,,2.87,8.66907,9.45681,9.55512,9.60398,,,,,,,,
2.88,8.67223,,,2.88,8.67223,9.46022,9.55867,9.60749,,,,,,,,
2.89,8.67536,,,2.89,8.67536,9.46355,9.5621,9.61096,,,,,,,,
2.9,8.67811,,,2.9,8.67811,9.46692,9.56544,9.61447,,,,,,,,
2.91,8.68109,,,2.91,8.68109,9.47018,9.56866,9.61787,,,,,,,,
2.92,8.68395,,,2.92,8.68395,9.47352,9.57204,9.6213,,,,,,,,
2.93,8.68702,,,2.93,8.68702,9.47672,9.57546,9.62464,,,,,,,,
2.94,8.69022,,,2.94,8.69022,9.47988,9.57876,9.62797,,,,,,,,
2.95,8.69319,,,2.95,8.69319,9.48308,9.58205,9.63122,,,,,,,,
2.96,8.69567,,,2.96,8.69567,9.48607,9.58527,9.63453,,,,,,,,
2.97,8.69823,,,2.97,8.69823,9.48933,9.58845,9.63777,,,,,,,,
2.98,8.70096,,,2.98,8.70096,9.49256,9.59166,9.64097,,,,,,,,
2.99,8.70379,,,2.99,8.70379,9.49568,9.59481,9.64403,,,,,,,,
3.0,8.70661,,,3.0,8.70661,9.49872,9.59786,9.64717,,,,,,,,
3.01,8.70977,,,3.01,8.70977,9.50175,9.6009,9.6502,,,,,,,,
3.02,8.71276,,,3.02,8.71276,9.50477,9.60393,9.65329,,,,,,,,
3.03,8.71554,,,3.03,8.71554,9.50766,9.60699,9.65632,,,,,,,,
3.04,8.71808,,,3.04,8.71808,9.51048,9.60996,9.65932,,,,,,,,
3.05,8.72052,,,3.05,8.72052,9.51345,9.61286,9.66235,,,,,,,,
3.06,8.72301,,,3.06,8.72301,9.51637,9.61574,9.66535,,,,,,,,
3.07,8.72567,,,3.07,8.72567,9.51923,9.61869,9.66826,,,,,,,,
3.08,8.7285,,,3.08,8.7285,9.52204,9.6215,9.67112,,,,,,,,
3.09,8.73091,,,3.09,8.73091,9.52493,9.62433,9.674,,,,,,,,
3.1,8.73332,,,3.1,8.73332,9.52775,9.62711,9.67679,,,,,,,,
3.11,8.736,,,3.11,8.736,9.53041,9.62979,9.67958,,,,,,,,
3.12,8.73824,,,3.12,8.73824,9.53312,9.63254,9.6824,,,,,,,,
3.13,8.7406,,,3.13,8.7406,9.5358,9.63526,9.6851,,,,,,,,
3.14,8.74299,,,3.14,8.74299,9.53837,9.63783,9.68775,,,,,,,,
3.15,8.74533,,,3.15,8.74533,9.54099,9.64057,9.69037,,,,,,,,
3.16,8.74766,,,3.16,8.74766,9.54353,9.64326,9.69299,,,,,,,,
3.17,8.75016,,,3.17,8.75016,9.54592,9.64583,9.69562,,,,,,,,
3.18,8.75239,,,3.18,8.75239,9.54853,9.64848,9.6982,,,,,,,,
3.19,8.7546,,,3.19,8.7546,9.55122,9.65109,9.70074,,,,,,,,
3.2,8.75713,,,3.2,8.75713,9.55379,9.65369,9.70329,,,,,,,,
3.21,8.75917,,,3.21,8.75917,9.55625,9.65615,9.70579,,,,,,,,
3.22,8.76125,,,3.22,8.76125,9.55876,9.6586,9.70825,,,,,,,,
3.23,8.76364,,,3.23,8.76364,9.56121,9.66094,9.71067,,,,,,,,
3.24,8.76581,,,3.24,8.76581,9.56355,9.66331,9.71307,,,,,,,,
3.25,8.768,,,3.25,8.768,9.5659,9.66566,9.71546,,,,,,,,
3.26,8.7705,,,3.26,8.7705,9.56818,9.6681,9.7178,,,,,,,,
3.27,8.77248,,,3.27,8.77248,9.57041,9.67034,9.72026,,,,,,,,
3.28,8.77458,,,3.28,8.77458,9.57269,9.67267,9.72253,,,,,,,,
3.29,8.77647,,,3.29,8.77647,9.57507,9.67503,9.72483,,,,,,,,
3.3,8.77831,,,3.3,8.77831,9.57726,9.67733,9.72709,,,,,,,,
3.31,8.7804,,,3.31,8.7804,9.57956,9.67955,9.72933,,,,,,,,
3.32,8.7823,,,3.32,8.7823,9.58173,9.68174,9.73156,,,,,,,,
3.33,8.78456,,,3.33,8.78456,9.58382,9.68395,9.73379,,,,,,,,
3.34,8.78645,,,3.34,8.78645,9.58592,9.68613,9.73602,,,,,,,,
3.35,8.78811,,,3.35,8.78811,9.58811,9.68824,9.73815,,,,,,,,
3.36,8.79006,,,3.36,8.79006,9.59006,9.69019,9.74029,,,,,,,,
3.37,8.79209,,,3.37,8.79209,9.592,9.6922,9.7424,,,,,,,,
3.38,8.79388,,,3.38,8.79388,9.59408,9.69429,9.74453,,,,,,,,
3.39,8.79588,,,3.39,8.79588,9.59614,9.69629,9.74664,,,,,,,,
3.4,8.79739,,,3.4,8.79739,9.59803,9.69845,9.74865,,,,,,,,
3.41,8.7989,,,3.41,8.7989,9.60012,9.70043,9.7507,,,,,,,,
3.42,8.8004,,,3.42,8.8004,9.60215,9.7025,9.75276,,,,,,,,
3.43,8.80217,,,3.43,8.80217,9.60423,9.70454,9.75475,,,,,,,,
3.44,8.80394,,,3.44,8.80394,9.60622,9.70652,9.75669,,,,,,,,
3.45,8.80543,,,3.45,8.80543,9.608,9.70855,9.75866,,,,,,,,
3.46,8.80699,,,3.46,8.80699,9.60991,9.7104,9.76058,,,,,,,,
3.47,8.80848,,,3.47,8.80848,9.61179,9.71233,9.7625,,,,,,,,
3.48,8.81004,,,3.48,8.81004,9.61376,9.71428,9.76443,,,,,,,,
3.49,8.812,,,3.49,8.812,9.6155,9.71616,9.76628,,,,,,,,
3.5,8.81367,,,3.5,8.81367,9.61728,9.71798,9.76813,,,,,,,,
3.51,8.81548,,,3.51,8.81548,9.61905,9.7198,9.76993,,,,,,,,
3.52,8.817,,,3.52,8.817,9.62064,9.72158,9.77179,,,,,,,,
3.53,8.81882,,,3.53,8.81882,9.62241,9.72333,9.77356,,,,,,,,
3.54,8.82043,,,3.54,8.82043,9.62411,9.72508,9.77536,,,,,,,,
3.55,8.82186,,,3.55,8.82186,9.62584,9.72687,9.77709,,,,,,,,
3.56,8.82353,,,3.56,8.82353,9.62746,9.72871,9.77885,,,,,,,,
3.57,8.82514,,,3.57,8.82514,9.62912,9.73037,9.78057,,,,,,,,
3.58,8.82663,,,3.58,8.82663,9.63081,9.732,9.78225,,,,,,,,
3.59,8.82809,,,3.59,8.82809,9.6324,9.73367,9.78397,,,,,,,,
3.6,8.82948,,,3.6,8.82948,9.63416,9.73537,9.78571,,,,,,,,
3.61,8.83087,,,3.61,8.83087,9.6358,9.73698,9.78738,,,,,,,,
3.62,8.83237,,,3.62,8.83237,9.63752,9.73862,9.78897,,,,,,,,
3.63,8.83375,,,3.63,8.83375,9.63914,9.74031,9.79051,,,,,,,,
3.64,8.83552,,,3.64,8.83552,9.64091,9.74189,9.79216,,,,,,,,
3.65,8.83681,,,3.65,8.83681,9.64253,9.74354,9.79373,,,,,,,,
3.66,8.83821,,,3.66,8.83821,9.64415,9.74516,9.79529,,,,,,,,
3.67,8.8397,,,3.67,8.8397,9.64575,9.74668,9.79685,,,,,,,,
3.68,8.84099,,,3.68,8.84099,9.64715,9.74825,9.7984,,,,,,,,
3.69,8.84258,,,3.69,8.84258,9.64869,9.74983,9.79994,,,,,,,,
3.7,8.84395,,,3.7,8.84395,9.65015,9.75139,9.80156,,,,,,,,
3.71,8.84504,,,3.71,8.84504,9.65155,9.75285,9.8031,,,,,,,,
3.72,8.84619,,,3.72,8.84619,9.65318,9.75434,9.80456,,,,,,,,
3.73,8.8473,,,3.73,8.8473,9.65477,9.75585,9.80608,,,,,,,,
3.74,8.8483,,,3.74,8.8483,9.65625,9.75723,9.80754,,,,,,,,
3.75,8.84957,,,3.75,8.84957,9.65759,9.75879,9.80894,,,,,,,,
3.76,8.85119,,,3.76,8.85119,9.65908,9.76015,9.81032,,,,,,,,
3.77,8.85267,,,3.77,8.85267,9.66061,9.76149,9.81181,,,,,,,,
3.78,8.8539,,,3.78,8.8539,9.66208,9.76301,9.81315,,,,,,,,
3.79,8.8549,,,3.79,8.8549,9.66332,9.76443,9.81449,,,,,,,,
3.8,8.85598,,,3.8,8.85598,9.66475,9.76578,9.8159,,,,,,,,
3.81,8.85718,,,3.81,8.85718,9.66622,9.76697,9.81734,,,,,,,,
3.82,8.85877,,,3.82,8.85877,9.66758,9.76835,9.81876,,,,,,,,
3.83,8.85995,,,3.83,8.85995,9.66893,9.76968,9.82009,,,,,,,,
3.84,8.86114,,,3.84,8.86114,9.67033,9.77096,9.82137,,,,,,,,
3.85,8.86214,,,3.85,8.86214,9.67159,9.77217,9.82261,,,,,,,,
3.86,8.86323,,,3.86,8.86323,9.67291,9.77338,9.82392,,,,,,,,
3.87,8.86417,,,3.87,8.86417,9.67423,9.77465,9.82518,,,,,,,,
3.88,8.86533,,,3.88,8.86533,9.67538,9.77602,9.82636,,,,,,,,
3.89,8.86634,,,3.89,8.86634,9.67667,9.77726,9.82761,,,,,,,,
3.9,8.86756,,,3.9,8.86756,9.67804,9.77846,9.82886,,,,,,,,
3.91,8.8686,,,3.91,8.8686,9.67925,9.77967,9.83008,,,,,,,,
3.92,8.86954,,,3.92,8.86954,9.68031,9.78087,9.8313,,,,,,,,
3.93,8.87076,,,3.93,8.87076,9.6816,9.78204,9.83249,,,,,,,,
3.94,8.87178,,,3.94,8.87178,9.68277,9.7832,9.83363,,,,,,,,
3.95,8.873,,,3.95,8.873,9.68394,9.78433,9.83479,,,,,,,,
3.96,8.87424,,,3.96,8.87424,9.68488,9.78539,9.83607,,,,,,,,
3.97,8.87548,,,3.97,8.87548,9.6862,9.78653,9.8372,,,,,,,,
3.98,8.87625,,,3.98,8.87625,9.68709,9.78774,9.8383,,,,,,,,
3.99,8.87705,,,3.99,8.87705,9.68826,9.78881,9.8394,,,,,,,,
4.0,8.87809,,,4.0,8.87809,9.68931,9.78999,9.8405,,,,,,,,
4.01,8.87908,,,4.01,8.87908,9.69055,9.79114,9.84162,,,,,,,,
4.02,8.8802,,,4.02,8.8802,9.69161,9.79222,9.84271,,,,,,,,
4.03,8.88115,,,4.03,8.88115,9.6926,9.79336,9.84377,,,,,,,,
4.04,8.88174,,,4.04,8.88174,9.69357,9.79433,9.84483,,,,,,,,
4.05,8.88276,,,4.05,8.88276,9.6944,9.79526,9.84585,,,,,,,,
4.06,8.88327,,,4.06,8.88327,9.69544,9.79625,9.84687,,,,,,,,
4.07,8.88422,,,4.07,8.88422,9.69658,9.79721,9.84785,,,,,,,,
4.08,8.88502,,,4.08,8.88502,9.69747,9.79817,9.84885,,,,,,,,
4.09,8.88588,,,4.09,8.88588,9.69851,9.79914,9.84987,,,,,,,,
4.1,8.88676,,,4.1,8.88676,9.69949,9.80015,9.85084,,,,,,,,
4.11,8.88781,,,4.11,8.88781,9.70058,9.80107,9.85183,,,,,,,,
4.12,8.88885,,,4.12,8.88885,9.70162,9.80201,9.85282,,,,,,,,
4.13,8.88969,,,4.13,8.88969,9.70242,9.80303,9.85379,,,,,,,,
4.14,8.89037,,,4.14,8.89037,9.70335,9.80417,9.85476,,,,,,,,
4.15,8.89112,,,4.15,8.89112,9.70428,9.80514,9.85562,,,,,,,,
4.16,8.89209,,,4.16,8.89209,9.70495,9.80604,9.85666,,,,,,,,
4.17,8.89311,,,4.17,8.89311,9.70581,9.80685,9.85755,,,,,,,,
4.18,8.89364,,,4.18,8.89364,9.70669,9.80773,9.85842,,,,,,,,
4.19,8.8945,,,4.19,8.8945,9.70754,9.80869,9.85933,,,,,,,,
4.2,8.89542,,,4.2,8.89542,9.70839,9.80961,9.86025,,,,,,,,
4.21,8.8964,,,4.21,8.8964,9.70928,9.81047,9.86124,,,,,,,,
4.22,8.89736,,,4.22,8.89736,9.71012,9.81131,9.86215,,,,,,,,
4.23,8.89833,,,4.23,8.89833,9.71089,9.81214,9.86306,,,,,,,,
4.24,8.89886,,,4.24,8.89886,9.71172,9.81306,9.86394,,,,,,,,
4.25,8.89946,,,4.25,8.89946,9.71245,9.81381,9.86489,,,,,,,,
4.26,8.90037,,,4.26,8.90037,9.71329,9.81453,9.86569,,,,,,,,
4.27,8.90103,,,4.27,8.90103,9.7141,9.81539,9.86651,,,,,,,,
4.28,8.90154,,,4.28,8.90154,9.71487,9.81619,9.86731,,,,,,,,
4.29,8.90221,,,4.29,8.90221,9.7156,9.81703,9.86813,,,,,,,,
4.3,8.9027,,,4.3,8.9027,9.71628,9.81787,9.86896,,,,,,,,
4.31,8.90342,,,4.31,8.90342,9.71696,9.81854,9.86977,,,,,,,,
4.32,8.90382,,,4.32,8.90382,9.7178,9.81935,9.87061,,,,,,,,
4.33,8.90428,,,4.33,8.90428,9.71859,9.82014,9.8714,,,,,,,,
4.34,8.90481,,,4.34,8.90481,9.71924,9.82087,9.8722,,,,,,,,
4.35,8.9058,,,4.35,8.9058,9.71983,9.82172,9.87298,,,,,,,,
4.36,8.90661,,,4.36,8.90661,9.72059,9.8224,9.87376,,,,,,,,
4.37,8.90721,,,4.37,8.90721,9.72126,9.82322,9.8745,,,,,,,,
4.38,8.90787,,,4.38,8.90787,9.72217,9.82391,9.8752,,,,,,,,
4.39,8.90851,,,4.39,8.90851,9.72297,9.82471,9.87599,,,,,,,,
4.4,8.90903,,,4.4,8.90903,9.72375,9.82541,9.87681,,,,,,,,
4.41,8.90956,,,4.41,8.90956,9.72435,9.82603,9.87754,,,,,,,,
4.42,8.9099,,,4.42,8.9099,9.72486,9.82671,9.87823,,,,,,,,
4.43,8.91016,,,4.43,8.91016,9.72561,9.82747,9.8789,,,,,,,,
4.44,8.91067,,,4.44,8.91067,9.72644,9.82808,9.87958,,,,,,,,
4.45,8.91112,,,4.45,8.91112,9.72711,9.82881,9.88031,,,,,,,,
4.46,8.91129,,,4.46,8.91129,9.72766,9.82954,9.881,,,,,,,,
4.47,8.91192,,,4.47,8.91192,9.72826,9.8302,9.88168,,,,,,,,
4.48,8.91271,,,4.48,8.91271,9.72885,9.83091,9.88236,,,,,,,,
4.49,8.91336,,,4.49,8.91336,9.72947,9.83171,9.88302,,,,,,,,
4.5,8.91371,,,4.5,8.91371,9.73021,9.83239,9.88362,,,,,,,,
4.51,8.91467,,,4.51,8.91467,9.731,9.83303,9.88428,,,,,,,,
4.52,8.91532,,,4.52,8.91532,9.73148,9.83376,9.88488,,,,,,,,
4.53,8.91583,,,4.53,8.91583,9.73204,9.83443,9.88559,,,,,,,,
4.54,8.91647,,,4.54,8.91647,9.73278,9.83498,9.88624,,,,,,,,
4.55,8.9169,,,4.55,8.9169,9.73339,9.83572,9.88684,,,,,,,,
4.56,8.91749,,,4.56,8.91749,9.73413,9.83629,9.88738,,,,,,,,
4.57,8.91794,,,4.57,8.91794,9.73468,9.83678,9.88807,,,,,,,,
4.58,8.91858,,,4.58,8.91858,9.73519,9.83744,9.88868,,,,,,,,
4.59,8.91912,,,4.59,8.91912,9.73573,9.83802,9.88932,,,,,,,,
4.6,8.91974,,,4.6,8.91974,9.7362,9.83863,9.88998,,,,,,,,
4.61,8.92007,,,4.61,8.92007,9.73675,9.83915,9.89063,,,,,,,,
4.62,8.92046,,,4.62,8.92046,9.73732,9.83973,9.89124,,,,,,,,
4.63,8.92121,,,4.63,8.92121,9.7378,9.84031,9.89183,,,,,,,,
4.64,8.92154,,,4.64,8.92154,9.73833,9.84089,9.89242,,,,,,,,
4.65,8.92211,,,4.65,8.92211,9.73884,9.84143,9.89295,,,,,,,,
4.66,8.92245,,,4.66,8.92245,9.73933,9.84201,9.89359,,,,,,,,
4.67,8.92276,,,4.67,8.92276,9.73977,9.84256,9.89415,,,,,,,,
4.68,8.92337,,,4.68,8.92337,9.74034,9.84303,9.89469,,,,,,,,
4.69,8.92403,,,4.69,8.92403,9.74093,9.84362,9.89523,,,,,,,,
4.7,8.9248,,,4.7,8.9248,9.74147,9.84412,9.89576,,,,,,,,
4.71,8.92525,,,4.71,8.92525,9.74188,9.84466,9.89639,,,,,,,,
4.72,8.92577,,,4.72,8.92577,9.74241,9.84515,9.89697,,,,,,,,
4.73,8.92593,,,4.73,8.92593,9.74311,9.84571,9.89748,,,,,,,,
4.74,8.92678,,,4.74,8.92678,9.74373,9.84618,9.89797,,,,,,,,
4.75,8.92726,,,4.75,8.92726,9.74428,9.84668,9.89848,,,,,,,,
4.76,8.92771,,,4.76,8.92771,9.74466,9.84722,9.89892,,,,,,,,
4.77,8.92823,,,4.77,8.92823,9.74516,9.84774,9.89945,,,,,,,,
4.78,8.92856,,,4.78,8.92856,9.74574,9.84824,9.89997,,,,,,,,
4.79,8.92942,,,4.79,8.92942,9.74626,9.84872,9.90053,,,,,,,,
4.8,8.93027,,,4.8,8.93027,9.74674,9.84929,9.90096,,,,,,,,
4.81,8.93065,,,4.81,8.93065,9.74718,9.84974,9.9014,,,,,,,,
4.82,8.93119,,,4.82,8.93119,9.74776,9.85028,9.90185,,,,,,,,
4.83,8.93179,,,4.83,8.93179,9.74834,9.85075,9.90228,,,,,,,,
4.84,8.93214,,,4.84,8.93214,9.74867,9.85132,9.90277,,,,,,,,
4.85,8.93255,,,4.85,8.93255,9.74897,9.85172,9.90316,,,,,,,,
4.86,8.93297,,,4.86,8.93297,9.74952,9.85226,9.9036,,,,,,,,
4.87,8.93339,,,4.87,8.93339,9.74989,9.85274,9.90404,,,,,,,,
4.88,8.93332,,,4.88,8.93332,9.75032,9.85311,9.90452,,,,,,,,
4.89,8.93381,,,4.89,8.93381,9.75084,9.85362,9.90502,,,,,,,,
4.9,8.93436,,,4.9,8.93436,9.75147,9.85396,9.90546,,,,,,,,
4.91,8.93464,,,4.91,8.93464,9.75196,9.8544,9.90586,,,,,,,,
4.92,8.93482,,,4.92,8.93482,9.75226,9.85482,9.90626,,,,,,,,
4.93,8.93523,,,4.93,8.93523,9.75272,9.85524,9.90668,,,,,,,,
4.94,8.93577,,,4.94,8.93577,9.75313,9.85564,9.90711,,,,,,,,
4.95,8.93628,,,4.95,8.93628,9.75361,9.85606,9.90749,,,,,,,,
4.96,8.93673,,,4.96,8.93673,9.75402,9.85645,9.90799,,,,,,,,
4.97,8.93679,,,4.97,8.93679,9.75443,9.85688,9.90837,,,,,,,,
4.98,8.93697,,,4.98,8.93697,9.75485,9.85727,9.90884,,,,,,,,
4.99,8.93743,,,4.99,8.93743,9.75532,9.85763,9.9092,,,,,,,,
5.0,8.93759,,,5.0,8.93759,9.75584,9.85806,9.90952,,,,,,,,
5.01,8.9379,,,5.01,8.9379,9.75624,9.85852,9.90995,,,,,,,,
5.02,8.93824,,,5.02,8.93824,9.75674,9.85896,9.9103,,,,,,,,
5.03,8.93832,,,5.03,8.93832,9.75718,9.85928,9.91075,,,,,,,,
5.04,8.9387,,,5.04,8.9387,9.75751,9.85963,9.91116,,,,,,,,
5.05,8.939,,,5.05,8.939,9.7578,9.86003,9.91154,,,,,,,,
5.06,8.93933,,,5.06,8.93933,9.75817,9.86038,9.91197,,,,,,,,
5.07,8.93936,,,5.07,8.93936,9.75868,9.86075,9.91241,,,,,,,,
5.08,8.9399,,,5.08,8.9399,9.7591,9.861,9.91277,,,,,,,,
5.09,8.94016,,,5.09,8.94016,9.75934,9.8614,9.91307,,,,,,,,
5.1,8.94055,,,5.1,8.94055,9.75971,9.86182,9.91338,,,,,,,,
5.11,8.94059,,,5.11,8.94059,9.76016,9.86221,9.91371,,,,,,,,
5.12,8.94099,,,5.12,8.94099,9.76052,9.8625,9.91411,,,,,,,,
5.13,8.94123,,,5.13,8.94123,9.7608,9.86282,9.91442,,,,,,,,
5.14,8.94198,,,5.14,8.94198,9.7611,9.86314,9.91473,,,,,,,,
5.15,8.94234,,,5.15,8.94234,9.7614,9.86358,9.9151,,,,,,,,
5.16,8.94267,,,5.16,8.94267,9.76179,9.86392,9.91543,,,,,,,,
5.17,8.94317,,,5.17,8.94317,9.76205,9.86421,9.91572,,,,,,,,
5.18,8.94362,,,5.18,8.94362,9.76223,9.86454,9.91601,,,,,,,,
5.19,8.94404,,,5.19,8.94404,9.7627,9.86482,9.91635,,,,,,,,
5.2,8.94447,,,5.2,8.94447,9.76288,9.86521,9.91671,,,,,,,,
5.21,8.94454,,,5.21,8.94454,9.76306,9.8655,9.91696,,,,,,,,
5.22,8.94488,,,5.22,8.94488,9.76345,9.86569,9.91728,,,,,,,,
5.23,8.94508,,,5.23,8.94508,9.76379,9.8659,9.91761,,,,,,,,
5.24,8.94506,,,5.24,8.94506,9.76408,9.86619,9.91786,,,,,,,,
5.25,8.94533,,,5.25,8.94533,9.76443,9.86646,9.91817,,,,,,,,
5.26,8.94549,,,5.26,8.94549,9.76486,9.86674,9.91845,,,,,,,,
5.27,8.94556,,,5.27,8.94556,9.76526,9.86715,9.91879,,,,,,,,
5.28,8.94603,,,5.28,8.94603,9.76534,9.86743,9.91912,,,,,,,,
5.29,8.94645,,,5.29,8.94645,9.76568,9.86774,9.9194,,,,,,,,
5.3,8.94695,,,5.3,8.94695,9.76601,9.86812,9.91975,,,,,,,,
5.31,8.94698,,,5.31,8.94698,9.76647,9.86846,9.92006,,,,,,,,
5.32,8.94727,,,5.32,8.94727,9.76682,9.86871,9.92039,,,,,,,,
5.33,8.94759,,,5.33,8.94759,9.7672,9.869,9.92068,,,,,,,,
5.34,8.94807,,,5.34,8.94807,9.76763,9.86931,9.92087,,,,,,,,
5.35,8.94833,,,5.35,8.94833,9.76788,9.86949,9.92112,,,,,,,,
5.36,8.94856,,,5.36,8.94856,9.76822,9.86976,9.92147,,,,,,,,
5.37,8.94869,,,5.37,8.94869,9.76843,9.87005,9.9218,,,,,,,,
5.38,8.94875,,,5.38,8.94875,9.7688,9.87035,9.92208,,,,,,,,
5.39,8.94915,,,5.39,8.94915,9.76902,9.87059,9.92234,,,,,,,,
5.4,8.94952,,,5.4,8.94952,9.76945,9.8708,9.92257,,,,,,,,
5.41,8.94972,,,5.41,8.94972,9.76977,9.8711,9.92279,,,,,,,,
5.42,8.95015,,,5.42,8.95015,9.76988,9.87138,9.92312,,,,,,,,
5.43,8.95048,,,5.43,8.95048,9.77011,9.8716,9.9234,,,,,,,,
5.44,8.95071,,,5.44,8.95071,9.77036,9.87192,9.92367,,,,,,,,
5.45,8.95091,,,5.45,8.95091,9.77055,9.8721,9.92386,,,,,,,,
5.46,8.95103,,,5.46,8.95103,9.77069,9.87229,9.92411,,,,,,,,
5.47,8.95095,,,5.47,8.95095,9.77107,9.87257,9.92441,,,,,,,,
5.48,8.95137,,,5.48,8.95137,9.77117,9.87288,9.92462,,,,,,,,
5.49,8.95163,,,5.49,8.95163,9.77129,9.87316,9.92487,,,,,,,,
5.5,8.95173,,,5.5,8.95173,9.77145,9.87333,9.92519,,,,,,,,
5.51,8.95211,,,5.51,8.95211,9.77168,9.87359,9.92539,,,,,,,,
5.52,8.95253,,,5.52,8.95253,9.77183,9.87381,9.92556,,,,,,,,
5.53,8.95284,,,5.53,8.95284,9.77199,9.87406,9.92577,,,,,,,,
5.54,8.95264,,,5.54,8.95264,9.77213,9.87437,9.92602,,,,,,,,
5.55,8.95264,,,5.55,8.95264,9.77237,9.87465,9.92621,,,,,,,,
5.56,8.95269,,,5.56,8.95269,9.77264,9.87487,9.9264,,,,,,,,
5.57,8.95267,,,5.57,8.95267,9.77297,9.87523,9.92666,,,,,,,,
5.58,8.95286,,,5.58,8.95286,9.77324,9.87548,9.92692,,,,,,,,
5.59,8.95305,,,5.59,8.95305,9.77337,9.87577,9.92713,,,,,,,,
5.6,8.95288,,,5.6,8.95288,9.77358,9.87598,9.92735,,,,,,,,
5.61,8.95318,,,5.61,8.95318,9.77386,9.87621,9.92757,,,,,,,,
5.62,8.95358,,,5.62,8.95358,9.77414,9.87646,9.92772,,,,,,,,
5.63,8.95341,,,5.63,8.95341,9.77418,9.87668,9.92798,,,,,,,,
5.64,8.95356,,,5.64,8.95356,9.77427,9.87695,9.92814,,,,,,,,
5.65,8.95355,,,5.65,8.95355,9.7746,9.87718,9.92837,,,,,,,,
5.66,8.95378,,,5.66,8.95378,9.775,9.87732,9.92867,,,,,,,,
5.67,8.9542,,,5.67,8.9542,9.77519,9.87752,9.92894,,,,,,,,
5.68,8.95437,,,5.68,8.95437,9.77541,9.8777,9.92915,,,,,,,,
5.69,8.95466,,,5.69,8.95466,9.77565,9.87785,9.9294,,,,,,,,
5.7,8.95501,,,5.7,8.95501,9.7759,9.87798,9.92954,,,,,,,,
5.71,8.955,,,5.71,8.955,9.77592,9.87819,9.92973,,,,,,,,
5.72,8.95499,,,5.72,8.95499,9.77616,9.87832,9.92991,,,,,,,,
5.73,8.95525,,,5.73,8.95525,9.7762,9.87848,9.93003,,,,,,,,
5.74,8.95522,,,5.74,8.95522,9.77653,9.87867,9.93024,,,,,,,,
5.75,8.9554,,,5.75,8.9554,9.77673,9.87883,9.93044,,,,,,,,
5.76,8.95553,,,5.76,8.95553,9.77682,9.87896,9.93067,,,,,,,,
5.77,8.95573,,,5.77,8.95573,9.77707,9.87916,9.93086,,,,,,,,
5.78,8.95567,,,5.78,8.95567,9.77724,9.87929,9.931,,,,,,,,
5.79,8.95587,,,5.79,8.95587,9.77733,9.87945,9.93119,,,,,,,,
5.8,8.95626,,,5.8,8.95626,9.77756,9.8797,9.93132,,,,,,,,
5.81,8.95682,,,5.81,8.95682,9.77767,9.87983,9.93148,,,,,,,,
5.82,8.957,,,5.82,8.957,9.7778,9.87995,9.93157,,,,,,,,
5.83,8.95706,,,5.83,8.95706,9.77786,9.88012,9.93166,,,,,,,,
5.84,8.95727,,,5.84,8.95727,9.77811,9.88034,9.93179,,,,,,,,
5.85,8.95753,,,5.85,8.95753,9.77818,9.88051,9.93203,,,,,,,,
5.86,8.95758,,,5.86,8.95758,9.77835,9.88057,9.93221,,,,,,,,
5.87,8.95771,,,5.87,8.95771,9.77858,9.88078,9.93248,,,,,,,,
5.88,8.95756,,,5.88,8.95756,9.77872,9.88096,9.93264,,,,,,,,
5.89,8.95772,,,5.89,8.95772,9.77887,9.88103,9.93284,,,,,,,,
5.9,8.95769,,,5.9,8.95769,9.77895,9.8812,9.93305,,,,,,,,
5.91,8.95801,,,5.91,8.95801,9.77914,9.88136,9.93321,,,,,,,,
5.92,8.95823,,,5.92,8.95823,9.77944,9.88144,9.93339,,,,,,,,
5.93,8.9582,,,5.93,8.9582,9.77951,9.88151,9.93354,,,,,,,,
5.94,8.95818,,,5.94,8.95818,9.77961,9.88171,9.93375,,,,,,,,
5.95,8.95824,,,5.95,8.95824,9.77962,9.88196,9.93386,,,,,,,,
5.96,8.95849,,,5.96,8.95849,9.77977,9.88223,9.93408,,,,,,,,
5.97,8.9585,,,5.97,8.9585,9.77993,9.88239,9.93425,,,,,,,,
5.98,8.95876,,,5.98,8.95876,9.77998,9.88261,9.93444,,,,,,,,
5.99,8.95884,,,5.99,8.95884,9.7801,9.88274,9.93459,,,,,,,,
6.0,8.95896,,,6.0,8.95896,9.78012,9.88283,9.93476,,,,,,,,
6.01,8.95897,,,6.01,8.95897,9.78024,9.88304,9.93484,,,,,,,,
6.02,8.95918,,,6.02,8.95918,9.78036,9.88315,9.93502,,,,,,,,
6.03,8.95952,,,6.03,8.95952,9.78048,9.88334,9.93512,,,,,,,,
6.04,8.9595,,,6.04,8.9595,9.78055,9.88345,9.93524,,,,,,,,
6.05,8.95969,,,6.05,8.95969,9.7808,9.88366,9.9354,,,,,,,,
6.06,8.95976,,,6.06,8.95976,9.78108,9.8838,9.93556,,,,,,,,
6.07,8.95986,,,6.07,8.95986,9.78119,9.88388,9.93573,,,,,,,,
6.08,8.95985,,,6.08,8.95985,9.78139,9.88393,9.93591,,,,,,,,
6.09,8.95986,,,6.09,8.95986,9.78157,9.88406,9.936,,,,,,,,
6.1,8.9596,,,6.1,8.9596,9.78167,9.88419,9.93603,,,,,,,,
6.11,8.95955,,,6.11,8.95955,9.78175,9.88441,9.93622,,,,,,,,
6.12,8.95993,,,6.12,8.95993,9.78189,9.88454,9.93636,,,,,,,,
6.13,8.96004,,,6.13,8.96004,9.78191,9.88472,9.93646,,,,,,,,
6.14,8.96035,,,6.14,8.96035,9.78208,9.88484,9.93663,,,,,,,,
6.15,8.96068,,,6.15,8.96068,9.78216,9.885,9.93678,,,,,,,,
6.16,8.96072,,,6.16,8.96072,9.78222,9.88518,9.93688,,,,,,,,
6.17,8.96082,,,6.17,8.96082,9.78249,9.88526,9.93698,,,,,,,,
6.18,8.96072,,,6.18,8.96072,9.78259,9.88545,9.93711,,,,,,,,
6.19,8.96068,,,6.19,8.96068,9.7826,9.88563,9.93724,,,,,,,,
6.2,8.96064,,,6.2,8.96064,9.78274,9.88579,9.93739,,,,,,,,
6.21,8.96057,,,6.21,8.96057,9.78298,9.88594,9.93747,,,,,,,,
6.22,8.96044,,,6.22,8.96044,9.78301,9.88597,9.93755,,,,,,,,
6.23,8.9604,,,6.23,8.9604,9.78311,9.88611,9.93762,,,,,,,,
6.24,8.96019,,,6.24,8.96019,9.78322,9.88624,9.93772,,,,,,,,
6.25,8.95999,,,6.25,8.95999,9.78324,9.88634,9.93786,,,,,,,,
6.26,8.96028,,,6.26,8.96028,9.78326,9.8865,9.938,,,,,,,,
6.27,8.96016,,,6.27,8.96016,9.7834,9.88656,9.9381,,,,,,,,
6.28,8.96019,,,6.28,8.96019,9.78344,9.8867,9.93817,,,,,,,,
6.29,8.96027,,,6.29,8.96027,9.7835,9.88669,9.93822,,,,,,,,
6.3,8.96038,,,6.3,8.96038,9.78348,9.8868,9.93838,,,,,,,,
6.31,8.96028,,,6.31,8.96028,9.78353,9.8869,9.93854,,,,,,,,
6.32,8.96074,,,6.32,8.96074,9.78361,9.88696,9.93869,,,,,,,,
6.33,8.96062,,,6.33,8.96062,9.78369,9.88704,9.93881,,,,,,,,
6.34,8.96069,,,6.34,8.96069,9.78386,9.88701,9.9389,,,,,,,,
6.35,8.96082,,,6.35,8.96082,9.78407,9.88707,9.93899,,,,,,,,
6.36,8.96073,,,6.36,8.96073,9.78432,9.88716,9.9392,,,,,,,,
6.37,8.9608,,,6.37,8.9608,9.78435,9.88735,9.93927,,,,,,,,
6.38,8.9608,,,6.38,8.9608,9.78449,9.8876,9.93941,,,,,,,,
6.39,8.9606,,,6.39,8.9606,9.78452,9.88775,9.93953,,,,,,,,
6.4,8.9609,,,6.4,8.9609,9.78458,9.88789,9.93969,,,,,,,,
6.41,8.9609,,,6.41,8.9609,9.7847,9.88805,9.93981,,,,,,,,
6.42,8.96073,,,6.42,8.96073,9.78486,9.88814,9.93996,,,,,,,,
6.43,8.9607,,,6.43,8.9607,9.78491,9.88826,9.93996,,,,,,,,
6.44,8.96069,,,6.44,8.96069,9.7851,9.8884,9.94007,,,,,,,,
6.45,8.96085,,,6.45,8.96085,9.78523,9.88854,9.94012,,,,,,,,
6.46,8.96061,,,6.46,8.96061,9.78531,9.88862,9.94011,,,,,,,,
6.47,8.96082,,,6.47,8.96082,9.78537,9.88877,9.9402,,,,,,,,
6.48,8.96072,,,6.48,8.96072,9.78549,9.88884,9.94022,,,,,,,,
6.49,8.96091,,,6.49,8.96091,9.78556,9.88892,9.94033,,,,,,,,
6.5,8.96092,,,6.5,8.96092,9.78567,9.88905,9.9404,,,,,,,,
6.51,8.96094,,,6.51,8.96094,9.78572,9.8891,9.94046,,,,,,,,
6.52,8.96141,,,6.52,8.96141,9.78575,9.88919,9.94061,,,,,,,,
6.53,8.96158,,,6.53,8.96158,9.78596,9.88922,9.94071,,,,,,,,
6.54,8.9617,,,6.54,8.9617,9.78616,9.88929,9.94074,,,,,,,,
6.55,8.96172,,,6.55,8.96172,9.78623,9.88931,9.94078,,,,,,,,
6.56,8.96168,,,6.56,8.96168,9.78606,9.88945,9.94088,,,,,,,,
6.57,8.96157,,,6.57,8.96157,9.78612,9.88947,9.94097,,,,,,,,
6.58,8.96147,,,6.58,8.96147,9.78607,9.88964,9.94116,,,,,,,,
6.59,8.96161,,,6.59,8.96161,9.78608,9.88975,9.94121,,,,,,,,
6.6,8.96155,,,6.6,8.96155,9.78602,9.8898,9.94124,,,,,,,,
6.61,8.96205,,,6.61,8.96205,9.78601,9.88986,9.9414,,,,,,,,
6.62,8.96197,,,6.62,8.96197,9.78607,9.89,9.94147,,,,,,,,
6.63,8.9618,,,6.63,8.9618,9.78604,9.8901,9.94153,,,,,,,,
6.64,8.96195,,,6.64,8.96195,9.78615,9.8901,9.94162,,,,,,,,
6.65,8.96209,,,6.65,8.96209,9.78623,9.89024,9.94165,,,,,,,,
6.66,8.96227,,,6.66,8.96227,9.78629,9.89035,9.94175,,,,,,,,
6.67,8.96267,,,6.67,8.96267,9.78624,9.89031,9.9418,,,,,,,,
6.68,8.96236,,,6.68,8.96236,9.78625,9.89038,9.94191,,,,,,,,
6.69,8.96269,,,6.69,8.96269,9.78632,9.8904,9.94195,,,,,,,,
6.7,8.96306,,,6.7,8.96306,9.78635,9.89052,9.94207,,,,,,,,
6.71,8.96297,,,6.71,8.96297,9.78667,9.89061,9.94204,,,,,,,,
6.72,8.96305,,,6.72,8.96305,9.78684,9.8906,9.94204,,,,,,,,
6.73,8.96297,,,6.73,8.96297,9.78682,9.89059,9.942,,,,,,,,
6.74,8.96318,,,6.74,8.96318,9.78703,9.89052,9.94199,,,,,,,,
6.75,8.96337,,,6.75,8.96337,9.78718,9.89058,9.94204,,,,,,,,
6.76,8.96345,,,6.76,8.96345,9.7873,9.89067,9.9421,,,,,,,,
6.77,8.96317,,,6.77,8.96317,9.7873,9.89073,9.94218,,,,,,,,
6.78,8.96324,,,6.78,8.96324,9.78729,9.89074,9.94221,,,,,,,,
6.79,8.96334,,,6.79,8.96334,9.78732,9.89089,9.94227,,,,,,,,
6.8,8.96312,,,6.8,8.96312,9.78738,9.89096,9.94241,,,,,,,,
6.81,8.96338,,,6.81,8.96338,9.78719,9.8909,9.94252,,,,,,,,
6.82,8.96369,,,6.82,8.96369,9.78722,9.89103,9.94258,,,,,,,,
6.83,8.96382,,,6.83,8.96382,9.78729,9.89111,9.94261,,,,,,,,
6.84,8.96369,,,6.84,8.96369,9.78739,9.89119,9.9427,,,,,,,,
6.85,8.96424,,,6.85,8.96424,9.78762,9.89128,9.94282,,,,,,,,
6.86,8.96432,,,6.86,8.96432,9.78774,9.89142,9.94293,,,,,,,,
6.87,8.9642,,,6.87,8.9642,9.7879,9.89152,9.943,,,,,,,,
6.88,8.9643,,,6.88,8.9643,9.78798,9.89165,9.94308,,,,,,,,
6.89,8.96421,,,6.89,8.96421,9.78806,9.89169,9.94315,,,,,,,,
6.9,8.96403,,,6.9,8.96403,9.7883,9.8917,9.94325,,,,,,,,
6.91,8.96421,,,6.91,8.96421,9.78841,9.89166,9.94335,,,,,,,,
6.92,8.96399,,,6.92,8.96399,9.7885,9.89181,9.94337,,,,,,,,
6.93,8.96399,,,6.93,8.96399,9.78854,9.89178,9.94339,,,,,,,,
6.94,8.96378,,,6.94,8.96378,9.78855,9.89187,9.94348,,,,,,,,
6.95,8.9637,,,6.95,8.9637,9.78858,9.89189,9.94352,,,,,,,,
6.96,8.96373,,,6.96,8.96373,9.78869,9.89205,9.94353,,,,,,,,
6.97,8.9637,,,6.97,8.9637,9.78889,9.8921,9.9437,,,,,,,,
6.98,8.96387,,,6.98,8.96387,9.78885,9.8921,9.94377,,,,,,,,
6.99,8.96391,,,6.99,8.96391,9.7889,9.89211,9.94382,,,,,,,,
7.0,8.96429,,,7.0,8.96429,9.78889,9.89206,9.94386,,,,,,,,
7.01,8.96441,,,7.01,8.96441,9.7891,9.89217,9.94389,,,,,,,,
7.02,8.96433,,,7.02,8.96433,9.78927,9.89217,9.94392,,,,,,,,
7.03,8.9644,,,7.03,8.9644,9.78932,9.89224,9.94399,,,,,,,,
7.04,8.96437,,,7.04,8.96437,9.78945,9.89218,9.94399,,,,,,,,
7.05,8.96424,,,7.05,8.96424,9.78966,9.89213,9.94405,,,,,,,,
7.06,8.96456,,,7.06,8.96456,9.7896,9.89213,9.94409,,,,,,,,
7.07,8.96462,,,7.07,8.96462,9.78964,9.89222,9.94411,,,,,,,,
7.08,8.96481,,,7.08,8.96481,9.78967,9.89227,9.94413,,,,,,,,
7.09,8.96489,,,7.09,8.96489,9.78971,9.89226,9.94417,,,,,,,,
7.1,8.96498,,,7.1,8.96498,9.78979,9.89233,9.94427,,,,,,,,
7.11,8.96519,,,7.11,8.96519,9.78971,9.89235,9.9443,,,,,,,,
7.12,8.9653,,,7.12,8.9653,9.78973,9.8924,9.94443,,,,,,,,
7.13,8.96507,,,7.13,8.96507,9.7897,9.89236,9.94448,,,,,,,,
7.14,8.96521,,,7.14,8.96521,9.78971,9.89238,9.94451,,,,,,,,
7.15,8.96539,,,7.15,8.96539,9.7898,9.89241,9.94452,,,,,,,,
7.16,8.9659,,,7.16,8.9659,9.78962,9.89254,9.94457,,,,,,,,
7.17,8.96592,,,7.17,8.96592,9.78967,9.89251,9.94454,,,,,,,,
7.18,8.96609,,,7.18,8.96609,9.78986,9.89249,9.94457,,,,,,,,
7.19,8.96588,,,7.19,8.96588,9.78988,9.89253,9.94462,,,,,,,,
7.2,8.96578,,,7.2,8.96578,9.79011,9.8926,9.94473,,,,,,,,
7.21,8.96552,,,7.21,8.96552,9.79012,9.89275,9.94474,,,,,,,,
7.22,8.96551,,,7.22,8.96551,9.79017,9.89279,9.94479,,,,,,,,
7.23,8.96562,,,7.23,8.96562,9.79017,9.89285,9.94478,,,,,,,,
7.24,8.96567,,,7.24,8.96567,9.79022,9.89294,9.94481,,,,,,,,
7.25,8.96594,,,7.25,8.96594,9.79023,9.89306,9.94488,,,,,,,,
7.26,8.96601,,,7.26,8.96601,9.79036,9.89308,9.94493,,,,,,,,
7.27,8.96629,,,7.27,8.96629,9.79033,9.89318,9.94502,,,,,,,,
7.28,8.96639,,,7.28,8.96639,9.7904,9.89337,9.94502,,,,,,,,
7.29,8.96638,,,7.29,8.96638,9.79036,9.89346,9.94507,,,,,,,,
7.3,8.96647,,,7.3,8.96647,9.7904,9.89357,9.94514,,,,,,,,
7.31,8.96662,,,7.31,8.96662,9.79045,9.89359,9.9452,,,,,,,,
7.32,8.9668,,,7.32,8.9668,9.79048,9.89366,9.94536,,,,,,,,
7.33,8.96656,,,7.33,8.96656,9.79055,9.89375,9.94533,,,,,,,,
7.34,8.96651,,,7.34,8.96651,9.79078,9.89379,9.94538,,,,,,,,
7.35,8.96645,,,7.35,8.96645,9.79089,9.8939,9.94537,,,,,,,,
7.36,8.96627,,,7.36,8.96627,9.79099,9.89389,9.94542,,,,,,,,
7.37,8.96659,,,7.37,8.96659,9.79111,9.89384,9.94546,,,,,,,,
7.38,8.96686,,,7.38,8.96686,9.7911,9.89392,9.94548,,,,,,,,
7.39,8.96696,,,7.39,8.96696,9.79112,9.89396,9.94559,,,,,,,,
7.4,8.96693,,,7.4,8.96693,9.79103,9.89402,9.94569,,,,,,,,
7.41,8.96715,,,7.41,8.96715,9.79115,9.89401,9.94572,,,,,,,,
7.42,8.96743,,,7.42,8.96743,9.79126,9.89397,9.94577,,,,,,,,
7.43,8.96739,,,7.43,8.96739,9.79138,9.89401,9.94577,,,,,,,,
7.44,8.96761,,,7.44,8.96761,9.7914,9.8941,9.94583,,,,,,,,
7.45,8.96786,,,7.45,8.96786,9.79148,9.89426,9.94585,,,,,,,,
7.46,8.96795,,,7.46,8.96795,9.79151,9.89445,9.94591,,,,,,,,
7.47,8.96813,,,7.47,8.96813,9.79152,9.89448,9.94597,,,,,,,,
7.48,8.9684,,,7.48,8.9684,9.79155,9.89451,9.94596,,,,,,,,
7.49,8.96865,,,7.49,8.96865,9.79148,9.89459,9.94597,,,,,,,,
7.5,8.96851,,,7.5,8.96851,9.79161,9.89456,9.94613,,,,,,,,
7.51,8.9685,,,7.51,8.9685,9.79172,9.8946,9.94615,,,,,,,,
7.52,8.96855,,,7.52,8.96855,9.79175,9.89464,9.94619,,,,,,,,
7.53,8.96867,,,7.53,8.96867,9.79188,9.89476,9.94616,,,,,,,,
7.54,8.9689,,,7.54,8.9689,9.79198,9.8948,9.94617,,,,,,,,
7.55,8.96884,,,7.55,8.96884,9.79201,9.89497,9.94616,,,,,,,,
7.56,8.96923,,,7.56,8.96923,9.79192,9.89499,9.94622,,,,,,,,
7.57,8.96945,,,7.57,8.96945,9.79199,9.89513,9.94635,,,,,,,,
7.58,8.96944,,,7.58,8.96944,9.79194,9.89516,9.94639,,,,,,,,
7.59,8.96934,,,7.59,8.96934,9.792,9.89507,9.94646,,,,,,,,
7.6,8.96962,,,7.6,8.96962,9.79208,9.89508,9.9465,,,,,,,,
7.61,8.96954,,,7.61,8.96954,9.79214,9.89522,9.9465,,,,,,,,
7.62,8.96956,,,7.62,8.96956,9.79229,9.8953,9.94643,,,,,,,,
7.63,8.96972,,,7.63,8.96972,9.79232,9.89542,9.9464,,,,,,,,
7.64,8.96958,,,7.64,8.96958,9.79245,9.89536,9.94644,,,,,,,,
7.65,8.96942,,,7.65,8.96942,9.79247,9.89551,9.9465,,,,,,,,
7.66,8.96925,,,7.66,8.96925,9.79254,9.89553,9.94652,,,,,,,,
7.67,8.96928,,,7.67,8.96928,9.7925,9.8956,9.94655,,,,,,,,
7.68,8.96967,,,7.68,8.96967,9.79247,9.89568,9.94661,,,,,,,,
7.69,8.96968,,,7.69,8.96968,9.79239,9.89575,9.94657,,,,,,,,
7.7,8.96959,,,7.7,8.96959,9.79261,9.89585,9.94656,,,,,,,,
7.71,8.96957,,,7.71,8.96957,9.79277,9.89577,9.94652,,,,,,,,
7.72,8.96951,,,7.72,8.96951,9.79279,9.8958,9.94647,,,,,,,,
7.73,8.9695,,,7.73,8.9695,9.79288,9.89585,9.94649,,,,,,,,
7.74,8.96956,,,7.74,8.96956,9.79287,9.89595,9.94656,,,,,,,,
7.75,8.9695,,,7.75,8.9695,9.79296,9.89597,9.94654,,,,,,,,
7.76,8.96953,,,7.76,8.96953,9.7929,9.8959,9.94663,,,,,,,,
7.77,8.96946,,,7.77,8.96946,9.79303,9.8959,9.9467,,,,,,,,
7.78,8.96938,,,7.78,8.96938,9.79312,9.89598,9.94675,,,,,,,,
7.79,8.96908,,,7.79,8.96908,9.79309,9.896,9.94675,,,,,,,,
7.8,8.9693,,,7.8,8.9693,9.7931,9.89607,9.94676,,,,,,,,
7.81,8.96952,,,7.81,8.96952,9.79307,9.89617,9.94678,,,,,,,,
7.82,8.96955,,,7.82,8.96955,9.79318,9.89622,9.94681,,,,,,,,
7.83,8.96963,,,7.83,8.96963,9.79317,9.89621,9.94682,,,,,,,,
7.84,8.96936,,,7.84,8.96936,9.79319,9.8962,9.94687,,,,,,,,
7.85,8.96914,,,7.85,8.96914,9.79319,9.89611,9.94686,,,,,,,,
7.86,8.96918,,,7.86,8.96918,9.79331,9.89615,9.94685,,,,,,,,
7.87,8.96931,,,7.87,8.96931,9.79332,9.89625,9.94688,,,,,,,,
7.88,8.9692,,,7.88,8.9692,9.79322,9.89623,9.94691,,,,,,,,
7.89,8.96931,,,7.89,8.96931,9.79331,9.89629,9.94691,,,,,,,,
7.9,8.96916,,,7.9,8.96916,9.79332,9.89635,9.94693,,,,,,,,
7.91,8.96929,,,7.91,8.96929,9.79343,9.89632,9.94691,,,,,,,,
7.92,8.96909,,,7.92,8.96909,9.79339,9.89629,9.94688,,,,,,,,
7.93,8.96916,,,7.93,8.96916,9.79335,9.89616,9.94684,,,,,,,,
7.94,8.96915,,,7.94,8.96915,9.79338,9.89627,9.94688,,,,,,,,
7.95,8.96954,,,7.95,8.96954,9.79335,9.89638,9.94689,,,,,,,,
7.96,8.96971,,,7.96,8.96971,9.79328,9.89627,9.94699,,,,,,,,
7.97,8.96992,,,7.97,8.96992,9.79334,9.89619,9.94699,,,,,,,,
7.98,8.97,,,7.98,8.97,9.7933,9.89616,9.94697,,,,,,,,
7.99,8.97017,,,7.99,8.97017,9.7935,9.89627,9.94697,,,,,,,,
8.0,8.97011,,,8.0,8.97011,9.79339,9.89627,9.94704,,,,,,,,
8.01,8.96995,,,8.01,8.96995,9.79341,9.89626,9.94708,,,,,,,,
8.02,8.96992,,,8.02,8.96992,9.79334,9.8963,9.94716,,,,,,,,
8.03,8.97004,,,8.03,8.97004,9.79319,9.89643,9.94717,,,,,,,,
8.04,8.97007,,,8.04,8.97007,9.79325,9.89645,9.94723,,,,,,,,
8.05,8.97008,,,8.05,8.97008,9.79334,9.89644,9.94718,,,,,,,,
8.06,8.97005,,,8.06,8.97005,9.79346,9.89642,9.94721,,,,,,,,
8.07,8.96972,,,8.07,8.96972,9.79349,9.8964,9.94727,,,,,,,,
8.08,8.96963,,,8.08,8.96963,9.79345,9.89634,9.94723,,,,,,,,
8.09,8.96954,,,8.09,8.96954,9.79359,9.89633,9.94719,,,,,,,,
8.1,8.96963,,,8.1,8.96963,9.79362,9.89627,9.94713,,,,,,,,
8.11,8.96908,,,8.11,8.96908,9.79355,9.89614,9.94709,,,,,,,,
8.12,8.96935,,,8.12,8.96935,9.79366,9.89615,9.9471,,,,,,,,
8.13,8.96923,,,8.13,8.96923,9.79376,9.89618,9.94706,,,,,,,,
8.14,8.96927,,,8.14,8.96927,9.7938,9.89633,9.94703,,,,,,,,
8.15,8.9694,,,8.15,8.9694,9.79382,9.89633,9.94701,,,,,,,,
8.16,8.96943,,,8.16,8.96943,9.79387,9.89623,9.94696,,,,,,,,
8.17,8.96965,,,8.17,8.96965,9.79399,9.89624,9.94697,,,,,,,,
8.18,8.9696,,,8.18,8.9696,9.79391,9.89626,9.947,,,,,,,,
8.19,8.96961,,,8.19,8.96961,9.79404,9.89631,9.94695,,,,,,,,
8.2,8.96989,,,8.2,8.96989,9.79394,9.89628,9.94693,,,,,,,,
8.21,8.97023,,,8.21,8.97023,9.79388,9.89635,9.947,,,,,,,,
8.22,8.96989,,,8.22,8.96989,9.79379,9.89635,9.94696,,,,,,,,
8.23,8.96989,,,8.23,8.96989,9.79383,9.89648,9.94696,,,,,,,,
8.24,8.96978,,,8.24,8.96978,9.79399,9.89654,9.94692,,,,,,,,
8.25,8.97012,,,8.25,8.97012,9.79404,9.89658,9.94697,,,,,,,,
8.26,8.97018,,,8.26,8.97018,9.79406,9.89654,9.94701,,,,,,,,
8.27,8.97009,,,8.27,8.97009,9.79396,9.89645,9.94706,,,,,,,,
8.28,8.97,,,8.28,8.97,9.79396,9.89645,9.94714,,,,,,,,
8.29,8.97012,,,8.29,8.97012,9.79387,9.89645,9.94727,,,,,,,,
8.3,8.9702,,,8.3,8.9702,9.79394,9.89647,9.94727,,,,,,,,
8.31,8.97041,,,8.31,8.97041,9.794,9.89645,9.94733,,,,,,,,
8.32,8.97069,,,8.32,8.97069,9.79388,9.89638,9.94732,,,,,,,,
8.33,8.9706,,,8.33,8.9706,9.79381,9.8962,9.94732,,,,,,,,
8.34,8.97064,,,8.34,8.97064,9.79379,9.89621,9.94731,,,,,,,,
8.35,8.97075,,,8.35,8.97075,9.79374,9.89616,9.94723,,,,,,,,
8.36,8.97077,,,8.36,8.97077,9.79386,9.89616,9.94722,,,,,,,,
8.37,8.97085,,,8.37,8.97085,9.79394,9.89614,9.94722,,,,,,,,
8.38,8.9711,,,8.38,8.9711,9.79397,9.89605,9.94719,,,,,,,,
8.39,8.97113,,,8.39,8.97113,9.79401,9.89612,9.9473,,,,,,,,
8.4,8.97106,,,8.4,8.97106,9.794,9.89615,9.94733,,,,,,,,
8.41,8.97105,,,8.41,8.97105,9.79405,9.89611,9.94735,,,,,,,,
8.42,8.97092,,,8.42,8.97092,9.79404,9.8961,9.94737,,,,,,,,
8.43,8.97068,,,8.43,8.97068,9.79417,9.89614,9.94735,,,,,,,,
8.44,8.9705,,,8.44,8.9705,9.79408,9.89612,9.94732,,,,,,,,
8.45,8.97077,,,8.45,8.97077,9.79392,9.89612,9.94732,,,,,,,,
8.46,8.9708,,,8.46,8.9708,9.79394,9.89613,9.9473,,,,,,,,
8.47,8.97101,,,8.47,8.97101,9.7939,9.89604,9.9473,,,,,,,,
8.48,8.9707,,,8.48,8.9707,9.79389,9.89611,9.94736,,,,,,,,
8.49,8.97049,,,8.49,8.97049,9.79384,9.89604,9.94739,,,,,,,,
8.5,8.97061,,,8.5,8.97061,9.79392,9.89592,9.94737,,,,,,,,
8.51,8.97069,,,8.51,8.97069,9.7938,9.89596,9.94731,,,,,,,,
8.52,8.97085,,,8.52,8.97085,9.79394,9.89592,9.94725,,,,,,,,
8.53,8.97048,,,8.53,8.97048,9.79388,9.89601,9.94721,,,,,,,,
8.54,8.97032,,,8.54,8.97032,9.79389,9.8961,9.94718,,,,,,,,
8.55,8.97068,,,8.55,8.97068,9.79385,9.89602,9.94726,,,,,,,,
8.56,8.97061,,,8.56,8.97061,9.7938,9.896,9.94721,,,,,,,,
8.57,8.97089,,,8.57,8.97089,9.79376,9.89601,9.94726,,,,,,,,
8.58,8.97113,,,8.58,8.97113,9.7937,9.89606,9.94724,,,,,,,,
8.59,8.97098,,,8.59,8.97098,9.79381,9.89597,9.94732,,,,,,,,
8.6,8.97075,,,8.6,8.97075,9.7938,9.8959,9.94733,,,,,,,,
8.61,8.97071,,,8.61,8.97071,9.79371,9.89587,9.94738,,,,,,,,
8.62,8.97099,,,8.62,8.97099,9.7937,9.89581,9.94734,,,,,,,,
8.63,8.971,,,8.63,8.971,9.79374,9.89579,9.94727,,,,,,,,
8.64,8.97096,,,8.64,8.97096,9.79371,9.89588,9.9473,,,,,,,,
8.65,8.97099,,,8.65,8.97099,9.79359,9.89587,9.94731,,,,,,,,
8.66,8.97105,,,8.66,8.97105,9.79353,9.89585,9.94735,,,,,,,,
8.67,8.97101,,,8.67,8.97101,9.79359,9.89592,9.94733,,,,,,,,
8.68,8.97124,,,8.68,8.97124,9.79348,9.8959,9.94735,,,,,,,,
8.69,8.97137,,,8.69,8.97137,9.79348,9.89583,9.9473,,,,,,,,
8.7,8.97141,,,8.7,8.97141,9.79346,9.89574,9.94737,,,,,,,,
8.71,8.97132,,,8.71,8.97132,9.79362,9.89569,9.9474,,,,,,,,
8.72,8.97136,,,8.72,8.97136,9.79361,9.89573,9.94734,,,,,,,,
8.73,8.97123,,,8.73,8.97123,9.79364,9.89572,9.94733,,,,,,,,
8.74,8.97093,,,8.74,8.97093,9.79359,9.89572,9.94731,,,,,,,,
8.75,8.971,,,8.75,8.971,9.79358,9.89567,9.9474,,,,,,,,
8.76,8.97098,,,8.76,8.97098,9.79366,9.89569,9.94739,,,,,,,,
8.77,8.97107,,,8.77,8.97107,9.79364,9.89587,9.94736,,,,,,,,
8.78,8.97088,,,8.78,8.97088,9.79362,9.89595,9.94737,,,,,,,,
8.79,8.97099,,,8.79,8.97099,9.79352,9.89597,9.94743,,,,,,,,
8.8,8.97079,,,8.8,8.97079,9.79343,9.89612,9.94742,,,,,,,,
8.81,8.97092,,,8.81,8.97092,9.79345,9.89607,9.94742,,,,,,,,
8.82,8.97083,,,8.82,8.97083,9.79345,9.89599,9.94738,,,,,,,,
8.83,8.97054,,,8.83,8.97054,9.79344,9.89597,9.94732,,,,,,,,
8.84,8.97049,,,8.84,8.97049,9.7933,9.89584,9.94731,,,,,,,,
8.85,8.97039,,,8.85,8.97039,9.79321,9.89579,9.9473,,,,,,,,
8.86,8.97061,,,8.86,8.97061,9.79313,9.89581,9.94732,,,,,,,,
8.87,8.97036,,,8.87,8.97036,9.79317,9.89585,9.94736,,,,,,,,
8.88,8.9702,,,8.88,8.9702,9.79314,9.89598,9.9473,,,,,,,,
8.89,8.97048,,,8.89,8.97048,9.79301,9.89601,9.94729,,,,,,,,
8.9,8.97056,,,8.9,8.97056,9.79284,9.89597,9.94735,,,,,,,,
8.91,8.97036,,,8.91,8.97036,9.79283,9.89601,9.94734,,,,,,,,
8.92,8.97039,,,8.92,8.97039,9.79283,9.89599,9.94737,,,,,,,,
8.93,8.9705,,,8.93,8.9705,9.79282,9.89591,9.94739,,,,,,,,
8.94,8.97025,,,8.94,8.97025,9.7929,9.89586,9.9474,,,,,,,,
8.95,8.97008,,,8.95,8.97008,9.79289,9.89587,9.94739,,,,,,,,
8.96,8.97003,,,8.96,8.97003,9.79294,9.89581,9.94746,,,,,,,,
8.97,8.96973,,,8.97,8.96973,9.79291,9.89582,9.94743,,,,,,,,
8.98,8.96999,,,8.98,8.96999,9.79293,9.89589,9.9475,,,,,,,,
8.99,8.96976,,,8.99,8.96976,9.79293,9.89579,9.94759,,,,,,,,
9.0,8.96984,,,9.0,8.96984,9.79288,9.89582,9.94761,,,,,,,,
9.01,8.96986,,,9.01,8.96986,9.7928,9.8959,9.94762,,,,,,,,
9.02,8.97009,,,9.02,8.97009,9.79273,9.89596,9.94763,,,,,,,,
9.03,8.9699,,,9.03,8.9699,9.79258,9.89606,9.94762,,,,,,,,
9.04,8.97014,,,9.04,8.97014,9.79266,9.89604,9.94768,,,,,,,,
9.05,8.9701,,,9.05,8.9701,9.79267,9.89594,9.94772,,,,,,,,
9.06,8.96995,,,9.06,8.96995,9.79276,9.89587,9.94777,,,,,,,,
9.07,8.96972,,,9.07,8.96972,9.79272,9.89589,9.94776,,,,,,,,
9.08,8.97,,,9.08,8.97,9.79278,9.89589,9.94772,,,,,,,,
9.09,8.96982,,,9.09,8.96982,9.79269,9.89603,9.94768,,,,,,,,
9.1,8.96959,,,9.1,8.96959,9.79268,9.89599,9.94773,,,,,,,,
9.11,8.96936,,,9.11,8.96936,9.79263,9.89602,9.9478,,,,,,,,
9.12,8.96953,,,9.12,8.96953,9.7927,9.89614,9.94777,,,,,,,,
9.13,8.96955,,,9.13,8.96955,9.79274,9.89617,9.94776,,,,,,,,
9.14,8.96913,,,9.14,8.96913,9.79283,9.89615,9.94771,,,,,,,,
9.15,8.96929,,,9.15,8.96929,9.7929,9.89613,9.94765,,,,,,,,
9.16,8.96919,,,9.16,8.96919,9.79307,9.89605,9.94768,,,,,,,,
9.17,8.96959,,,9.17,8.96959,9.79326,9.89603,9.94772,,,,,,,,
9.18,8.96976,,,9.18,8.96976,9.79331,9.89605,9.94768,,,,,,,,
9.19,8.96992,,,9.19,8.96992,9.79332,9.89597,9.94771,,,,,,,,
9.2,8.96981,,,9.2,8.96981,9.79328,9.89585,9.94777,,,,,,,,
9.21,8.96958,,,9.21,8.96958,9.7933,9.89587,9.94774,,,,,,,,
9.22,8.96966,,,9.22,8.96966,9.79331,9.89583,9.94772,,,,,,,,
9.23,8.96962,,,9.23,8.96962,9.79339,9.89584,9.94769,,,,,,,,
9.24,8.96933,,,9.24,8.96933,9.79342,9.89585,9.94774,,,,,,,,
9.25,8.96942,,,9.25,8.96942,9.79329,9.89584,9.9477,,,,,,,,
9.26,8.96968,,,9.26,8.96968,9.79339,9.89586,9.94771,,,,,,,,
9.27,8.96931,,,9.27,8.96931,9.79323,9.89575,9.9477,,,,,,,,
9.28,8.96931,,,9.28,8.96931,9.79311,9.89572,9.94772,,,,,,,,
9.29,8.96923,,,9.29,8.96923,9.79311,9.89571,9.94772,,,,,,,,
9.3,8.9688,,,9.3,8.9688,9.79312,9.89566,9.94771,,,,,,,,
9.31,8.96889,,,9.31,8.96889,9.79328,9.89567,9.94771,,,,,,,,
9.32,8.96894,,,9.32,8.96894,9.79329,9.89571,9.94773,,,,,,,,
9.33,8.96856,,,9.33,8.96856,9.7933,9.89562,9.94773,,,,,,,,
9.34,8.96868,,,9.34,8.96868,9.79322,9.89556,9.94773,,,,,,,,
9.35,8.96874,,,9.35,8.96874,9.79327,9.89553,9.94774,,,,,,,,
9.36,8.96846,,,9.36,8.96846,9.7933,9.89554,9.94767,,,,,,,,
9.37,8.96822,,,9.37,8.96822,9.79319,9.89557,9.94767,,,,,,,,
9.38,8.96809,,,9.38,8.96809,9.79309,9.89555,9.94766,,,,,,,,
9.39,8.96829,,,9.39,8.96829,9.7931,9.89564,9.94773,,,,,,,,
9.4,8.96834,,,9.4,8.96834,9.7931,9.89575,9.94771,,,,,,,,
9.41,8.96871,,,9.41,8.96871,9.79313,9.89567,9.94771,,,,,,,,
9.42,8.96868,,,9.42,8.96868,9.79302,9.89561,9.94766,,,,,,,,
9.43,8.9685,,,9.43,8.9685,9.79294,9.89559,9.94772,,,,,,,,
9.44,8.96818,,,9.44,8.96818,9.7929,9.89559,9.94764,,,,,,,,
9.45,8.96841,,,9.45,8.96841,9.79281,9.89561,9.94769,,,,,,,,
9.46,8.96847,,,9.46,8.96847,9.79283,9.89563,9.94772,,,,,,,,
9.47,8.96829,,,9.47,8.96829,9.79278,9.89581,9.94773,,,,,,,,
9.48,8.96839,,,9.48,8.96839,9.79281,9.89588,9.9477,,,,,,,,
9.49,8.96829,,,9.49,8.96829,9.79283,9.89593,9.94769,,,,,,,,
9.5,8.96798,,,9.5,8.96798,9.79281,9.89593,9.94768,,,,,,,,
9.51,8.9677,,,9.51,8.9677,9.79279,9.89599,9.94768,,,,,,,,
9.52,8.96794,,,9.52,8.96794,9.79276,9.89601,9.94776,,,,,,,,
9.53,8.96781,,,9.53,8.96781,9.79279,9.89588,9.94772,,,,,,,,
9.54,8.96785,,,9.54,8.96785,9.79294,9.8959,9.9477,,,,,,,,
9.55,8.96771,,,9.55,8.96771,9.79279,9.8959,9.94775,,,,,,,,
9.56,8.96745,,,9.56,8.96745,9.79271,9.89597,9.94778,,,,,,,,
9.57,8.96744,,,9.57,8.96744,9.79249,9.896,9.94777,,,,,,,,
9.58,8.96725,,,9.58,8.96725,9.7925,9.89597,9.94775,,,,,,,,
9.59,8.96706,,,9.59,8.96706,9.79236,9.89606,9.94777,,,,,,,,
9.6,8.96734,,,9.6,8.96734,9.79231,9.89597,9.9478,,,,,,,,
9.61,8.96696,,,9.61,8.96696,9.7923,9.89608,9.94787,,,,,,,,
9.62,8.96704,,,9.62,8.96704,9.79239,9.89603,9.94788,,,,,,,,
9.63,8.96742,,,9.63,8.96742,9.79238,9.89605,9.94784,,,,,,,,
9.64,8.96742,,,9.64,8.96742,9.79225,9.89613,9.94789,,,,,,,,
9.65,8.96742,,,9.65,8.96742,9.79221,9.89617,9.94792,,,,,,,,
9.66,8.96758,,,9.66,8.96758,9.79222,9.89631,9.94789,,,,,,,,
9.67,8.96782,,,9.67,8.96782,9.7923,9.8963,9.94792,,,,,,,,
9.68,8.96779,,,9.68,8.96779,9.79231,9.89623,9.94802,,,,,,,,
9.69,8.96765,,,9.69,8.96765,9.7922,9.89618,9.94804,,,,,,,,
9.7,8.96773,,,9.7,8.96773,9.79232,9.89613,9.94802,,,,,,,,
9.71,8.96763,,,9.71,8.96763,9.79238,9.89603,9.94799,,,,,,,,
9.72,8.96752,,,9.72,8.96752,9.79236,9.89612,9.94805,,,,,,,,
9.73,8.96751,,,9.73,8.96751,9.79228,9.89615,9.94808,,,,,,,,
9.74,8.96739,,,9.74,8.96739,9.79233,9.89613,9.94804,,,,,,,,
9.75,8.96736,,,9.75,8.96736,9.79245,9.8961,9.94812,,,,,,,,
9.76,8.9674,,,9.76,8.9674,9.79239,9.89609,9.94815,,,,,,,,
9.77,8.96727,,,9.77,8.96727,9.79239,9.89612,9.94805,,,,,,,,
9.78,8.967,,,9.78,8.967,9.79241,9.8962,9.94812,,,,,,,,
9.79,8.96705,,,9.79,8.96705,9.79239,9.89623,9.94812,,,,,,,,
9.8,8.96711,,,9.8,8.96711,9.79232,9.89636,9.94804,,,,,,,,
9.81,8.96705,,,9.81,8.96705,9.7924,9.89645,9.94801,,,,,,,,
9.82,8.96731,,,9.82,8.96731,9.79242,9.89638,9.94802,,,,,,,,
9.83,8.96749,,,9.83,8.96749,9.79249,9.89652,9.94803,,,,,,,,
9.84,8.96775,,,9.84,8.96775,9.79252,9.8965,9.94811,,,,,,,,
9.85,8.96762,,,9.85,8.96762,9.79252,9.89643,9.94801,,,,,,,,
9.86,8.96765,,,9.86,8.96765,9.79256,9.89655,9.94808,,,,,,,,
9.87,8.96766,,,9.87,8.96766,9.79257,9.89649,9.94801,,,,,,,,
9.88,8.96764,,,9.88,8.96764,9.79267,9.89645,9.94794,,,,,,,,
9.89,8.96752,,,9.89,8.96752,9.79281,9.8965,9.94799,,,,,,,,
9.9,8.96777,,,9.9,8.96777,9.7927,9.89651,9.94798,,,,,,,,
9.91,8.96791,,,9.91,8.96791,9.7927,9.89659,9.948,,,,,,,,
9.92,8.96761,,,9.92,8.96761,9.79281,9.89661,9.94802,,,,,,,,
9.93,8.96754,,,9.93,8.96754,9.79276,9.89661,9.94799,,,,,,,,
9.94,8.96746,,,9.94,8.96746,9.79287,9.89659,9.9479,,,,,,,,
9.95,8.96753,,,9.95,8.96753,9.79273,9.89663,9.94801,,,,,,,,
9.96,8.96721,,,9.96,8.96721,9.79276,9.89664,9.94802,,,,,,,,
9.97,8.96715,,,9.97,8.96715,9.79281,9.89666,9.94799,,,,,,,,
9.98,8.96716,,,9.98,8.96716,9.79281,9.89666,9.94796,,,,,,,,
9.99,8.96711,,,9.99,8.96711,9.79297,9.89676,9.94796,,,,,,,,
10.0,8.96716,,,10.0,8.96716,9.79294,9.89682,9.948,,,,,,,,
10.01,8.96712,,,10.01,8.96712,9.79282,9.8969,9.948,,,,,,,,
10.02,8.96707,,,10.02,8.96707,9.79286,9.89687,9.94801,,,,,,,,
10.03,8.96699,,,10.03,8.96699,9.7928,9.89691,9.94806,,,,,,,,
10.04,8.96717,,,10.04,8.96717,9.7929,9.89705,9.94809,,,,,,,,
10.05,8.96723,,,10.05,8.96723,9.79292,9.89703,9.94812,,,,,,,,
10.06,8.96759,,,10.06,8.96759,9.79284,9.89701,9.94809,,,,,,,,
10.07,8.96766,,,10.07,8.96766,9.79297,9.89711,9.94805,,,,,,,,
10.08,8.96771,,,10.08,8.96771,9.79294,9.89703,9.94803,,,,,,,,
10.09,8.96797,,,10.09,8.96797,9.79292,9.89706,9.94802,,,,,,,,
10.1,8.96805,,,10.1,8.96805,9.79292,9.89703,9.94804,,,,,,,,
10.11,8.96801,,,10.11,8.96801,9.79293,9.89697,9.94805,,,,,,,,
10.12,8.96803,,,10.12,8.96803,9.79293,9.89698,9.94806,,,,,,,,
10.13,8.96819,,,10.13,8.96819,9.79291,9.89698,9.94802,,,,,,,,
10.14,8.96818,,,10.14,8.96818,9.79279,9.8971,9.94802,,,,,,,,
10.15,8.96811,,,10.15,8.96811,9.79287,9.89712,9.94802,,,,,,,,
10.16,8.96833,,,10.16,8.96833,9.79282,9.89716,9.94803,,,,,,,,
10.17,8.96846,,,10.17,8.96846,9.79272,9.89717,9.9479,,,,,,,,
10.18,8.96858,,,10.18,8.96858,9.79252,9.89719,9.94792,,,,,,,,
10.19,8.96872,,,10.19,8.96872,9.79254,9.89703,9.94795,,,,,,,,
10.2,8.96905,,,10.2,8.96905,9.79269,9.89711,9.94795,,,,,,,,
10.21,8.96896,,,10.21,8.96896,9.79267,9.89703,9.94801,,,,,,,,
10.22,8.96903,,,10.22,8.96903,9.79266,9.89706,9.94805,,,,,,,,
10.23,8.96905,,,10.23,8.96905,9.79276,9.89711,9.94805,,,,,,,,
10.24,8.96934,,,10.24,8.96934,9.7927,9.89705,9.94799,,,,,,,,
10.25,8.96933,,,10.25,8.96933,9.79268,9.8971,9.94799,,,,,,,,
10.26,8.96944,,,10.26,8.96944,9.79272,9.89709,9.94795,,,,,,,,
10.27,8.96969,,,10.27,8.96969,9.79284,9.89702,9.94797,,,,,,,,
10.28,8.96969,,,10.28,8.96969,9.79284,9.89706,9.94788,,,,,,,,
10.29,8.96994,,,10.29,8.96994,9.79295,9.89697,9.94795,,,,,,,,
10.3,8.97025,,,10.3,8.97025,9.79297,9.897,9.948,,,,,,,,
10.31,8.97044,,,10.31,8.97044,9.79298,9.89691,9.94806,,,,,,,,
10.32,8.97043,,,10.32,8.97043,9.79299,9.89688,9.94804,,,,,,,,
10.33,8.97042,,,10.33,8.97042,9.79298,9.89696,9.94808,,,,,,,,
10.34,8.97061,,,10.34,8.97061,9.79282,9.89687,9.948,,,,,,,,
10.35,8.97027,,,10.35,8.97027,9.79281,9.89689,9.94806,,,,,,,,
10.36,8.97035,,,10.36,8.97035,9.79286,9.89683,9.94804,,,,,,,,
10.37,8.97003,,,10.37,8.97003,9.79275,9.89674,9.94808,,,,,,,,
10.38,8.97016,,,10.38,8.97016,9.79269,9.89677,9.94807,,,,,,,,
10.39,8.97044,,,10.39,8.97044,9.79248,9.89689,9.94805,,,,,,,,
10.4,8.97047,,,10.4,8.97047,9.79257,9.89676,9.94813,,,,,,,,
10.41,8.97029,,,10.41,8.97029,9.79256,9.89674,9.94813,,,,,,,,
10.42,8.97025,,,10.42,8.97025,9.79255,9.89668,9.94813,,,,,,,,
10.43,8.97058,,,10.43,8.97058,9.79252,9.89662,9.94811,,,,,,,,
10.44,8.97055,,,10.44,8.97055,9.79252,9.89661,9.94804,,,,,,,,
10.45,8.97055,,,10.45,8.97055,9.79257,9.89672,9.94799,,,,,,,,
10.46,8.97024,,,10.46,8.97024,9.79262,9.89672,9.94794,,,,,,,,
10.47,8.97043,,,10.47,8.97043,9.79256,9.89677,9.94791,,,,,,,,
10.48,8.97031,,,10.48,8.97031,9.79261,9.89682,9.94794,,,,,,,,
10.49,8.97028,,,10.49,8.97028,9.79267,9.89676,9.94789,,,,,,,,
10.5,8.97061,,,10.5,8.97061,9.79269,9.89677,9.94789,,,,,,,,
10.51,8.9704,,,10.51,8.9704,9.79279,9.89682,9.94787,,,,,,,,
10.52,8.9704,,,10.52,8.9704,9.79291,9.89692,9.94785,,,,,,,,
10.53,8.97045,,,10.53,8.97045,9.79272,9.89695,9.94787,,,,,,,,
10.54,8.97051,,,10.54,8.97051,9.79266,9.89705,9.9479,,,,,,,,
10.55,8.97059,,,10.55,8.97059,9.79251,9.89706,9.94799,,,,,,,,
10.56,8.97064,,,10.56,8.97064,9.79257,9.89695,9.948,,,,,,,,
10.57,8.97071,,,10.57,8.97071,9.79254,9.89685,9.94798,,,,,,,,
10.58,8.97097,,,10.58,8.97097,9.79266,9.89695,9.94804,,,,,,,,
10.59,8.97081,,,10.59,8.97081,9.79263,9.8969,9.948,,,,,,,,
10.6,8.97118,,,10.6,8.97118,9.79278,9.89693,9.94808,,,,,,,,
10.61,8.9711,,,10.61,8.9711,9.79273,9.89696,9.9481,,,,,,,,
10.62,8.97096,,,10.62,8.97096,9.7927,9.8971,9.94814,,,,,,,,
10.63,8.97072,,,10.63,8.97072,9.79274,9.89714,9.94817,,,,,,,,
10.64,8.97035,,,10.64,8.97035,9.79275,9.89717,9.94816,,,,,,,,
10.65,8.97028,,,10.65,8.97028,9.79278,9.89721,9.94815,,,,,,,,
10.66,8.97035,,,10.66,8.97035,9.79287,9.89728,9.94813,,,,,,,,
10.67,8.97022,,,10.67,8.97022,9.793,9.89732,9.94817,,,,,,,,
10.68,8.97037,,,10.68,8.97037,9.79302,9.89737,9.94814,,,,,,,,
10.69,8.97027,,,10.69,8.97027,9.79302,9.89747,9.9482,,,,,,,,
10.7,8.97021,,,10.7,8.97021,9.79315,9.89742,9.94813,,,,,,,,
10.71,8.96994,,,10.71,8.96994,9.79318,9.89745,9.94812,,,,,,,,
10.72,8.96979,,,10.72,8.96979,9.79314,9.89748,9.94814,,,,,,,,
10.73,8.96979,,,10.73,8.96979,9.7932,9.89751,9.94813,,,,,,,,
10.74,8.96957,,,10.74,8.96957,9.79316,9.89748,9.94818,,,,,,,,
10.75,8.96994,,,10.75,8.96994,9.7933,9.89745,9.94815,,,,,,,,
10.76,8.97005,,,10.76,8.97005,9.79334,9.8975,9.94814,,,,,,,,
10.77,8.9703,,,10.77,8.9703,9.79337,9.89754,9.94819,,,,,,,,
10.78,8.97055,,,10.78,8.97055,9.79326,9.89753,9.94825,,,,,,,,
10.79,8.97056,,,10.79,8.97056,9.79329,9.89749,9.94817,,,,,,,,
10.8,8.9708,,,10.8,8.9708,9.79332,9.89757,9.94813,,,,,,,,
10.81,8.97086,,,10.81,8.97086,9.79335,9.89764,9.94812,,,,,,,,
10.82,8.97114,,,10.82,8.97114,9.79325,9.89773,9.94819,,,,,,,,
10.83,8.97117,,,10.83,8.97117,9.79325,9.89768,9.94817,,,,,,,,
10.84,8.97082,,,10.84,8.97082,9.79317,9.89754,9.94812,,,,,,,,
10.85,8.97068,,,10.85,8.97068,9.79318,9.89753,9.94819,,,,,,,,
10.86,8.97074,,,10.86,8.97074,9.79318,9.8975,9.94818,,,,,,,,
10.87,8.97102,,,10.87,8.97102,9.7931,9.89751,9.94816,,,,,,,,
10.88,8.97113,,,10.88,8.97113,9.79309,9.89748,9.94821,,,,,,,,
10.89,8.97113,,,10.89,8.97113,9.79319,9.8975,9.94822,,,,,,,,
10.9,8.97119,,,10.9,8.97119,9.7932,9.89751,9.94815,,,,,,,,
10.91,8.97141,,,10.91,8.97141,9.79319,9.89744,9.94814,,,,,,,,
10.92,8.97157,,,10.92,8.97157,9.7931,9.89733,9.94812,,,,,,,,
10.93,8.97145,,,10.93,8.97145,9.7931,9.89735,9.94807,,,,,,,,
10.94,8.97155,,,10.94,8.97155,9.79314,9.89742,9.9481,,,,,,,,
10.95,8.97133,,,10.95,8.97133,9.79303,9.8975,9.9481,,,,,,,,
10.96,8.97126,,,10.96,8.97126,9.79309,9.89747,9.94811,,,,,,,,
10.97,8.97139,,,10.97,8.97139,9.79304,9.89736,9.94817,,,,,,,,
10.98,8.97138,,,10.98,8.97138,9.79298,9.89729,9.94822,,,,,,,,
10.99,8.97123,,,10.99,8.97123,9.79298,9.89726,9.94821,,,,,,,,
11.0,8.97101,,,11.0,8.97101,9.79305,9.89726,9.94815,,,,,,,,
11.01,8.97103,,,11.01,8.97103,9.79306,9.89718,9.94815,,,,,,,,
11.02,8.97089,,,11.02,8.97089,9.79326,9.89723,9.94818,,,,,,,,
11.03,8.97065,,,11.03,8.97065,9.79327,9.89719,9.94817,,,,,,,,
11.04,8.97071,,,11.04,8.97071,9.79325,9.89709,9.94815,,,,,,,,
11.05,8.97044,,,11.05,8.97044,9.79328,9.8971,9.94816,,,,,,,,
11.06,8.97023,,,11.06,8.97023,9.79327,9.89708,9.94814,,,,,,,,
11.07,8.97009,,,11.07,8.97009,9.79329,9.89703,9.94819,,,,,,,,
11.08,8.97037,,,11.08,8.97037,9.79325,9.89709,9.94825,,,,,,,,
11.09,8.97023,,,11.09,8.97023,9.79336,9.89694,9.94828,,,,,,,,
11.1,8.97,,,11.1,8.97,9.79342,9.89701,9.94835,,,,,,,,
11.11,8.96978,,,11.11,8.96978,9.7934,9.89696,9.94833,,,,,,,,
11.12,8.97005,,,11.12,8.97005,9.79338,9.89708,9.94836,,,,,,,,
11.13,8.97016,,,11.13,8.97016,9.79339,9.89701,9.94835,,,,,,,,
11.14,8.97006,,,11.14,8.97006,9.79368,9.8971,9.94843,,,,,,,,
11.15,8.96999,,,11.15,8.96999,9.7935,9.89712,9.94849,,,,,,,,
11.16,8.96976,,,11.16,8.96976,9.79339,9.89719,9.94851,,,,,,,,
11.17,8.96977,,,11.17,8.96977,9.79339,9.89717,9.94851,,,,,,,,
11.18,8.96991,,,11.18,8.96991,9.79338,9.89715,9.94856,,,,,,,,
11.19,8.96992,,,11.19,8.96992,9.7934,9.89708,9.94859,,,,,,,,
11.2,8.96975,,,11.2,8.96975,9.79337,9.89704,9.94861,,,,,,,,
11.21,8.97014,,,11.21,8.97014,9.79328,9.89707,9.94858,,,,,,,,
11.22,8.97001,,,11.22,8.97001,9.79346,9.89715,9.94859,,,,,,,,
11.23,8.96989,,,11.23,8.96989,9.79353,9.89713,9.94859,,,,,,,,
11.24,8.96967,,,11.24,8.96967,9.79348,9.89722,9.9486,,,,,,,,
11.25,8.96955,,,11.25,8.96955,9.79358,9.89719,9.94863,,,,,,,,
11.26,8.9698,,,11.26,8.9698,9.79357,9.8971,9.94867,,,,,,,,
11.27,8.96998,,,11.27,8.96998,9.79351,9.89703,9.94864,,,,,,,,
11.28,8.97026,,,11.28,8.97026,9.7936,9.89694,9.94865,,,,,,,,
11.29,8.97011,,,11.29,8.97011,9.79352,9.8969,9.9487,,,,,,,,
11.3,8.97016,,,11.3,8.97016,9.79348,9.89696,9.94872,,,,,,,,
11.31,8.97008,,,11.31,8.97008,9.79342,9.89701,9.94871,,,,,,,,
11.32,8.96989,,,11.32,8.96989,9.79346,9.89717,9.94864,,,,,,,,
11.33,8.97002,,,11.33,8.97002,9.79351,9.89721,9.94863,,,,,,,,
11.34,8.97032,,,11.34,8.97032,9.79351,9.89724,9.94861,,,,,,,,
11.35,8.97038,,,11.35,8.97038,9.7934,9.89719,9.94862,,,,,,,,
11.36,8.97038,,,11.36,8.97038,9.79338,9.89718,9.94859,,,,,,,,
11.37,8.97017,,,11.37,8.97017,9.7932,9.8972,9.94858,,,,,,,,
11.38,8.97039,,,11.38,8.97039,9.79314,9.89728,9.94852,,,,,,,,
11.39,8.97005,,,11.39,8.97005,9.79308,9.89724,9.94852,,,,,,,,
11.4,8.96994,,,11.4,8.96994,9.79314,9.89723,9.94847,,,,,,,,
11.41,8.96996,,,11.41,8.96996,9.7932,9.89729,9.94845,,,,,,,,
11.42,8.97027,,,11.42,8.97027,9.79307,9.8972,9.94841,,,,,,,,
11.43,8.97037,,,11.43,8.97037,9.79318,9.89711,9.94844,,,,,,,,
11.44,8.97042,,,11.44,8.97042,9.79326,9.89718,9.94844,,,,,,,,
11.45,8.97065,,,11.45,8.97065,9.79338,9.89715,9.94838,,,,,,,,
11.46,8.97063,,,11.46,8.97063,9.79332,9.89703,9.94845,,,,,,,,
11.47,8.9707,,,11.47,8.9707,9.79346,9.897,9.94834,,,,,,,,
11.48,8.97084,,,11.48,8.97084,9.79336,9.89707,9.9483,,,,,,,,
11.49,8.97061,,,11.49,8.97061,9.79332,9.89714,9.94834,,,,,,,,
11.5,8.97031,,,11.5,8.97031,9.79342,9.89712,9.9483,,,,,,,,
11.51,8.97034,,,11.51,8.97034,9.79348,9.89715,9.94831,,,,,,,,
11.52,8.97046,,,11.52,8.97046,9.79359,9.89709,9.94831,,,,,,,,
11.53,8.97055,,,11.53,8.97055,9.79364,9.89706,9.94826,,,,,,,,
11.54,8.97046,,,11.54,8.97046,9.79378,9.89711,9.94829,,,,,,,,
11.55,8.97109,,,11.55,8.97109,9.7937,9.89714,9.94827,,,,,,,,
11.56,8.97082,,,11.56,8.97082,9.79379,9.89707,9.94824,,,,,,,,
11.57,8.97081,,,11.57,8.97081,9.79369,9.89712,9.94824,,,,,,,,
11.58,8.9708,,,11.58,8.9708,9.79356,9.89703,9.94823,,,,,,,,
11.59,8.97095,,,11.59,8.97095,9.79353,9.89704,9.94823,,,,,,,,
11.6,8.97072,,,11.6,8.97072,9.79342,9.89711,9.94829,,,,,,,,
11.61,8.97045,,,11.61,8.97045,9.79341,9.89711,9.94832,,,,,,,,
11.62,8.97037,,,11.62,8.97037,9.79345,9.89708,9.94833,,,,,,,,
11.63,8.97004,,,11.63,8.97004,9.79339,9.89706,9.9483,,,,,,,,
11.64,8.97003,,,11.64,8.97003,9.79339,9.89705,9.94827,,,,,,,,
11.65,8.96989,,,11.65,8.96989,9.79338,9.89703,9.94826,,,,,,,,
11.66,8.96984,,,11.66,8.96984,9.79347,9.89699,9.94826,,,,,,,,
11.67,8.96959,,,11.67,8.96959,9.79351,9.89694,9.94826,,,,,,,,
11.68,8.96972,,,11.68,8.96972,9.79357,9.89693,9.94827,,,,,,,,
11.69,8.96969,,,11.69,8.96969,9.79362,9.89703,9.94832,,,,,,,,
11.7,8.96969,,,11.7,8.96969,9.79355,9.89703,9.94835,,,,,,,,
11.71,8.9698,,,11.71,8.9698,9.79339,9.89694,9.94833,,,,,,,,
11.72,8.96963,,,11.72,8.96963,9.79341,9.89687,9.94824,,,,,,,,
11.73,8.96958,,,11.73,8.96958,9.79326,9.89694,9.94823,,,,,,,,
11.74,8.96979,,,11.74,8.96979,9.7932,9.89697,9.94821,,,,,,,,
11.75,8.96996,,,11.75,8.96996,9.79309,9.89701,9.94827,,,,,,,,
11.76,8.96996,,,11.76,8.96996,9.79299,9.89703,9.94828,,,,,,,,
11.77,8.96974,,,11.77,8.96974,9.793,9.897,9.9483,,,,,,,,
11.78,8.96966,,,11.78,8.96966,9.79295,9.89691,9.94821,,,,,,,,
11.79,8.96993,,,11.79,8.96993,9.79291,9.89698,9.94821,,,,,,,,
11.8,8.96973,,,11.8,8.96973,9.79282,9.89691,9.94826,,,,,,,,
11.81,8.9697,,,11.81,8.9697,9.79266,9.89691,9.94824,,,,,,,,
11.82,8.96993,,,11.82,8.96993,9.79278,9.897,9.94827,,,,,,,,
11.83,8.9697,,,11.83,8.9697,9.79277,9.89696,9.94825,,,,,,,,
11.84,8.96962,,,11.84,8.96962,9.7928,9.89715,9.9482,,,,,,,,
11.85,8.96987,,,11.85,8.96987,9.79276,9.89712,9.94818,,,,,,,,
11.86,8.96989,,,11.86,8.96989,9.79273,9.89708,9.94809,,,,,,,,
11.87,8.96998,,,11.87,8.96998,9.79275,9.89704,9.94809,,,,,,,,
11.88,8.96988,,,11.88,8.96988,9.79272,9.89701,9.94815,,,,,,,,
11.89,8.96948,,,11.89,8.96948,9.79271,9.89699,9.94815,,,,,,,,
11.9,8.96965,,,11.9,8.96965,9.79271,9.89699,9.94821,,,,,,,,
11.91,8.9699,,,11.91,8.9699,9.79271,9.89685,9.94824,,,,,,,,
11.92,8.96998,,,11.92,8.96998,9.79268,9.8968,9.94826,,,,,,,,
11.93,8.97011,,,11.93,8.97011,9.7927,9.89685,9.94837,,,,,,,,
11.94,8.97056,,,11.94,8.97056,9.79274,9.89682,9.94837,,,,,,,,
11.95,8.97084,,,11.95,8.97084,9.79284,9.89688,9.94838,,,,,,,,
11.96,8.9708,,,11.96,8.9708,9.79283,9.89685,9.94841,,,,,,,,
11.97,8.97066,,,11.97,8.97066,9.79287,9.89678,9.94846,,,,,,,,
11.98,8.97073,,,11.98,8.97073,9.79289,9.89675,9.94845,,,,,,,,
11.99,8.97086,,,11.99,8.97086,9.79296,9.89676,9.94845,,,,,,,,
12.0,8.9708,,,12.0,8.9708,9.79307,9.89666,9.94839,,,,,,,,
12.01,8.97049,,,12.01,8.97049,9.79307,9.89664,9.94839,,,,,,,,
