snap,conc_mean,conc_std
0,2.5936386459345644,4.3828955058402705
1,2.9184438325594786,4.238581412412677
2,3.18863428675409,4.165767524989687
3,3.4208388267450163,4.119240984453213
4,3.6252035967546745,4.083198307362847
5,3.8083232128337237,4.051568398724711
6,3.974685334180275,4.0218404464528
7,4.127464533221398,3.992915375003962
8,4.268982685587619,3.964294082524357
9,4.400987929448483,3.9357479172158256
10,4.52482991336849,3.907175942661567
11,4.64157357196132,3.8785395201400075
12,4.75207520441563,3.8498308569691666
13,4.8570347436317975,3.8210572842688904
14,4.9570325596649685,3.7922331709261505
15,5.05255595944486,3.763375690521094
16,5.144018656681506,3.7345026001461354
17,5.231775340785065,3.7056310948618636
18,5.316132759859764,3.6767772487490444
19,5.397358278692239,3.647955777725375
20,5.475686576896285,3.6191799788270083
21,5.551324956106238,3.5904617640248393
22,5.62445759224566,3.5618117424600575
23,5.695248977429105,3.533239324720178
24,5.7638467320064946,3.50475283438664
25,5.830383921743905,3.4763596186147017
26,5.894980982316878,3.4480661534236354
27,5.95774732932318,3.419878141572857
28,6.018782714296768,3.391800602209904
29,6.078178373948937,3.3638379521826915
30,6.136018009842754,3.335994079308427
31,6.192378628058228,3.3082724080799166
32,6.247331262512608,3.2806759583762948
33,6.300941601020643,3.2532073977614906
34,6.353270529591583,3.2258690879404477
35,6.404374607627212,3.1986631259104277
36,6.454306484433031,3.171591380306945
37,6.5031152656518465,3.1446555234036206
38,6.5508468367766195,3.1178570591870822
39,6.59754414972238,3.091197347891993
40,6.643247477477538,3.064677627348671
41,6.687994641068721,3.038299031465808
42,6.73182121242569,3.012062606143805
43,6.774760696196788,2.9859693228894515
44,6.8168446931197915,2.9600200903801173
45,6.858103047180665,2.9342157642047377
46,6.898563978480598,2.9085571549895985
47,6.938254203468744,2.8830450350989913
48,6.977199043975879,2.8576801440840924
49,7.01542252629567,2.832463193037819
50,7.052947471399615,2.8073948679988234
51,7.089795577234735,2.7824758325342054
52,7.125987493935415,2.7577067296177837
53,7.161542892679809,2.7330881829090163
54,7.196480528834103,2.7086207975266374
55,7.2308182999525075,2.6843051604009833
56,7.2645732991355505,2.6601418402795765
57,7.297761864192396,2.636131387451947
58,7.330399623003345,2.6122743332517766
59,7.362501535435406,2.5885711893872316
60,7.39408193212587,2.565022447143808
61,7.4251545504154794,2.5416285764980486
62,7.455732567683529,2.518390025175138
63,7.485828632311268,2.495307217678529
64,7.515454892477221,2.4723805543154396
65,7.544623022967709,2.4496104102381713
66,7.573344250167921,2.426997134517771
67,7.601629375382924,2.4045410492635058
68,7.629488796623715,2.3822424487989267
69,7.656932528980797,2.3601015989029466
70,7.683970223696312,2.3381187361222846
71,7.710611186035719,2.316294067159849
72,7.736864392050802,2.2946277683420733
73,7.762738504317631,2.2731199851668893
74,7.788241886725786,2.251770831932909
75,7.813382618388477,2.2305803914493914
76,7.838168506737227,2.2095487148258104
77,7.862607099859401,2.1886758213391433
78,7.886705698131978,2.1679616983764762
79,7.910471365200536,2.147406301450083
80,7.9339109383484345,2.127009554281787
81,7.957031038297509,2.106771348953172
82,7.979838078478335,2.0866915461180016
83,8.00233827380509,2.0667699752730964
84,8.024537648987316,2.0470064350838384
85,8.04644204640837,2.027400693760437
86,8.068057133598133,2.007952489481122
87,8.089388410325403,1.9886615308584372
88,8.110441215333566,1.969527497444915
89,8.131220732741332,1.9505500402744693
90,8.151731998128826,1.9317287824359717
91,8.171979904327749,1.9130633196755948
92,8.191969206933134,1.8945532210246319
93,8.211704529552803,1.8761980294496472
94,8.231190368809733,1.8579972625219645
95,8.250431099111282,1.8399504131036366
96,8.269430977198432,1.822056950047209
97,8.288194146487232,1.8043163189067204
98,8.306724641213837,1.7867279426575626
99,8.325026390393854,1.7692912224229411
100,8.343103221605856,1.7520055382048514
101,8.360958864608515,1.73487024961761
102,8.37859695479993,1.7178846966221297
103,8.39602103652751,1.7010482002592568
104,8.413234566255928,1.68436006338062
105,8.430240915600457,1.6678195713755664
106,8.447043374232406,1.6514259928928778
107,8.463645152663027,1.6351785805560703
108,8.480049384911915,1.6190765716711988
109,8.49625913106546,1.6031191889261787
110,8.512277379730756,1.5873056410807436
111,8.52810705038989,1.571635123646244
112,8.543750995659371,1.5561068195545815
113,8.559212003459175,1.5407198998156555
114,8.574492799095555,1.5254735241627717
115,8.589596047261653,1.5103668416855385
116,8.60452435395967,1.49539899144984
117,8.619280268348103,1.480569103104539
118,8.6338662845175,1.465876297474625
119,8.64828484319787,1.4513196871405667
120,8.662538333400787,1.4368983770036907
121,8.676629093999095,1.4226114648374433
122,8.690559415246893,1.4084580418244426
123,8.704331540242414,1.3944371930792683
124,8.717947666336261,1.3805479981569637
125,8.731409946487329,1.366789531547267
126,8.744720490568627,1.3531608631546175
127,8.757881366625137,1.3396610587640048
128,8.770894602085702,1.3262891804927597
129,8.783762184930863,1.3130442872284083
130,8.796486064818485,1.2999254350527247
131,8.809068154168898,1.2869316776521451
132,8.821510329211213,1.2740620667147167
133,8.833814430992385,1.2613156523137687
134,8.845982266350568,1.248691483278514
135,8.858015608854158,1.2361886075517872
136,8.869916199707939,1.2238060725351474
137,8.88168574862759,1.2115429254215817
138,8.893325934683897,1.1993982135160384
139,8.904838407117776,1.1873709845440437
140,8.916224786127302,1.1754602869486521
141,8.927486663627858,1.1636651701759797
142,8.9386256039864,1.1519846849495818
143,8.949643144730882,1.1404178835339347
144,8.960540797235792,1.1289638199872802
145,8.97132004738472,1.1176215504040976
146,8.981982356210834,1.1063901331474617
147,8.992529160516105,1.095268629071552
148,9.002961873470092,1.0842561017345727
149,9.013281885189093,1.073351617602336
150,9.02349056329633,1.0625542462427788
151,9.03358925346396,1.0518630605116528
152,9.043579279937548,1.0412771367296492
153,9.053461946043674,1.0307955548512058
154,9.063238534681277,1.0204173986252365
155,9.072910308797384,1.010141755748032
156,9.082478511847775,0.9999677180085661
157,9.091944368243096,0.9898943814264415
158,9.101309083781072,0.9799208463827083
159,9.110573846065178,0.9700462177437773
160,9.119739824910388,0.9602696049786529
161,9.128808172736413,0.9505901222696996
162,9.137780024948867,0.9410068886171574
163,9.146656500308845,0.9315190279376125
164,9.155438701291299,0.9221256691566263
165,9.164127714432608,0.9128259462957218
166,9.172724610667753,0.9036189985539219
167,9.18123044565746,0.8945039703840274
168,9.189646260105631,0.8854800115638205
169,9.197973080067486,0.8765462772623724
170,9.206211917248648,0.8677019281016318
171,9.21436376929558,0.8589461302134624
172,9.222429620077605,0.8502780552922988
173,9.230410439960837,0.8416968806435793
174,9.238307186074328,0.833201789228113
175,9.246120802568644,0.8247919697025368
176,9.25385222086717,0.8164666164560052
177,9.26150235991041,0.8082249296432628
178,9.26907212639346,0.8000661152142349
179,9.276562414996983,0.7919893849402722
180,9.283974108611787,0.7839939564371848
181,9.291308078557357,0.7760790531851887
182,9.29856518479444,0.7682439045458896
183,9.305746276131927,0.7604877457764265
184,9.312852190428234,0.7528098180408873
185,9.319883754787355,0.7452093684191111
186,9.326841785749735,0.7376856499129856
187,9.33372708947821,0.7302379214503442
188,9.340540461939085,0.722865447886567
189,9.347282689078604,0.7155675000039806
190,9.35395454699487,0.7083433545091548
191,9.360556802105467,0.7011922940281874
192,9.367090211310813,0.6941136071000675
193,9.37355552215348,0.6871065881682005
194,9.379953472973558,0.6801705375701805
195,9.38628479306021,0.6733047615258904
196,9.392550202799512,0.6665085721240045
197,9.398750413818773,0.6597812873069726
198,9.404886129127323,0.6531222308545538
199,9.410958043254013,0.6465307323659728
200,9.416966842381447,0.6400061272407644
201,9.42291320447706,0.6335477566583709
202,9.428797799421186,0.627154967556556
203,9.434621289132144,0.6208271126086945
204,9.440384327688484,0.6145635501999968
205,9.446087561448472,0.6083636444027231
206,9.45173162916687,0.602226764950442
207,9.45731716210915,0.5961522872113859
208,9.462844784163142,0.5901395921609516
209,9.468315111948273,0.5841880663533958
210,9.473728754922417,0.5782971018927721
211,9.47908631548646,0.5724660964031512
212,9.4843883890866,0.5666944529981719
213,9.489635564314538,0.5609815802499604
214,9.4948284230055,0.5553268921574579
215,9.499967540334277,0.5497298081141979
216,9.50505348490926,0.5441897528755657
217,9.510086818864544,0.5387061565255783
218,9.515068097950179,0.5332784544432164
219,9.519997871620614,0.5279060872683441
220,9.524876683121358,0.5225885008672434
221,9.529705069573945,0.5173251462977976
222,9.534483562059227,0.5121154797743492
223,9.53921268569907,0.5069589626322621
224,9.543892959736441,0.5018550612922135
225,9.548524897614008,0.49680324722424013
226,9.553109007051223,0.4918029969115665
227,9.557645790119972,0.48685379181423416
228,9.562135743318825,0.4819551183325574
229,9.56657935764591,0.47710646777042565
230,9.570977118670447,0.47230733629847343
231,9.575329506602994,0.4675572249171371
232,9.579636996364453,0.4628556394196185
233,9.583900057653796,0.4582020903547715
234,9.588119155014644,0.4535960929899299
235,9.592294747900656,0.44903716727369364
236,9.596427290739777,0.4445248377986875
237,9.600517232997408,0.44005863376430904
238,9.604565019238452,0.43563808893947836
239,9.608571089188349,0.4312627416254053
240,9.612535877793075,0.42693213461838503
241,9.616459815278127,0.42264581517263705
242,9.620343327206525,0.4184033349631967
243,9.624186834535928,0.41420425004887257
244,9.627990753674712,0.41004812083527975
245,9.631755496537249,0.4059345120379593
246,9.635481470598222,0.4018629926455941
247,9.639169078946127,0.3978331358833289
248,9.64281872033591,0.3938445191762059
249,9.646430789240766,0.3898967241127218
250,9.650005675903175,0.3859893364085158
251,9.653543766385106,0.38212194587019516
252,9.657045442617479,0.37829414635930597
253,9.660511082448869,0.3745055357564561
254,9.663941059693473,0.3707557159255962
255,9.66733574417837,0.3670442926784642
256,9.670695501790052,0.36337087573920157
257,9.674020694520296,0.35973507870914256
258,9.67731168051136,0.3561365190317863
259,9.6805688141005,0.3525748179579519
260,9.683792445863865,0.3490496005111248
261,9.686982922659748,0.3455604954529959
262,9.69014058767123,0.3421071352491987
263,9.693265780448213,0.33868915603524863
264,9.696358836948866,0.3353061975826858
265,9.69942008958048,0.3319579032654269
266,9.70244986723976,0.3286439200263283
267,9.705448495352588,0.32536389834396146
268,9.708416295913183,0.32211749219960645
269,9.711353587522767,0.3189043590444628
270,9.71426068542771,0.3157241597670821
271,9.717137901557125,0.3125765586610226
272,9.719985544560007,0.30946122339272886
273,9.722803919841821,0.30637782496963784
274,9.725593329600661,0.3033260377085119
275,9.728354072862885,0.30030553920400166
276,9.731086445518308,0.2973160102974386
277,9.733790740354936,0.29435713504585903
278,9.736467247093236,0.29142860069125964
279,9.73911625241997,0.28853009763008686
280,9.7417380400216,0.2856613193829593
281,9.744332890617248,0.2828219625646236
282,9.746901081991261,0.28001172685414605
283,9.749442889025351,0.27723031496533773
284,9.751958583730323,0.27447743261741514
285,9.754448435277409,0.2717527885058961
286,9.756912710029223,0.26905609427373034
287,9.759351671570316,0.2663870644826653
288,9.761765580737366,0.2637454165848466
289,9.764154695648974,0.26113087089465353
290,9.766519271735117,0.258543150560768
291,9.768859561766238,0.25598198153847834
292,9.771175815881968,0.25344709256221576
293,9.773468281619502,0.2509382151183242
294,9.775737203941661,0.24845508341806197
295,9.777982825264564,0.24599743437083552
296,9.780205385485022,0.24356500755766367
297,9.782405122007571,0.24115754520487248
298,9.784582269771185,0.2387747921580193
299,9.786737061275698,0.23641649585604477
300,9.788869726607878,0.23408240630565322
301,9.790980493467229,0.23177227605591907
302,9.793069587191457,0.22948586017311953
303,9.79513723078166,0.2272229162157906
304,9.797183644927223,0.224983204210008
305,9.799209048030415,0.2227664866248898
306,9.801213656230695,0.22057252834832014
307,9.803197683428769,0.21840109666289365
308,9.805161341310324,0.216251961222078
309,9.807104839369524,0.21412489402659496
310,9.809028384932224,0.21201966940101707
311,9.810932183178922,0.20993606397058
312,9.812816437167442,0.2078738566382086
313,9.81468134785537,0.20583282856175536
314,9.816527114122229,0.20381276313145005
315,9.818353932791391,0.20181344594755968
316,9.820161998651784,0.1998346647982561
317,9.821951504479301,0.19787620963769126
318,9.823722641057996,0.19593787256427833
319,9.825475597201047,0.19401944779917626
320,9.827210559771485,0.19212073166497803
321,9.828927713702658,0.19024152256459986
322,9.83062724201852,0.18838162096037062
323,9.83230932585365,0.18654082935331945
324,9.833974144473084,0.18471895226266086
325,9.835621875291885,0.18291579620547493
326,9.837252693894548,0.18113116967658208
327,9.838866774054152,0.1793648831286102
328,9.840464287751317,0.17761674895225313
329,9.84204540519295,0.17588658145671834
330,9.843610294830787,0.17417419685036375
331,9.845159123379727,0.17247941322152022
332,9.84669205583598,0.17080205051949962
333,9.848209255494988,0.16914193053578697
334,9.84971088396919,0.1674988768854143
335,9.851197101205557,0.1658727149885156
336,9.852668065502963,0.1642632720520607
337,9.854123933529348,0.1626703770517672
338,9.855564860338715,0.16109386071418821
339,9.856990999387925,0.15953355549897574
340,9.85840250255331,0.15798929558131614
341,9.859799520147147,0.15646091683453844
342,9.861182200933879,0.1549482568128926
343,9.862550692146241,0.15345115473449672
344,9.863905139501147,0.15196945146445134
345,9.865245687215474,0.15050298949812013
346,9.866572478021599,0.14905161294457492
347,9.867885653182832,0.14761516751020362
348,9.869185352508664,0.14619350048247984
349,9.87047171436984,0.14478646071389273
350,9.871744875713283,0.1433938986060355
351,9.87300497207686,0.1420156660938511
352,9.874252137603985,0.14065161663003398
353,9.875486505058078,0.13930160516958598
354,9.876708205836847,0.13796548815452592
355,9.877917369986443,0.13664312349875007
356,9.879114126215454,0.13533437057304343
357,9.880298601908748,0.13403909019023957
358,9.881470923141178,0.13275714459052826
359,9.88263121469113,0.13148839742690893
360,9.883779600053945,0.13023271375078946
361,9.884916201455173,0.12898995999772753
362,9.886041139863725,0.12776000397331475
363,9.887154535004836,0.12654271483920151
364,9.888256505372945,0.12533796309926093
365,9.88934716824441,0.12414562058589096
366,9.890426639690071,0.1229655604464538
367,9.891495034587733,0.12179765712985015
368,9.892552466634465,0.12064178637322791
369,9.893599048358803,0.11949782518882428
370,9.89463489113282,0.11836565185093878
371,9.895660105184044,0.11724514588303704
372,9.896674799607295,0.11613618804498395
373,9.89767908237635,0.11503866032040438
374,9.89867306035553,0.11395244590417077
375,9.899656839311133,0.11287742919001588
376,9.900630523922759,0.11181349575827017
377,9.90159421779453,0.11076053236372205
378,9.902548023466164,0.10971842692359995
379,9.90349204242396,0.10868706850567486
380,9.904426375111653,0.10766634731648282
381,9.905351120941159,0.10665615468966508
382,9.906266378303219,0.10565638307442579
383,9.907172244577897,0.10466692602410585
384,9.908068816145029,0.103687678184871
385,9.908956188394505,0.10271853528451447
386,9.909834455736469,0.10175939412137129
387,9.910703711611413,0.10081015255334479
388,9.91156404850017,0.09987070948704337
389,9.912415557933784,0.09894096486702628
390,9.913258330503297,0.09802081966515792
391,9.914092455869433,0.09711017587006902
392,9.914918022772163,0.0962089364767241
393,9.915735119040198,0.095317005476094
394,9.916543831600352,0.09443428784493207
395,9.91734424648684,0.0935606895356536
396,9.918136448850449,0.09269611746631708
397,9.918920522967648,0.09184047951070626
398,9.919696552249567,0.09099368448851215
399,9.920464619250911,0.09015564215561403
400,9.921224805678762,0.08932626319445824
401,9.921977192401304,0.08850545920453373
402,9.922721859456463,0.08769314269294391
403,9.923458886060418,0.08688922706507322
404,9.924188350616086,0.08609362661534777
405,9.924910330721469,0.08530625651808905
406,9.925624903177924,0.08452703281846012
407,9.926332143998374,0.08375587242350217
408,9.927032128415402,0.08299269309326256
409,9.927724930889271,0.08223741343201109
410,9.928410625115884,0.08148995287954566
411,9.929089284034623,0.08075023170258507
412,9.92976097983613,0.08001817098624843
413,9.93042578397001,0.07929369262562087
414,9.931083767152444,0.07857671931740377
415,9.93173499937372,0.07786717455164956
416,9.932379549905717,0.07716498260357903
417,9.93301748730926,0.07647006852548204
418,9.933648879441439,0.07578235813869921
419,9.934273793462859,0.0751017780256843
420,9.934892295844762,0.07442825552214699
421,9.935504452376138,0.07376171870927437
422,9.936110328170725,0.07310209640603112
423,9.936709987673952,0.07244931816153696
424,9.937303494669793,0.07180331424752114
425,9.93789091228758,0.07116401565085263
426,9.938472303008716,0.07053135406614576
427,9.939047728673343,0.06990526188844026
428,9.939617250486908,0.06928567220595501
429,9.94018092902671,0.06867251879291467
430,9.940738824248339,0.06806573610244879
431,9.941290995492054,0.06746525925956211
432,9.941837501489113,0.06687102405417601
433,9.942378400368035,0.06628296693423963
434,9.94291374966078,0.06570102499891071
435,9.943443606308875,0.06512513599180488
436,9.943968026669483,0.06455523829431292
437,9.944487066521406,0.0639912709189857
438,9.945000781071018,0.06343317350298502
439,9.945509224958146,0.06288088630160124
440,9.946012452261899,0.06233435018183557
441,9.946510516506402,0.061793506616047274
442,9.947003470666521,0.061258297675664646
443,9.94749136717348,0.0607286660249598
444,9.947974257920464,0.06020455491488563
445,9.948452194268128,0.05968590817697522
446,9.948925227050072,0.059172670217302666
447,9.949393406578256,0.05866478601050472
448,9.94985678264834,0.058162201093862644
449,9.950315404545007,0.05766486156144384
450,9.950769321047192,0.05717271405830241
451,9.951218580433283,0.0566857057747384
452,9.951663230486254,0.05620378444061486
453,9.952103318498759,0.0557268983197321
454,9.952538891278156,0.05525499620425898
455,9.9529699951515,0.05478802740922021
456,9.953396675970463,0.05432594176703949
457,9.953818979116223,0.05386868962213761
458,9.954236949504283,0.0534162218255852
459,9.954650631589262,0.05296848972980958
460,9.955060069369626,0.05252544518335504
461,9.955465306392364,0.052087040525696265
462,9.955866385757618,0.05165322858210402
463,9.956263350123287,0.051223962658563105
464,9.956656241709547,0.05079919653674154
465,9.957045102303361,0.050378884469010926
466,9.957429973262913,0.04996298117351712
467,9.957810895522018,0.049551441829301254
468,9.958187909594464,0.049144222071469755
469,9.958561055578345,0.04874127798641404
470,9.958930373160308,0.04834256610707814
471,9.959295901619782,0.047948043408275305
472,9.959657679833168,0.0475576673020514
473,9.960015746277952,0.04717139563309616
474,9.960370139036828,0.04678918667420101
475,9.960720895801723,0.0464109991217632
476,9.961068053877831,0.04603679209133586
477,9.961411650187564,0.04566652511322375
478,9.961751721274489,0.04530015812812364
479,9.962088303307217,0.044937651482809926
480,9.962421432083245,0.04457896592586394
481,9.96275114303277,0.04422406260344738
482,9.963077471222459,0.043872903055119095
483,9.963400451359174,0.04352544920969494
484,9.963720117793672,0.04318166338115015
485,9.964036504524252,0.04284150826456405
486,9.964349645200375,0.042504946932106664
487,9.964659573126257,0.042171942829066764
488,9.964966321264377,0.041842459769920876
489,9.965269922239026,0.041516461934443354
490,9.965570408339751,0.04119391386385649
491,9.965867811524795,0.040874780457020934
492,9.966162163424505,0.040559026966665516
493,9.966453495344686,0.040246618995656694
494,9.966741838269934,0.03993752249330638
495,9.967027222866948,0.03963170375171913
496,9.96730967948776,0.03932912940217694
497,9.967589238172993,0.03902976641156252
498,9.967865928655051,0.038733582078819766
499,9.968139780361263,0.03844054403145158
500,9.968410822417042,0.03815062022205492
501,9.96867908364896,0.03786377892489224
502,9.968944592587825,0.03757998873249905
503,9.969207377471715,0.037299218552328005
504,9.969467466248984,0.03702143760342819
505,9.969724886581226,0.036746615413160155
506,9.969979665846223,0.03647472181394548
507,9.970231831140865,0.03620572694005181
508,9.970481409284021,0.035939601224411824
509,9.970728426819399,0.03567631539547669
510,9.970972910018356,0.03541584047410319
511,9.971214884882713,0.03515814777047457
512,9.971454377147507,0.034903208881054824
513,9.971691412283734,0.03465099568557551
514,9.971926015501055,0.034401480344055956
515,9.972158211750475,0.03415463529385537
516,9.972388025727009,0.033910433246757625
517,9.972615481872294,0.033668847186087564
518,9.972840604377202,0.0334298503638591
519,9.973063417184397,0.03319341629795464
520,9.973283943990896,0.03295951876933571
521,9.973502208250592,0.03272813181928434
522,9.973718233176731,0.03249922974667493
523,9.973932041744394,0.032272787105276604
524,9.974143656692945,0.03204877870108558
525,9.974353100528432,0.03182717958968699
526,9.974560395526003,0.03160796507364687
527,9.974765563732257,0.031391110699932806
528,9.974968626967598,0.031176592257364022
529,9.975169606828556,0.030964385774089914
530,9.975368524690076,0.030754467515097396
531,9.97556540170781,0.030546813979746186
532,9.975760258820344,0.030341401899332453
533,9.975953116751436,0.03013820823468005
534,9.976143996012222,0.029937210173759044
535,9.976332916903402,0.029738385129332176
536,9.976519899517383,0.029541710736627553
537,9.976704963740435,0.029347164851038707
538,9.976888129254792,0.029154725545850906
539,9.977069415540749,0.028964371109993888
540,9.97724884187874,0.028776080045820496
541,9.977426427351379,0.02858983106691138
542,9.977602190845502,0.028405603095905126
543,9.977776151054162,0.028223375262353495
544,9.977948326478632,0.028043126900602358
545,9.97811873543035,0.027864837547696787
546,9.978287396032897,0.027688486941311145
547,9.9784543262239,0.027514055017703515
548,9.97861954375695,0.02734152190969436
549,9.978783066203494,0.02717086794466877
550,9.97894491095469,0.027002073642602615
551,9.979105095223272,0.026835119714112097
552,9.979263636045374,0.02666998705852644
553,9.979420550282336,0.026506656761983483
554,9.979575854622512,0.02634511009554808
555,9.97972956558303,0.026185328513353062
556,9.979881699511562,0.02602729365076202
557,9.98003227258805,0.025870987322554724
558,9.98018130082643,0.025716391521133745
559,9.980328800076348,0.025563488414752894
560,9.980474786024828,0.02541226034576672
561,9.98061927419795,0.02526268982890168
562,9.980762279962502,0.025114759549547058
563,9.980903818527606,0.02496845236206759
564,9.981043904946343,0.024823751288135687
565,9.981182554117366,0.024680639515084007
566,9.981319780786444,0.02453910039427793
567,9.981455599548083,0.024399117439507872
568,9.981590024847039,0.024260674325400473
569,9.981723070979871,0.024123754885849422
570,9.981854752096458,0.023988343112464932
571,9.98198508220151,0.023854423153042294
572,9.982114075156035,0.02372197931004843
573,9.982241744678852,0.023590996039126993
574,9.98236810434801,0.02346145794762127
575,9.982493167602266,0.023333349793115098
576,9.982616947742484,0.023206656481991123
577,9.982739457933068,0.02308136306800628
578,9.982860711203365,0.022957454750884614
579,9.982980720449035,0.02283491687492666
580,9.98309949843344,0.02271373492763563
581,9.983217057788986,0.022593894538359933
582,9.983333411018476,0.022475381476951706
583,9.983448570496439,0.02235818165244147
584,9.98356254847044,0.022242281111728286
585,9.983675357062388,0.022127666038285605
586,9.98378700826983,0.022014322750881953
587,9.983897513967214,0.021902237702317178
588,9.984006885907164,0.021791397478173012
589,9.984115135721716,0.021681788795578427
590,9.984222274923575,0.021573398501989333
591,9.984328314907323,0.021466213573982422
592,9.984433266950639,0.021360221116062644
593,9.98453714221549,0.021255408359484668
594,9.984639951749331,0.021151762661087915
595,9.984741706486268,0.021049271502144442
596,9.984842417248235,0.020947922487220143
597,9.984942094746117,0.02084770334304874
598,9.985040749580927,0.02074860191741836
599,9.985138392244904,0.020650606178070605
600,9.985235033122642,0.020553704211611734
601,9.985330682492194,0.020457884222435836
602,9.985425350526157,0.02036313453165989
603,9.985519047292767,0.02026944357607041
604,9.985611782756951,0.020176799907081416
605,9.985703566781417,0.02008519218970357
606,9.985794409127665,0.019994609201524717
607,9.985884319457059,0.019905039831700586
608,9.985973307331829,0.01981647307995642
609,9.986061382216102,0.019728898055599443
610,9.98614855347691,0.01964230397654101
611,9.98623483038518,0.01955668016832898
612,9.98632022211672,0.019472016063190083
613,9.986404737753197,0.01938830119908203
614,9.986488386283101,0.01930552521875498
615,9.986571176602705,0.01922367786882246
616,9.986653117517012,0.019142748998841667
617,9.986734217740674,0.0190627285604024
618,9.986814485898954,0.018983606606225154
619,9.9868939305286,0.01890537328926776
620,9.986972560078796,0.018828018861840816
621,9.98705038291202,0.018751533674731015
622,9.987127407304971,0.01867590817633337
623,9.98720364144942,0.01860113291179088
624,9.987279093453095,0.018527198522142282
625,9.987353771340542,0.018454095743478175
626,9.98742768305398,0.01838181540610369
627,9.987500836454135,0.018310348433709815
628,9.987573239321092,0.018239685842551232
629,9.987644899355109,0.018169818740631807
630,9.987715824177448,0.018100738326897018
631,9.98778602133117,0.018032435890433452
632,9.987855498281954,0.017964902809675228
633,9.987924262418879,0.017898130551616778
634,9.987992321055216,0.017832110671032627
635,9.988059681429204,0.01776683480970356
636,9.988126350704816,0.017702294695649164
637,9.98819233597253,0.0176384821423664
638,9.988257644250071,0.017575389048074715
639,9.988322282483173,0.017513007394967115
640,9.988386257546301,0.01745132924846697
641,9.988449576243392,0.017390346756490697
642,9.988512245308577,0.01733005214871659
643,9.988574271406897,0.017270437735858974
644,9.988635661135014,0.017211495908947987
645,9.988696421021901,0.017153219138614815
646,9.988756557529557,0.017095599974382557
647,9.988816077053677,0.017038631043962076
648,9.988874985924337,0.016982305052553368
649,9.988933290406667,0.016926614782151923
650,9.988990996701524,0.01687155309086043
651,9.989048110946145,0.016817112912204987
652,9.989104639214796,0.016763287254456968
653,9.989160587519423,0.016710069199959116
654,9.989215961810299,0.016657451904456833
655,9.989270767976638,0.0166054285964342
656,9.989325011847239,0.016553992576454492
657,9.989378699191098,0.016503137216505533
658,9.989431835718024,0.016452855959349488
659,9.989484427079242,0.016403142317877338
660,9.989536478867999,0.016353989874467727
661,9.98958799662015,0.016305392280350234
662,9.98963898581477,0.01625734325497308
663,9.989689451874703,0.016209836585375146
664,9.989739400167167,0.016162866125562277
665,9.989788836004307,0.016116425795887807
666,9.989837764643772,0.016070509582437397
667,9.989886191289266,0.016025111536418123
668,9.989934121091103,0.01598022577355118
669,9.989981559146765,0.015935846473469586
670,9.990028510501421,0.015891967879119038
671,9.990074980148492,0.015848584296163416
672,9.990120973030157,0.015805690092394204
673,9.990166494037899,0.015763279697143556
674,9.990211548013004,0.015721347600701853
675,9.990256139747103,0.0156798883537387
676,9.990300273982653,0.015638896566728143
677,9.990343955413461,0.01559836690937768
678,9.990387188685174,0.015558294110061032
679,9.990429978395781,0.015518672955254935
680,9.990472329096093,0.015479498288979624
681,9.990514245290226,0.015440765012243255
682,9.990555731436096,0.015402468082490043
683,9.990596791945876,0.015364602513051951
684,9.99063743118647,0.015327163372604698
685,9.99067765347998,0.015290145784626771
686,9.990717463104167,0.015253544926862924
687,9.990756864292901,0.015217356030790802
688,9.990795861236615,0.015181574381091396
689,9.990834458082745,0.015146195315123692
690,9.990872658936182,0.015111214222402154
691,9.990910467859699,0.015076626544078537
692,9.990947888874384,0.015042427772427173
693,9.990984925960076,0.015008613450333622
694,9.99102158305577,0.01497517917078747
695,9.991057864060064,0.014942120576378433
696,9.991093772831547,0.01490943335879615
697,9.991129313189218,0.014877113258333583
698,9.991164488912903,0.014845156063394028
699,9.991199303743638,0.014813557610001655
700,9.99123376138409,0.014782313781316062
701,9.991267865498926,0.014751420507149832
702,9.99130161971522,0.014720873763489772
703,9.991335027622828,0.01469066957202227
704,9.991368092774781,0.014660803999661635
705,9.991400818687657,0.014631273158082072
706,9.99143320884195,0.01460207320325361
707,9.991465266682452,0.0145732003349811
708,9.991496995618608,0.014544650796447041
709,9.991528399024876,0.014516420873757954
710,9.991559480241108,0.014488506895494004
711,9.99159024257288,0.01446090523226272
712,9.991620689291855,0.014433612296255397
713,9.991650823636133,0.014406624540807818
714,9.991680648810586,0.014379938459964096
715,9.991710167987215,0.01435355058804406
716,9.991739384305466,0.014327457499214095
717,9.99176830087258,0.014301655807061516
718,9.991796920763923,0.014276142164172632
719,9.9918252470233,0.014250913261713821
720,9.991853282663294,0.014225965829016467
721,9.991881030665578,0.014201296633165274
722,9.991908493981231,0.014176902478589819
723,9.991935675531058,0.014152780206659995
724,9.991962578205895,0.014128926695284295
725,9.991989204866924,0.014105338858512093
726,9.992015558345965,0.014082013646138872
727,9.992041641445791,0.014058948043315306
728,9.99206745694041,0.01403613907015941
729,9.992093007575384,0.014013583781372229
730,9.992118296068094,0.013991279265856717
731,9.992143325108042,0.013969222646340304
732,9.992168097357144,0.013947411079000748
733,9.99219261545,0.013925841753094978
734,9.99221688199418,0.013904511890591826
735,9.992240899570506,0.013883418745807643
736,9.992264670733311,0.013862559605045375
737,9.992288198010732,0.013841931786237237
738,9.992311483904963,0.013821532638590152
739,9.99233453089253,0.013801359542234855
740,9.992357341424542,0.013781409907878153
741,9.992379917926968,0.01376168117645839
742,9.992402262800889,0.01374217081880423
743,9.992424378422742,0.013722876335296678
744,9.992446267144594,0.013703795255534302
745,9.99246793129437,0.013684925138001479
746,9.992489373176115,0.01366626356974018
747,9.99251059507024,0.013647808166024735
748,9.992531599233754,0.013629556570039622
749,9.992552387900513,0.013611506452560629
750,9.992572963281448,0.013593655511639042
751,9.992593327564816,0.013576001472288934
752,9.992613482916415,0.013558542086177603
753,9.992633431479824,0.013541275131319043
754,9.992653175376637,0.013524198411770522
755,9.99267271670667,0.013507309757332026
756,9.992692057548206,0.013490607023249179
757,9.992711199958192,0.01347408808991871
758,9.992730145972487,0.013457750862597073
759,9.992748897606052,0.013441593271111999
760,9.992767456853176,0.013425613269577315
761,9.992785825687697,0.013409808836110306
762,9.992804006063185,0.013394177972552091
763,9.992821999913183,0.01337871870419118
764,9.992839809151384,0.01336342907948949
765,9.992857435671855,0.013348307169811613
766,9.992874881349232,0.013333351069156679
767,9.992892148038907,0.013318558893893297
768,9.992909237577246,0.013303928782496992
769,9.992926151781772,0.0132894588952907
770,9.992942892451364,0.01327514741418781
771,9.992959461366432,0.013260992542438186
772,9.992975860289135,0.013246992504376956
773,9.992992090963547,0.013233145545175587
774,9.993008155115847,0.013219449930596167
775,9.993024054454501,0.013205903946748214
776,9.993039790670453,0.01319250589984775
777,9.993055365437296,0.013179254115979656
778,9.993070780411452,0.01316614694086218
779,9.993086037232349,0.013153182739614107
780,9.99310113752259,0.013140359896524761
781,9.993116082888143,0.01312767681482619
782,9.993130874918485,0.01311513191646811
783,9.993145515186795,0.013102723641895351
784,9.993160005250106,0.013090450449827625
785,9.993174346649479,0.013078310817042103
786,9.993188540910166,0.013066303238158026
787,9.993202589541768,0.01305442622542411
788,9.993216494038396,0.013042678308508077
789,9.993230255878835,0.013031058034288764
790,9.993243876526696,0.013019563966650388
791,9.993257357430577,0.013008194686279496
792,9.993270700024208,0.01299694879046374
793,9.993283905726619,0.012985824892893686
794,9.99329697594227,0.012974821623466028
795,9.993309912061218,0.0129639376280898
796,9.993322715459257,0.012953171568494324
797,9.993335387498064,0.012942522122039689
798,9.993347929525353,0.012931987981529391
799,9.993360342874999,0.012921567855024923
800,9.993372628867201,0.012911260465662752
801,9.99338478880861,0.012901064551473362
802,9.993396823992471,0.012890978865202444
803,9.993408735698763,0.012881002174134215
804,9.99342052519433,0.012871133259916474
805,9.993432193733016,0.012861370918388336
806,9.993443742555808,0.012851713959409448
807,9.993455172890956,0.01284216120669149
808,9.993466485954109,0.01283271149763148
809,9.993477682948445,0.01282336368314741
810,9.993488765064797,0.01281411662751531
811,9.993499733481782,0.012804969208208816
812,9.993510589365922,0.012795920315740218
813,9.99352133387177,0.012786968853503654
814,9.993531968142038,0.01277811373761985
815,9.99354249330771,0.012769353896783289
816,9.993552910488173,0.012760688272110531
817,9.99356322079132,0.012752115816990975
818,9.99357342531368,0.012743635496938993
819,9.99358352514054,0.01273524628944793
820,9.993593521346043,0.012726947183846125
821,9.993603414993313,0.012718737181154151
822,9.99361320713457,0.012710615293944379
823,9.993622898811237,0.012702580546201814
824,9.993632491054056,0.01269463197318669
825,9.993641984883181,0.012686768621298921
826,9.993651381308316,0.012678989547944027
827,9.993660681328796,0.012671293821400703
828,9.993669885933707,0.012663680520689977
829,9.993678996101982,0.012656148735446175
830,9.993688012802515,0.012648697565789131
831,9.993696936994262,0.012641326122198161
832,9.993705769626335,0.01263403352538754
833,9.993714511638109,0.012626818906183519
834,9.993723163959324,0.012619681405402771
835,9.993731727510177,0.012612620173732424
836,9.99374020320143,0.012605634371611494
837,9.993748591934496,0.012598723169113734
838,9.993756894601544,0.012591885745832119
839,9.993765112085581,0.01258512129076437
840,9.993773245260567,0.012578429002200402
841,9.993781294991484,0.012571808087610716
842,9.993789262134447,0.012565257763536274
843,9.993797147536785,0.012558777255479844
844,9.993804952037134,0.012552365797798691
845,9.993812676465524,0.0125460226335984
846,9.99382032164347,0.012539747014628237
847,9.993827888384063,0.01253353820117751
848,9.993835377492042,0.012527395461973605
849,9.993842789763898,0.012521318074080858
850,9.993850125987953,0.012515305322801065
851,9.993857386944429,0.012509356501574894
852,9.993864573405551,0.012503470911884694
853,9.993871686135622,0.012497647863158556
854,9.993878725891102,0.012491886672675355
855,9.993885693420687,0.012486186665471086
856,9.9938925894654,0.012480547174246544
857,9.99389941475865,0.012474967539275609
858,9.993906170026326,0.01246944710831546
859,9.993912855986876,0.012463985236517114
860,9.993919473351369,0.012458581286337589
861,9.993926022823578,0.012453234627452852
862,9.99393250510006,0.012447944636672089
863,9.99393892087023,0.012442710697852903
864,9.993945270816411,0.012437532201817557
865,9.993951555613954,0.012432408546270344
866,9.993957775931255,0.012427339135715748
867,9.99396393242987,0.012422323381378051
868,9.99397002576455,0.012417360701121444
869,9.99397605658335,0.012412450519371555
870,9.99398202552766,0.012407592267037592
871,9.993987933232296,0.012402785381435612
872,9.993993780325555,0.01239802930621289
873,9.9939995674293,0.012393323491272971
874,9.994005295159004,0.01238866739270176
875,9.994010964123827,0.012384060472694542
876,9.994016574926679,0.012379502199483904
877,9.994022128164287,0.012374992047268435
878,9.99402762442725,0.012370529496142547
879,9.994033064300119,0.012366114032026912
880,9.994038448361435,0.012361745146599948
881,9.994043777183808,0.01235742233723006
882,9.994049051333981,0.012353145106908677
883,9.994054271372868,0.01234891296418421
884,9.994059437855634,0.012344725423096808
885,9.994064551331757,0.012340582003113965
886,9.994069612345065,0.012336482229066647
887,9.994074621433814,0.012332425631086703
888,9.994079579130734,0.012328411744544616
889,9.994084485963091,0.012324440109988004
890,9.994089342452737,0.012320510273081474
891,9.99409414911618,0.012316621784546452
892,9.99409890646462,0.012312774200102171
893,9.994103615004017,0.012308967080407504
894,9.994108275235135,0.012305199991002958
895,9.994112887653605,0.012301472502254097
896,9.99411745274997,0.012297784189295067
897,9.994121971009742,0.012294134631973248
898,9.994126442913453,0.012290523414794278
899,9.994130868936697,0.012286950126867927
900,9.994135249550203,0.012283414361854485
901,9.994139585219857,0.01227991571791218
902,9.99414387640677,0.012276453797644528
903,9.994148123567323,0.0122730282080492
904,9.994152327153213,0.012269638560466872
905,9.994156487611509,0.012266284470530828
906,9.99416060538468,0.012262965558117551
907,9.994164680910668,0.012259681447297313
908,9.994168714622916,0.012256431766286
909,9.994172706950422,0.012253216147396943
910,9.994176658317778,0.012250034226993792
911,9.994180569145232,0.012246885645443828
912,9.994184439848702,0.012243770047071584
913,9.994188270839853,0.012240687080113352
914,9.994192062526125,0.012237636396672358
915,9.994195815310771,0.01223461765267382
916,9.99419952959291,0.012231630507821563
917,9.994203205767569,0.012228674625554103
918,9.99420684422572,0.012225749673002
919,9.994210445354325,0.01222285532094552
920,9.994214009536368,0.012219991243772715
921,9.994217537150918,0.012217157119438098
922,9.994221028573143,0.012214352629421778
923,9.994224484174369,0.012211577458689183
924,9.994227904322104,0.012208831295651116
925,9.994231289380096,0.012206113832124532
926,9.994234639708354,0.012203424763293454
927,9.994237955663195,0.012200763787670639
928,9.99424123759728,0.012198130607059684
929,9.994244485859651,0.01219552492651741
930,9.994247700795775,0.012192946454316823
931,9.994250882747567,0.012190394901910543
932,9.994254032053432,0.012187869983894756
933,9.994257149048316,0.012185371417973222
934,9.994260234063718,0.012182898924922301
935,9.994263287427737,0.012180452228555712
936,9.994266309465106,0.012178031055690434
937,9.994269300497232,0.012175635136112455
938,9.994272260842218,0.012173264202543143
939,9.994275190814902,0.012170917990606184
940,9.994278090726898,0.012168596238794557
941,9.994280960886622,0.012166298688438097
942,9.99428380159932,0.01216402508367171
943,9.99428661316711,0.012161775171403403
944,9.994289395889016,0.012159548701283088
945,9.994292150060984,0.012157345425671774
946,9.994294875975932,0.012155165099610869
947,9.994297573923761,0.012153007480792146
948,9.994300244191415,0.01215087232952783
949,9.99430288706288,0.012148759408721068
950,9.994305502819232,0.01214666848383692
951,9.994308091738668,0.012144599322873564
952,9.994310654096525,0.012142551696333862
953,9.994313190165318,0.012140525377197214
954,9.994315700214765,0.012138520140891874
955,9.994318184511815,0.012136535765267492
956,9.994320643320686,0.012134572030567978
957,9.994323076902873,0.012132628719404825
958,9.994325485517198,0.012130705616730363
959,9.994327869419825,0.012128802509811873
960,9.994330228864287,0.012126919188205805
961,9.99433256410152,0.012125055443731948
962,9.994334875379879,0.012123211070448212
963,9.99433716294518,0.012121385864625977
964,9.994339427040709,0.01211957962472522
965,9.994341667907262,0.012117792151370084
966,9.994343885783158,0.012116023247325006
967,9.994346080904279,0.012114272717470762
968,9.994348253504079,0.012112540368780974
969,9.994350403813621,0.012110826010298914
970,9.994352532061598,0.012109129453114575
971,9.994354638474357,0.012107450510341844
972,9.994356723275917,0.01210578899709617
973,9.994358786688004,0.01210414473047233
974,9.994360828930073,0.012102517529522554
975,9.994362850219312,0.012100907215234862
976,9.9943648507707,0.012099313610511598
977,9.994366830796999,0.012097736540148346
978,9.994368790508789,0.01209617583081303
979,9.994370730114492,0.012094631311025124
980,9.994372649820393,0.012093102811135386
981,9.994374549830654,0.012091590163305483
982,9.994376430347351,0.012090093201488185
983,9.994378291570479,0.012088611761407589
984,9.994380133697987,0.012087145680539584
985,9.994381956925789,0.01208569479809264
986,9.994383761447791,0.012084258954988708
987,9.99438554745591,0.012082837993844414
988,9.994387315140091,0.012081431758952384
989,9.994389064688338,0.0120800400962629
990,9.994390796286712,0.012078662853365774
991,9.994392510119381,0.012077299879472269
992,9.99439420636861,0.012075951025397375
993,9.994395885214809,0.012074616143542155
994,9.994397546836518,0.012073295087876523
995,9.994399191410462,0.012071987713922037
996,9.994400819111544,0.012070693878734797
997,9.994402430112872,0.012069413440888821
998,9.994404024585785,0.012068146260459425
999,9.99440560269986,0.012066892199006831
