,timestep,total,healthy,cancer
0,0,5,5,0
1,10,5,5,0
2,20,5,5,0
3,30,5,5,0
4,40,5,5,0
5,50,5,5,0
6,60,5,5,0
7,70,5,5,0
8,80,5,5,0
9,90,5,5,0
10,100,5,5,0
11,110,5,5,0
12,120,5,5,0
13,130,5,5,0
14,140,5,5,0
15,150,5,5,0
16,160,6,6,0
17,170,6,6,0
18,180,7,7,0
19,190,7,7,0
20,200,7,7,0
21,210,7,7,0
22,220,7,7,0
23,230,8,8,0
24,240,8,8,0
25,250,9,9,0
26,260,9,9,0
27,270,9,9,0
28,280,10,10,0
29,290,10,10,0
30,300,10,10,0
31,310,10,10,0
32,320,11,11,0
33,330,11,11,0
34,340,11,11,0
35,350,11,11,0
36,360,11,11,0
37,370,11,11,0
38,380,11,11,0
39,390,12,12,0
40,400,13,13,0
41,410,14,14,0
42,420,14,14,0
43,430,15,15,0
44,440,15,15,0
45,450,16,16,0
46,460,17,17,0
47,470,18,18,0
48,480,18,18,0
49,490,19,19,0
50,500,19,19,0
51,510,19,19,0
52,520,21,21,0
53,530,21,21,0
54,540,21,21,0
55,550,21,21,0
56,560,22,22,0
57,570,22,22,0
58,580,23,23,0
59,590,24,24,0
60,600,24,24,0
61,610,25,25,0
62,620,26,26,0
63,630,29,29,0
64,640,31,31,0
65,650,31,31,0
66,660,32,32,0
67,670,32,32,0
68,680,34,34,0
69,690,37,37,0
70,700,37,37,0
71,710,37,37,0
72,720,37,37,0
73,730,39,39,0
74,740,40,40,0
75,750,41,41,0
76,760,42,42,0
77,770,43,43,0
78,780,44,44,0
79,790,45,45,0
80,800,47,47,0
81,810,47,47,0
82,820,50,50,0
83,830,54,54,0
84,840,55,55,0
85,850,56,56,0
86,860,58,58,0
87,870,59,59,0
88,880,63,63,0
89,890,66,66,0
90,900,68,68,0
91,910,70,70,0
92,920,71,71,0
93,930,72,72,0
94,940,75,75,0
95,950,77,77,0
96,960,77,77,0
97,970,82,82,0
98,980,83,83,0
99,990,87,87,0
100,1000,90,90,0
101,1010,90,90,0
102,1020,94,94,0
103,1030,95,95,0
104,1040,98,98,0
105,1050,103,103,0
106,1060,106,106,0
107,1070,110,110,0
108,1080,113,113,0
109,1090,117,117,0
110,1100,121,121,0
111,1110,124,124,0
112,1120,128,128,0
113,1130,132,132,0
114,1140,137,137,0
115,1150,137,137,0
116,1160,139,139,0
117,1170,140,140,0
118,1180,143,143,0
119,1190,147,147,0
120,1200,152,152,0
121,1210,153,153,0
122,1220,157,157,0
123,1230,160,160,0
124,1240,166,166,0
125,1250,169,169,0
126,1260,175,175,0
127,1270,178,178,0
128,1280,181,181,0
129,1290,182,182,0
130,1300,184,184,0
131,1310,189,189,0
132,1320,198,198,0
133,1330,203,203,0
134,1340,205,205,0
135,1350,207,207,0
136,1360,209,209,0
137,1370,211,211,0
138,1380,215,215,0
139,1390,220,220,0
140,1400,227,227,0
141,1410,232,232,0
142,1420,237,237,0
143,1430,239,239,0
144,1440,242,242,0
145,1450,249,249,0
146,1460,252,252,0
147,1470,258,258,0
148,1480,263,263,0
149,1490,265,265,0
150,1500,271,271,0
151,1510,275,275,0
152,1520,279,279,0
153,1530,288,288,0
154,1540,299,299,0
155,1550,304,304,0
156,1560,307,307,0
157,1570,311,311,0
158,1580,319,319,0
159,1590,327,327,0
160,1600,331,331,0
161,1610,336,336,0
162,1620,344,344,0
163,1630,354,354,0
164,1640,359,359,0
165,1650,365,365,0
166,1660,369,369,0
167,1670,375,375,0
168,1680,379,379,0
169,1690,383,383,0
170,1700,394,394,0
171,1710,401,401,0
172,1720,411,411,0
173,1730,417,417,0
174,1740,424,424,0
175,1750,426,426,0
176,1760,434,434,0
177,1770,445,445,0
178,1780,451,451,0
179,1790,458,458,0
180,1800,467,467,0
181,1810,478,478,0
182,1820,483,483,0
183,1830,492,492,0
184,1840,505,505,0
185,1850,512,512,0
186,1860,517,517,0
187,1870,524,524,0
188,1880,535,535,0
189,1890,539,539,0
190,1900,546,546,0
191,1910,553,553,0
192,1920,563,563,0
193,1930,567,567,0
194,1940,574,574,0
195,1950,583,583,0
196,1960,595,595,0
197,1970,608,608,0
198,1980,618,618,0
199,1990,628,628,0
200,2000,640,640,0
201,2010,652,652,0
202,2020,658,658,0
203,2030,666,666,0
204,2040,675,675,0
205,2050,682,682,0
206,2060,692,692,0
207,2070,699,699,0
208,2080,709,709,0
209,2090,718,718,0
210,2100,726,726,0
211,2110,741,741,0
212,2120,758,758,0
213,2130,770,770,0
214,2140,781,781,0
215,2150,795,795,0
216,2160,802,802,0
217,2170,810,810,0
218,2180,825,825,0
219,2190,837,837,0
220,2200,848,848,0
221,2210,860,860,0
222,2220,870,870,0
223,2230,874,874,0
224,2240,884,884,0
225,2250,895,895,0
226,2260,906,906,0
227,2270,919,919,0
228,2280,926,926,0
229,2290,939,939,0
230,2300,955,955,0
231,2310,965,965,0
232,2320,979,979,0
233,2330,991,991,0
234,2340,1004,1004,0
235,2350,1018,1018,0
236,2360,1025,1025,0
237,2370,1048,1048,0
238,2380,1057,1057,0
239,2390,1071,1071,0
240,2400,1085,1085,0
241,2410,1098,1098,0
242,2420,1111,1111,0
243,2430,1124,1124,0
244,2440,1138,1138,0
245,2450,1151,1151,0
246,2460,1158,1158,0
247,2470,1171,1171,0
248,2480,1187,1187,0
249,2490,1200,1200,0
250,2500,1213,1213,0
251,2510,1229,1229,0
252,2520,1243,1243,0
253,2530,1258,1258,0
254,2540,1278,1278,0
255,2550,1290,1290,0
256,2560,1301,1301,0
257,2570,1314,1314,0
258,2580,1331,1331,0
259,2590,1344,1344,0
260,2600,1360,1360,0
261,2610,1377,1377,0
262,2620,1390,1390,0
263,2630,1404,1404,0
264,2640,1415,1415,0
265,2650,1430,1430,0
266,2660,1445,1445,0
267,2670,1465,1465,0
268,2680,1478,1478,0
269,2690,1487,1487,0
270,2700,1510,1510,0
271,2710,1526,1526,0
272,2720,1539,1539,0
273,2730,1561,1561,0
274,2740,1578,1578,0
275,2750,1597,1597,0
276,2760,1624,1624,0
277,2770,1635,1635,0
278,2780,1658,1658,0
279,2790,1667,1667,0
280,2800,1685,1685,0
281,2810,1692,1692,0
282,2820,1712,1712,0
283,2830,1720,1720,0
284,2840,1736,1736,0
285,2850,1753,1753,0
286,2860,1768,1768,0
287,2870,1786,1786,0
288,2880,1804,1804,0
289,2890,1823,1823,0
290,2900,1839,1839,0
291,2910,1853,1853,0
292,2920,1871,1871,0
293,2930,1889,1889,0
294,2940,1911,1911,0
295,2950,1932,1932,0
296,2960,1947,1947,0
297,2970,1972,1972,0
298,2980,1998,1998,0
299,2990,2013,2013,0
300,3000,2026,2026,0
301,3010,2048,2048,0
302,3020,2065,2065,0
303,3030,2080,2080,0
304,3040,2097,2097,0
305,3050,2116,2116,0
306,3060,2139,2139,0
307,3070,2152,2152,0
308,3080,2169,2169,0
309,3090,2188,2188,0
310,3100,2209,2209,0
311,3110,2230,2230,0
312,3120,2252,2252,0
313,3130,2267,2267,0
314,3140,2291,2291,0
315,3150,2319,2319,0
316,3160,2343,2343,0
317,3170,2370,2370,0
318,3180,2397,2397,0
319,3190,2417,2417,0
320,3200,2434,2434,0
321,3210,2450,2450,0
322,3220,2468,2468,0
323,3230,2490,2490,0
324,3240,2512,2512,0
325,3250,2534,2534,0
326,3260,2562,2562,0
327,3270,2580,2580,0
328,3280,2594,2594,0
329,3290,2621,2621,0
330,3300,2638,2638,0
331,3310,2656,2656,0
332,3320,2678,2678,0
333,3330,2701,2701,0
334,3340,2722,2722,0
335,3350,2744,2744,0
336,3360,2762,2762,0
337,3370,2773,2773,0
338,3380,2800,2800,0
339,3390,2822,2822,0
340,3400,2844,2844,0
341,3410,2872,2872,0
342,3420,2900,2900,0
343,3430,2931,2931,0
344,3440,2949,2949,0
345,3450,2970,2970,0
346,3460,3000,3000,0
347,3470,3023,3023,0
348,3480,3049,3049,0
349,3490,3070,3070,0
350,3500,3091,3091,0
351,3510,3117,3117,0
352,3520,3149,3149,0
353,3530,3170,3170,0
354,3540,3197,3197,0
355,3550,3221,3221,0
356,3560,3241,3241,0
357,3570,3265,3265,0
358,3580,3299,3299,0
359,3590,3327,3327,0
360,3600,3352,3352,0
361,3610,3384,3384,0
362,3620,3412,3412,0
363,3630,3436,3436,0
364,3640,3472,3472,0
365,3650,3497,3497,0
366,3660,3517,3517,0
367,3670,3553,3553,0
368,3680,3578,3578,0
369,3690,3608,3608,0
370,3700,3634,3634,0
371,3710,3662,3662,0
372,3720,3696,3696,0
373,3730,3722,3722,0
374,3740,3751,3751,0
375,3750,3778,3778,0
376,3760,3807,3807,0
377,3770,3832,3832,0
378,3780,3865,3865,0
379,3790,3892,3892,0
380,3800,3920,3920,0
381,3810,3955,3955,0
382,3820,3995,3995,0
383,3830,4024,4024,0
384,3840,4053,4053,0
385,3850,4086,4086,0
386,3860,4123,4123,0
387,3870,4149,4149,0
388,3880,4173,4173,0
389,3890,4196,4196,0
390,3900,4230,4230,0
391,3910,4260,4260,0
392,3920,4282,4282,0
393,3930,4311,4311,0
394,3940,4335,4335,0
395,3950,4372,4372,0
396,3960,4407,4407,0
397,3970,4434,4434,0
398,3980,4461,4461,0
399,3990,4499,4499,0
400,4000,4534,4534,0
401,4010,4570,4570,0
402,4020,4602,4602,0
403,4030,4637,4637,0
404,4040,4671,4671,0
405,4050,4699,4699,0
406,4060,4741,4741,0
407,4070,4769,4769,0
408,4080,4813,4813,0
409,4090,4838,4838,0
410,4100,4865,4865,0
411,4110,4893,4893,0
412,4120,4925,4925,0
413,4130,4955,4955,0
414,4140,4993,4993,0
415,4150,5024,5024,0
416,4160,5063,5063,0
417,4170,5107,5107,0
418,4180,5138,5138,0
419,4190,5166,5166,0
420,4200,5208,5208,0
421,4210,5259,5259,0
422,4220,5301,5301,0
423,4230,5338,5338,0
424,4240,5371,5371,0
425,4250,5410,5410,0
426,4260,5455,5455,0
427,4270,5492,5492,0
428,4280,5527,5527,0
429,4290,5558,5558,0
430,4300,5587,5587,0
431,4310,5608,5608,0
432,4320,5641,5641,0
433,4330,5679,5679,0
434,4340,5715,5715,0
435,4350,5755,5755,0
436,4360,5796,5796,0
437,4370,5838,5838,0
438,4380,5880,5880,0
439,4390,5917,5917,0
440,4400,5958,5958,0
441,4410,6012,6012,0
442,4420,6048,6048,0
443,4430,6096,6096,0
444,4440,6136,6136,0
445,4450,6179,6179,0
446,4460,6214,6214,0
447,4470,6253,6253,0
448,4480,6291,6291,0
449,4490,6330,6330,0
450,4500,6371,6371,0
451,4510,6414,6414,0
452,4520,6453,6453,0
453,4530,6493,6493,0
454,4540,6524,6524,0
455,4550,6562,6562,0
456,4560,6607,6607,0
457,4570,6646,6646,0
458,4580,6677,6677,0
459,4590,6719,6719,0
460,4600,6763,6763,0
461,4610,6814,6814,0
462,4620,6854,6854,0
463,4630,6906,6906,0
464,4640,6951,6951,0
465,4650,6991,6991,0
466,4660,7034,7034,0
467,4670,7079,7079,0
468,4680,7128,7128,0
469,4690,7159,7159,0
470,4700,7207,7207,0
471,4710,7245,7245,0
472,4720,7284,7284,0
473,4730,7322,7322,0
474,4740,7362,7362,0
475,4750,7407,7407,0
476,4760,7441,7441,0
477,4770,7488,7488,0
478,4780,7534,7534,0
479,4790,7579,7579,0
480,4800,7614,7614,0
481,4810,7665,7665,0
482,4820,7710,7710,0
483,4830,7758,7758,0
484,4840,7813,7813,0
485,4850,7857,7857,0
486,4860,7904,7904,0
487,4870,7953,7953,0
488,4880,8003,8003,0
489,4890,8062,8062,0
490,4900,8110,8110,0
491,4910,8161,8161,0
492,4920,8220,8220,0
493,4930,8273,8273,0
494,4940,8319,8319,0
495,4950,8368,8368,0
496,4960,8418,8418,0
497,4970,8458,8458,0
498,4980,8498,8498,0
499,4990,8552,8552,0
500,5000,8602,8602,0
501,5010,8657,8657,0
502,5020,8702,8702,0
503,5030,8750,8750,0
504,5040,8798,8798,0
505,5050,8854,8854,0
506,5060,8896,8896,0
507,5070,8946,8946,0
508,5080,9002,9002,0
509,5090,9047,9047,0
510,5100,9101,9101,0
511,5110,9170,9170,0
512,5120,9230,9230,0
513,5130,9283,9283,0
514,5140,9334,9334,0
515,5150,9382,9382,0
516,5160,9437,9437,0
517,5170,9489,9489,0
518,5180,9532,9532,0
519,5190,9584,9584,0
520,5200,9630,9630,0
521,5210,9678,9678,0
522,5220,9726,9726,0
523,5230,9777,9777,0
524,5240,9832,9832,0
525,5250,9869,9869,0
526,5260,9921,9921,0
527,5270,9973,9973,0
528,5280,10034,10034,0
529,5290,10078,10078,0
530,5300,10128,10128,0
531,5310,10188,10188,0
532,5320,10250,10250,0
533,5330,10308,10308,0
534,5340,10357,10357,0
535,5350,10415,10415,0
536,5360,10466,10466,0
537,5370,10514,10514,0
538,5380,10575,10575,0
539,5390,10637,10637,0
540,5400,10698,10698,0
541,5410,10753,10753,0
542,5420,10801,10801,0
543,5430,10858,10858,0
544,5440,10912,10912,0
545,5450,10979,10979,0
546,5460,11027,11027,0
547,5470,11076,11076,0
548,5480,11120,11120,0
549,5490,11170,11170,0
550,5500,11223,11223,0
551,5510,11277,11277,0
552,5520,11342,11342,0
553,5530,11416,11416,0
554,5540,11479,11479,0
555,5550,11539,11539,0
556,5560,11605,11605,0
557,5570,11661,11661,0
558,5580,11713,11713,0
559,5590,11754,11754,0
560,5600,11806,11806,0
561,5610,11869,11869,0
562,5620,11929,11929,0
563,5630,11987,11987,0
564,5640,12025,12025,0
565,5650,12082,12082,0
566,5660,12160,12160,0
567,5670,12215,12215,0
568,5680,12278,12278,0
569,5690,12331,12331,0
570,5700,12404,12404,0
571,5710,12477,12477,0
572,5720,12536,12536,0
573,5730,12603,12603,0
574,5740,12656,12656,0
575,5750,12717,12717,0
576,5760,12783,12783,0
577,5770,12852,12852,0
578,5780,12907,12907,0
579,5790,12977,12977,0
580,5800,13048,13048,0
581,5810,13112,13112,0
582,5820,13166,13166,0
583,5830,13229,13229,0
584,5840,13287,13287,0
585,5850,13350,13350,0
586,5860,13414,13414,0
587,5870,13493,13493,0
588,5880,13563,13563,0
589,5890,13630,13630,0
590,5900,13697,13697,0
591,5910,13765,13765,0
592,5920,13840,13840,0
593,5930,13917,13917,0
594,5940,13980,13980,0
595,5950,14041,14041,0
596,5960,14110,14110,0
597,5970,14178,14178,0
598,5980,14237,14237,0
599,5990,14306,14306,0
600,6000,14374,14374,0
601,6010,14443,14443,0
602,6020,14525,14525,0
603,6030,14588,14588,0
604,6040,14653,14653,0
605,6050,14729,14729,0
606,6060,14806,14806,0
607,6070,14883,14883,0
608,6080,14962,14962,0
609,6090,15018,15018,0
610,6100,15086,15086,0
611,6110,15164,15164,0
612,6120,15227,15227,0
613,6130,15289,15289,0
614,6140,15360,15360,0
615,6150,15432,15432,0
616,6160,15521,15521,0
617,6170,15582,15582,0
618,6180,15656,15656,0
619,6190,15736,15736,0
620,6200,15802,15802,0
621,6210,15882,15882,0
622,6220,15953,15953,0
623,6230,16029,16029,0
624,6240,16108,16108,0
625,6250,16181,16181,0
626,6260,16250,16250,0
627,6270,16341,16341,0
628,6280,16406,16406,0
629,6290,16496,16496,0
630,6300,16566,16566,0
631,6310,16628,16628,0
632,6320,16696,16696,0
633,6330,16765,16765,0
634,6340,16836,16836,0
635,6350,16901,16901,0
636,6360,16980,16980,0
637,6370,17061,17061,0
638,6380,17149,17149,0
639,6390,17216,17216,0
640,6400,17286,17286,0
641,6410,17375,17375,0
642,6420,17466,17466,0
643,6430,17556,17556,0
644,6440,17629,17629,0
645,6450,17703,17703,0
646,6460,17791,17791,0
647,6470,17876,17876,0
648,6480,17973,17973,0
649,6490,18061,18061,0
650,6500,18136,18136,0
651,6510,18211,18211,0
652,6520,18291,18291,0
653,6530,18375,18375,0
654,6540,18452,18452,0
655,6550,18522,18522,0
656,6560,18604,18604,0
657,6570,18679,18679,0
658,6580,18765,18765,0
659,6590,18863,18863,0
660,6600,18948,18948,0
661,6610,19023,19023,0
662,6620,19122,19122,0
663,6630,19203,19203,0
664,6640,19281,19281,0
665,6650,19366,19366,0
666,6660,19451,19451,0
667,6670,19523,19522,1
668,6680,19598,19597,1
669,6690,19675,19674,1
670,6700,19737,19736,1
671,6710,19822,19821,1
672,6720,19871,19870,1
673,6730,19933,19932,1
674,6740,19988,19987,1
675,6750,20036,20035,1
676,6760,20097,20096,1
677,6770,20146,20145,1
678,6780,20187,20186,1
679,6790,20242,20241,1
680,6800,20297,20296,1
681,6810,20341,20340,1
682,6820,20404,20403,1
683,6830,20463,20462,1
684,6840,20520,20519,1
685,6850,20566,20565,1
686,6860,20636,20635,1
687,6870,20697,20695,2
688,6880,20771,20769,2
689,6890,20832,20830,2
690,6900,20927,20925,2
691,6910,20990,20988,2
692,6920,21045,21043,2
693,6930,21094,21092,2
694,6940,21145,21143,2
695,6950,21204,21202,2
696,6960,21267,21265,2
697,6970,21329,21327,2
698,6980,21384,21382,2
699,6990,21457,21455,2
700,7000,21507,21505,2
701,7010,21573,21571,2
702,7020,21654,21652,2
703,7030,21717,21714,3
704,7040,21774,21771,3
705,7050,21816,21813,3
706,7060,21895,21891,4
707,7070,21942,21938,4
708,7080,22016,22012,4
709,7090,22074,22070,4
710,7100,22150,22146,4
711,7110,22218,22214,4
712,7120,22290,22286,4
713,7130,22353,22349,4
714,7140,22407,22403,4
715,7150,22482,22478,4
716,7160,22548,22544,4
717,7170,22609,22605,4
718,7180,22697,22693,4
719,7190,22769,22765,4
720,7200,22846,22842,4
721,7210,22915,22910,5
722,7220,22982,22977,5
723,7230,23037,23032,5
724,7240,23112,23106,6
725,7250,23168,23161,7
726,7260,23230,23223,7
727,7270,23317,23310,7
728,7280,23401,23393,8
729,7290,23480,23472,8
730,7300,23565,23557,8
731,7310,23650,23642,8
732,7320,23706,23698,8
733,7330,23753,23745,8
734,7340,23837,23828,9
735,7350,23934,23925,9
736,7360,23999,23990,9
737,7370,24080,24071,9
738,7380,24152,24142,10
739,7390,24230,24220,10
740,7400,24312,24300,12
741,7410,24383,24370,13
742,7420,24458,24443,15
743,7430,24519,24504,15
744,7440,24590,24575,15
745,7450,24652,24636,16
746,7460,24714,24698,16
747,7470,24780,24764,16
748,7480,24862,24846,16
749,7490,24946,24930,16
750,7500,25006,24990,16
751,7510,25097,25080,17
752,7520,25162,25144,18
753,7530,25243,25225,18
754,7540,25311,25293,18
755,7550,25400,25382,18
756,7560,25496,25477,19
757,7570,25575,25555,20
758,7580,25653,25632,21
759,7590,25736,25712,24
760,7600,25821,25795,26
761,7610,25908,25880,28
762,7620,26007,25977,30
763,7630,26119,26088,31
764,7640,26221,26190,31
765,7650,26300,26268,32
766,7660,26354,26322,32
767,7670,26441,26409,32
768,7680,26507,26474,33
769,7690,26570,26537,33
770,7700,26662,26629,33
771,7710,26749,26715,34
772,7720,26827,26792,35
773,7730,26910,26873,37
774,7740,26995,26955,40
775,7750,27055,27013,42
776,7760,27132,27085,47
777,7770,27208,27158,50
778,7780,27293,27238,55
779,7790,27362,27307,55
780,7800,27444,27389,55
781,7810,27508,27452,56
782,7820,27573,27515,58
783,7830,27657,27597,60
784,7840,27737,27676,61
785,7850,27829,27766,63
786,7860,27901,27836,65
787,7870,27996,27931,65
788,7880,28093,28028,65
789,7890,28177,28111,66
790,7900,28280,28213,67
791,7910,28360,28292,68
792,7920,28444,28374,70
793,7930,28526,28454,72
794,7940,28622,28548,74
795,7950,28712,28638,74
796,7960,28795,28719,76
797,7970,28855,28775,80
798,7980,28933,28851,82
799,7990,29033,28949,84
800,8000,29125,29041,84
801,8010,29215,29130,85
802,8020,29305,29219,86
803,8030,29406,29319,87
804,8040,29480,29391,89
805,8050,29552,29463,89
806,8060,29662,29571,91
807,8070,29746,29654,92
808,8080,29831,29739,92
809,8090,29929,29836,93
810,8100,30024,29928,96
811,8110,30124,30028,96
812,8120,30209,30113,96
813,8130,30288,30190,98
814,8140,30366,30266,100
815,8150,30445,30344,101
816,8160,30524,30421,103
817,8170,30608,30504,104
818,8180,30727,30622,105
819,8190,30829,30720,109
820,8200,30910,30800,110
821,8210,31009,30897,112
822,8220,31115,31002,113
823,8230,31203,31088,115
824,8240,31281,31165,116
825,8250,31372,31256,116
826,8260,31473,31356,117
827,8270,31588,31469,119
828,8280,31689,31564,125
829,8290,31785,31657,128
830,8300,31876,31747,129
831,8310,31951,31819,132
832,8320,32052,31918,134
833,8330,32144,32009,135
834,8340,32228,32092,136
835,8350,32343,32207,136
836,8360,32444,32306,138
837,8370,32519,32380,139
838,8380,32587,32447,140
839,8390,32662,32518,144
840,8400,32743,32598,145
841,8410,32826,32680,146
842,8420,32919,32772,147
843,8430,33015,32865,150
844,8440,33117,32967,150
845,8450,33221,33070,151
846,8460,33341,33188,153
847,8470,33443,33289,154
848,8480,33545,33391,154
849,8490,33656,33498,158
850,8500,33766,33605,161
851,8510,33857,33695,162
852,8520,33960,33797,163
853,8530,34064,33900,164
854,8540,34164,33998,166
855,8550,34264,34097,167
856,8560,34357,34186,171
857,8570,34449,34278,171
858,8580,34560,34388,172
859,8590,34677,34505,172
860,8600,34785,34611,174
861,8610,34892,34716,176
862,8620,34976,34800,176
863,8630,35068,34891,177
864,8640,35170,34992,178
865,8650,35264,35085,179
866,8660,35343,35163,180
867,8670,35432,35251,181
868,8680,35527,35345,182
869,8690,35649,35466,183
870,8700,35744,35560,184
871,8710,35865,35674,191
872,8720,35968,35774,194
873,8730,36093,35898,195
874,8740,36173,35977,196
875,8750,36287,36089,198
876,8760,36383,36184,199
877,8770,36477,36275,202
878,8780,36560,36358,202
879,8790,36631,36429,202
880,8800,36737,36532,205
881,8810,36832,36622,210
882,8820,36961,36749,212
883,8830,37051,36836,215
884,8840,37152,36934,218
885,8850,37247,37027,220
886,8860,37346,37125,221
887,8870,37428,37206,222
888,8880,37543,37320,223
889,8890,37654,37427,227
890,8900,37760,37532,228
891,8910,37878,37649,229
892,8920,37969,37739,230
893,8930,38069,37837,232
894,8940,38168,37933,235
895,8950,38268,38033,235
896,8960,38371,38135,236
897,8970,38472,38235,237
898,8980,38577,38338,239
899,8990,38682,38440,242
900,9000,38770,38527,243
901,9010,38879,38635,244
902,9020,38977,38730,247
903,9030,39077,38829,248
904,9040,39185,38935,250
905,9050,39302,39052,250
906,9060,39379,39129,250
907,9070,39464,39213,251
908,9080,39573,39318,255
909,9090,39687,39427,260
910,9100,39782,39520,262
911,9110,39905,39642,263
912,9120,40021,39756,265
913,9130,40159,39892,267
914,9140,40272,40002,270
915,9150,40398,40125,273
916,9160,40540,40264,276
917,9170,40674,40396,278
918,9180,40785,40504,281
919,9190,40883,40598,285
920,9200,41006,40720,286
921,9210,41094,40807,287
922,9220,41221,40931,290
923,9230,41363,41067,296
924,9240,41455,41156,299
925,9250,41578,41276,302
926,9260,41706,41401,305
927,9270,41811,41504,307
928,9280,41929,41619,310
929,9290,42076,41765,311
930,9300,42189,41874,315
931,9310,42279,41961,318
932,9320,42395,42074,321
933,9330,42517,42194,323
934,9340,42647,42324,323
935,9350,42784,42460,324
936,9360,42902,42576,326
937,9370,43035,42709,326
938,9380,43175,42844,331
939,9390,43296,42964,332
940,9400,43431,43097,334
941,9410,43557,43218,339
942,9420,43661,43319,342
943,9430,43783,43437,346
944,9440,43917,43567,350
945,9450,44038,43686,352
946,9460,44152,43796,356
947,9470,44271,43913,358
948,9480,44401,44041,360
949,9490,44532,44167,365
950,9500,44652,44287,365
951,9510,44780,44414,366
952,9520,44912,44541,371
953,9530,45025,44652,373
954,9540,45147,44773,374
955,9550,45273,44895,378
956,9560,45408,45026,382
957,9570,45503,45119,384
958,9580,45620,45235,385
959,9590,45768,45379,389
960,9600,45893,45502,391
961,9610,46021,45627,394
962,9620,46146,45748,398
963,9630,46272,45872,400
964,9640,46406,46003,403
965,9650,46518,46112,406
966,9660,46633,46227,406
967,9670,46732,46325,407
968,9680,46872,46461,411
969,9690,46990,46577,413
970,9700,47098,46684,414
971,9710,47215,46799,416
972,9720,47343,46925,418
973,9730,47453,47034,419
974,9740,47594,47172,422
975,9750,47706,47283,423
976,9760,47849,47423,426
977,9770,47973,47545,428
978,9780,48120,47688,432
979,9790,48234,47799,435
980,9800,48330,47895,435
981,9810,48427,47990,437
982,9820,48560,48121,439
983,9830,48689,48249,440
984,9840,48822,48380,442
985,9850,48962,48520,442
986,9860,49096,48651,445
987,9870,49230,48783,447
988,9880,49352,48904,448
989,9890,49497,49046,451
990,9900,49625,49172,453
991,9910,49744,49290,454
992,9920,49848,49392,456
993,9930,49962,49506,456
994,9940,50095,49636,459
995,9950,50224,49761,463
996,9960,50312,49849,463
997,9970,50431,49964,467
998,9980,50557,50090,467
999,9990,50668,50197,471
1000,10000,50813,50342,471
1001,10010,50929,50456,473
1002,10020,51047,50571,476
1003,10030,51168,50689,479
1004,10040,51300,50817,483
1005,10050,51420,50937,483
1006,10060,51546,51062,484
1007,10070,51665,51178,487
1008,10080,51790,51300,490
1009,10090,51912,51421,491
1010,10100,52048,51557,491
1011,10110,52190,51696,494
1012,10120,52319,51820,499
1013,10130,52451,51949,502
1014,10140,52558,52054,504
1015,10150,52693,52184,509
1016,10160,52793,52283,510
1017,10170,52888,52374,514
1018,10180,53005,52490,515
1019,10190,53138,52622,516
1020,10200,53291,52773,518
1021,10210,53417,52896,521
1022,10220,53554,53030,524
1023,10230,53685,53160,525
1024,10240,53803,53276,527
1025,10250,53947,53417,530
1026,10260,54092,53558,534
1027,10270,54214,53675,539
1028,10280,54384,53842,542
1029,10290,54543,54000,543
1030,10300,54701,54157,544
1031,10310,54830,54285,545
1032,10320,54939,54389,550
1033,10330,55045,54495,550
1034,10340,55167,54613,554
1035,10350,55290,54733,557
1036,10360,55418,54854,564
1037,10370,55577,55010,567
1038,10380,55720,55150,570
1039,10390,55850,55275,575
1040,10400,56003,55426,577
1041,10410,56143,55563,580
1042,10420,56289,55706,583
1043,10430,56414,55829,585
1044,10440,56583,55995,588
1045,10450,56723,56133,590
1046,10460,56869,56273,596
1047,10470,57015,56416,599
1048,10480,57175,56572,603
1049,10490,57335,56728,607
1050,10500,57485,56874,611
1051,10510,57659,57041,618
1052,10520,57821,57198,623
1053,10530,57965,57337,628
1054,10540,58085,57455,630
1055,10550,58232,57600,632
1056,10560,58387,57754,633
1057,10570,58506,57868,638
1058,10580,58681,58040,641
1059,10590,58835,58192,643
1060,10600,58988,58344,644
1061,10610,59106,58462,644
1062,10620,59216,58567,649
1063,10630,59360,58708,652
1064,10640,59510,58854,656
1065,10650,59631,58973,658
1066,10660,59753,59091,662
1067,10670,59899,59235,664
1068,10680,60061,59393,668
1069,10690,60213,59542,671
1070,10700,60366,59689,677
1071,10710,60516,59837,679
1072,10720,60633,59949,684
1073,10730,60773,60085,688
1074,10740,60924,60234,690
1075,10750,61069,60375,694
1076,10760,61220,60524,696
1077,10770,61349,60652,697
1078,10780,61506,60809,697
1079,10790,61658,60957,701
1080,10800,61803,61100,703
1081,10810,61950,61240,710
1082,10820,62086,61374,712
1083,10830,62230,61516,714
1084,10840,62347,61628,719
1085,10850,62516,61791,725
1086,10860,62685,61955,730
1087,10870,62839,62104,735
1088,10880,62968,62230,738
1089,10890,63091,62349,742
1090,10900,63263,62520,743
1091,10910,63411,62664,747
1092,10920,63542,62792,750
1093,10930,63694,62941,753
1094,10940,63844,63090,754
1095,10950,63973,63218,755
1096,10960,64144,63385,759
1097,10970,64304,63544,760
1098,10980,64445,63683,762
1099,10990,64598,63832,766
1100,11000,64771,64001,770
1101,11010,64924,64152,772
1102,11020,65084,64308,776
1103,11030,65231,64455,776
1104,11040,65398,64616,782
1105,11050,65564,64780,784
1106,11060,65719,64934,785
1107,11070,65864,65077,787
1108,11080,65996,65206,790
1109,11090,66144,65352,792
1110,11100,66303,65510,793
1111,11110,66460,65664,796
1112,11120,66640,65841,799
1113,11130,66815,66014,801
1114,11140,66984,66181,803
1115,11150,67139,66336,803
1116,11160,67275,66467,808
1117,11170,67431,66621,810
1118,11180,67587,66775,812
1119,11190,67743,66925,818
1120,11200,67881,67062,819
1121,11210,68044,67217,827
1122,11220,68215,67383,832
1123,11230,68351,67519,832
1124,11240,68533,67697,836
1125,11250,68697,67857,840
1126,11260,68846,68004,842
1127,11270,69009,68165,844
1128,11280,69153,68306,847
1129,11290,69319,68468,851
1130,11300,69488,68635,853
1131,11310,69651,68796,855
1132,11320,69804,68940,864
1133,11330,69966,69097,869
1134,11340,70111,69238,873
1135,11350,70275,69400,875
1136,11360,70459,69581,878
1137,11370,70642,69755,887
1138,11380,70791,69897,894
1139,11390,70955,70055,900
1140,11400,71098,70197,901
1141,11410,71284,70378,906
1142,11420,71449,70538,911
1143,11430,71603,70688,915
1144,11440,71754,70835,919
1145,11450,71927,71004,923
1146,11460,72098,71171,927
1147,11470,72252,71322,930
1148,11480,72386,71454,932
1149,11490,72555,71621,934
1150,11500,72721,71784,937
1151,11510,72884,71941,943
1152,11520,73053,72103,950
1153,11530,73220,72267,953
1154,11540,73398,72443,955
1155,11550,73556,72590,966
1156,11560,73709,72737,972
1157,11570,73882,72906,976
1158,11580,74070,73088,982
1159,11590,74227,73237,990
1160,11600,74382,73389,993
1161,11610,74571,73577,994
1162,11620,74729,73732,997
1163,11630,74902,73901,1001
1164,11640,75076,74071,1005
1165,11650,75230,74222,1008
1166,11660,75393,74380,1013
1167,11670,75558,74538,1020
1168,11680,75739,74714,1025
1169,11690,75937,74908,1029
1170,11700,76115,75085,1030
1171,11710,76305,75266,1039
1172,11720,76464,75420,1044
1173,11730,76639,75592,1047
1174,11740,76839,75785,1054
1175,11750,77035,75974,1061
1176,11760,77180,76112,1068
1177,11770,77330,76252,1078
1178,11780,77531,76444,1087
1179,11790,77732,76639,1093
1180,11800,77907,76811,1096
1181,11810,78064,76962,1102
1182,11820,78224,77113,1111
1183,11830,78399,77281,1118
1184,11840,78579,77461,1118
1185,11850,78726,77603,1123
1186,11860,78902,77771,1131
1187,11870,79067,77933,1134
1188,11880,79252,78115,1137
1189,11890,79420,78281,1139
1190,11900,79598,78454,1144
1191,11910,79774,78624,1150
1192,11920,79948,78791,1157
1193,11930,80115,78954,1161
1194,11940,80283,79119,1164
1195,11950,80472,79303,1169
1196,11960,80659,79483,1176
1197,11970,80848,79668,1180
1198,11980,81023,79840,1183
1199,11990,81195,80005,1190
1200,12000,81385,80190,1195
1201,12010,81568,80365,1203
1202,12020,81733,80527,1206
1203,12030,81921,80711,1210
1204,12040,82093,80879,1214
1205,12050,82257,81035,1222
1206,12060,82462,81235,1227
1207,12070,82633,81406,1227
1208,12080,82790,81562,1228
1209,12090,82965,81736,1229
1210,12100,83130,81897,1233
1211,12110,83338,82098,1240
1212,12120,83521,82276,1245
1213,12130,83704,82456,1248
1214,12140,83909,82658,1251
1215,12150,84080,82825,1255
1216,12160,84268,83004,1264
1217,12170,84450,83180,1270
1218,12180,84626,83351,1275
1219,12190,84820,83543,1277
1220,12200,85014,83731,1283
1221,12210,85202,83915,1287
1222,12220,85378,84085,1293
1223,12230,85563,84268,1295
1224,12240,85743,84445,1298
1225,12250,85940,84639,1301
1226,12260,86130,84823,1307
1227,12270,86350,85039,1311
1228,12280,86500,85185,1315
1229,12290,86680,85354,1326
1230,12300,86834,85507,1327
1231,12310,87062,85727,1335
1232,12320,87245,85906,1339
1233,12330,87419,86077,1342
1234,12340,87616,86271,1345
1235,12350,87806,86456,1350
1236,12360,88025,86671,1354
1237,12370,88211,86853,1358
1238,12380,88384,87021,1363
1239,12390,88554,87183,1371
1240,12400,88778,87400,1378
1241,12410,88964,87581,1383
1242,12420,89189,87801,1388
1243,12430,89358,87963,1395
1244,12440,89557,88157,1400
1245,12450,89740,88335,1405
1246,12460,89915,88504,1411
1247,12470,90114,88699,1415
1248,12480,90336,88912,1424
1249,12490,90524,89098,1426
1250,12500,90699,89267,1432
1251,12510,90886,89449,1437
1252,12520,91053,89612,1441
1253,12530,91259,89813,1446
1254,12540,91456,90002,1454
1255,12550,91645,90185,1460
1256,12560,91860,90392,1468
1257,12570,92063,90588,1475
1258,12580,92245,90766,1479
1259,12590,92431,90947,1484
1260,12600,92612,91121,1491
1261,12610,92822,91328,1494
1262,12620,93033,91533,1500
1263,12630,93261,91759,1502
1264,12640,93463,91954,1509
1265,12650,93660,92149,1511
1266,12660,93833,92320,1513
1267,12670,94032,92513,1519
1268,12680,94214,92691,1523
1269,12690,94394,92867,1527
1270,12700,94601,93068,1533
1271,12710,94813,93277,1536
1272,12720,94996,93455,1541
1273,12730,95192,93646,1546
1274,12740,95388,93839,1549
1275,12750,95596,94038,1558
1276,12760,95796,94234,1562
1277,12770,96015,94451,1564
1278,12780,96221,94649,1572
1279,12790,96404,94828,1576
1280,12800,96618,95035,1583
1281,12810,96774,95186,1588
1282,12820,96974,95384,1590
1283,12830,97188,95596,1592
1284,12840,97407,95811,1596
1285,12850,97636,96033,1603
1286,12860,97841,96229,1612
1287,12870,98031,96413,1618
1288,12880,98217,96592,1625
1289,12890,98430,96798,1632
1290,12900,98656,97016,1640
1291,12910,98874,97227,1647
1292,12920,99080,97431,1649
1293,12930,99306,97649,1657
1294,12940,99501,97840,1661
1295,12950,99696,98033,1663
1296,12960,99896,98229,1667
1297,12970,100077,98405,1672
1298,12980,100292,98611,1681
1299,12990,100467,98780,1687
1300,13000,100674,98985,1689
1301,13010,100839,99147,1692
1302,13020,101027,99331,1696
1303,13030,101208,99506,1702
1304,13040,101420,99712,1708
1305,13050,101635,99923,1712
1306,13060,101844,100127,1717
1307,13070,102089,100367,1722
1308,13080,102304,100579,1725
1309,13090,102476,100746,1730
1310,13100,102676,100943,1733
1311,13110,102868,101131,1737
1312,13120,103059,101319,1740
1313,13130,103252,101506,1746
1314,13140,103463,101710,1753
1315,13150,103672,101914,1758
1316,13160,103876,102114,1762
1317,13170,104085,102316,1769
1318,13180,104280,102507,1773
1319,13190,104447,102665,1782
1320,13200,104650,102860,1790
1321,13210,104840,103048,1792
1322,13220,105032,103232,1800
1323,13230,105230,103426,1804
1324,13240,105470,103658,1812
1325,13250,105657,103840,1817
1326,13260,105879,104057,1822
1327,13270,106083,104251,1832
1328,13280,106289,104452,1837
1329,13290,106489,104650,1839
1330,13300,106670,104825,1845
1331,13310,106862,105012,1850
1332,13320,107079,105226,1853
1333,13330,107271,105409,1862
1334,13340,107465,105596,1869
1335,13350,107717,105843,1874
1336,13360,107960,106080,1880
1337,13370,108168,106284,1884
1338,13380,108371,106480,1891
1339,13390,108576,106676,1900
1340,13400,108741,106838,1903
1341,13410,108930,107018,1912
1342,13420,109133,107218,1915
1343,13430,109328,107409,1919
1344,13440,109538,107611,1927
1345,13450,109770,107839,1931
1346,13460,109992,108052,1940
1347,13470,110214,108262,1952
1348,13480,110436,108478,1958
1349,13490,110676,108710,1966
1350,13500,110904,108932,1972
1351,13510,111100,109122,1978
1352,13520,111317,109335,1982
1353,13530,111516,109531,1985
1354,13540,111746,109753,1993
1355,13550,112018,110017,2001
1356,13560,112265,110255,2010
1357,13570,112507,110489,2018
1358,13580,112701,110676,2025
1359,13590,112910,110878,2032
1360,13600,113108,111072,2036
1361,13610,113339,111295,2044
1362,13620,113548,111498,2050
1363,13630,113775,111714,2061
1364,13640,113993,111926,2067
1365,13650,114226,112152,2074
1366,13660,114466,112384,2082
1367,13670,114672,112586,2086
1368,13680,114916,112823,2093
1369,13690,115156,113053,2103
1370,13700,115397,113288,2109
1371,13710,115668,113550,2118
1372,13720,115881,113756,2125
1373,13730,116112,113983,2129
1374,13740,116334,114195,2139
1375,13750,116598,114452,2146
1376,13760,116814,114662,2152
1377,13770,117006,114849,2157
1378,13780,117236,115072,2164
1379,13790,117485,115315,2170
1380,13800,117737,115561,2176
1381,13810,117987,115803,2184
1382,13820,118230,116044,2186
1383,13830,118466,116275,2191
1384,13840,118671,116478,2193
1385,13850,118893,116694,2199
1386,13860,119148,116938,2210
1387,13870,119336,117125,2211
1388,13880,119570,117352,2218
1389,13890,119800,117576,2224
1390,13900,120036,117809,2227
1391,13910,120259,118024,2235
1392,13920,120482,118245,2237
1393,13930,120713,118471,2242
1394,13940,120971,118724,2247
1395,13950,121183,118932,2251
1396,13960,121414,119155,2259
1397,13970,121615,119352,2263
1398,13980,121820,119551,2269
1399,13990,122056,119781,2275
1400,14000,122306,120025,2281
1401,14010,122538,120248,2290
1402,14020,122826,120530,2296
1403,14030,123045,120743,2302
1404,14040,123292,120984,2308
1405,14050,123520,121204,2316
1406,14060,123739,121417,2322
1407,14070,123994,121668,2326
1408,14080,124186,121856,2330
1409,14090,124409,122074,2335
1410,14100,124642,122301,2341
1411,14110,124882,122534,2348
1412,14120,125069,122718,2351
1413,14130,125275,122918,2357
1414,14140,125473,123115,2358
1415,14150,125719,123353,2366
1416,14160,125973,123603,2370
1417,14170,126247,123872,2375
1418,14180,126482,124095,2387
1419,14190,126739,124345,2394
1420,14200,126961,124560,2401
1421,14210,127184,124772,2412
1422,14220,127435,125016,2419
1423,14230,127709,125281,2428
1424,14240,127974,125543,2431
1425,14250,128198,125766,2432
1426,14260,128444,126007,2437
1427,14270,128691,126246,2445
1428,14280,128938,126484,2454
1429,14290,129147,126684,2463
1430,14300,129393,126919,2474
1431,14310,129614,127132,2482
1432,14320,129824,127338,2486
1433,14330,130083,127588,2495
1434,14340,130333,127835,2498
1435,14350,130547,128043,2504
1436,14360,130736,128227,2509
1437,14370,130974,128454,2520
1438,14380,131203,128679,2524
1439,14390,131476,128950,2526
1440,14400,131751,129216,2535
1441,14410,131985,129444,2541
1442,14420,132235,129687,2548
1443,14430,132475,129922,2553
1444,14440,132746,130180,2566
1445,14450,132921,130351,2570
1446,14460,133192,130611,2581
1447,14470,133428,130842,2586
1448,14480,133692,131093,2599
1449,14490,133908,131307,2601
1450,14500,134158,131551,2607
1451,14510,134421,131804,2617
1452,14520,134651,132023,2628
1453,14530,134893,132261,2632
1454,14540,135127,132487,2640
1455,14550,135403,132757,2646
1456,14560,135676,133026,2650
1457,14570,135934,133279,2655
1458,14580,136202,133539,2663
1459,14590,136435,133765,2670
1460,14600,136696,134012,2684
1461,14610,136934,134240,2694
1462,14620,137154,134451,2703
1463,14630,137407,134699,2708
1464,14640,137667,134952,2715
1465,14650,137900,135178,2722
1466,14660,138176,135447,2729
1467,14670,138433,135700,2733
1468,14680,138667,135928,2739
1469,14690,138942,136195,2747
1470,14700,139228,136474,2754
1471,14710,139485,136725,2760
1472,14720,139724,136958,2766
1473,14730,139981,137208,2773
1474,14740,140238,137459,2779
1475,14750,140506,137717,2789
1476,14760,140736,137944,2792
1477,14770,140999,138196,2803
1478,14780,141272,138461,2811
1479,14790,141522,138705,2817
1480,14800,141771,138947,2824
1481,14810,142059,139221,2838
1482,14820,142343,139502,2841
1483,14830,142597,139749,2848
1484,14840,142845,139990,2855
1485,14850,143116,140251,2865
1486,14860,143416,140545,2871
1487,14870,143676,140798,2878
1488,14880,143897,141014,2883
1489,14890,144190,141301,2889
1490,14900,144451,141557,2894
1491,14910,144691,141788,2903
1492,14920,144945,142034,2911
1493,14930,145189,142273,2916
1494,14940,145440,142517,2923
1495,14950,145675,142743,2932
1496,14960,145901,142966,2935
1497,14970,146145,143197,2948
1498,14980,146386,143430,2956
1499,14990,146635,143673,2962
1500,15000,146884,143911,2973
1501,15010,147189,144209,2980
1502,15020,147512,144524,2988
1503,15030,147775,144780,2995
1504,15040,148048,145047,3001
1505,15050,148336,145327,3009
1506,15060,148565,145551,3014
1507,15070,148814,145796,3018
1508,15080,149074,146049,3025
1509,15090,149314,146282,3032
1510,15100,149583,146542,3041
1511,15110,149837,146785,3052
1512,15120,150108,147048,3060
1513,15130,150395,147323,3072
1514,15140,150650,147564,3086
1515,15150,150949,147846,3103
1516,15160,151240,148125,3115
1517,15170,151476,148351,3125
1518,15180,151732,148601,3131
1519,15190,151975,148837,3138
1520,15200,152269,149114,3155
