tool,run_id,dx_um,uptake_rate_per_min,dt_diffusion_min,average_source,center_source,raw_center_source,time_min,average_uM,center_uM,raw_center_uM
PhysiCell,dx_5um__uptake_12044__dtdiff_0p1min,5.0,12044,0.1,mean over all voxels,mean over unique voxels nearest the configured cell positions,single center voxel nearest the origin,0.0,10.0,10.0,10.0
PhysiCell,dx_5um__uptake_12044__dtdiff_0p1min,5.0,12044,0.1,mean over all voxels,mean over unique voxels nearest the configured cell positions,single center voxel nearest the origin,0.1,9.99891495870861,9.999999999999998,9.999999999999998
PhysiCell,dx_5um__uptake_12044__dtdiff_0p1min,5.0,12044,0.1,mean over all voxels,mean over unique voxels nearest the configured cell positions,single center voxel nearest the origin,0.2,9.997841063762923,9.970649564981034,9.938867809712315
PhysiCell,dx_5um__uptake_12044__dtdiff_0p1min,5.0,12044,0.1,mean over all voxels,mean over unique voxels nearest the configured cell positions,single center voxel nearest the origin,0.3,9.996774339566237,9.944721988959827,9.89855333290011
PhysiCell,dx_5um__uptake_12044__dtdiff_0p1min,5.0,12044,0.1,mean over all voxels,mean over unique voxels nearest the configured cell positions,single center voxel nearest the origin,0.4,9.995717316734938,9.93007889078821,9.889116386826514
PhysiCell,dx_5um__uptake_12044__dtdiff_0p1min,5.0,12044,0.1,mean over all voxels,mean over unique voxels nearest the configured cell positions,single center voxel nearest the origin,0.5,9.994673928482568,9.919147605824666,9.876110744601096
PhysiCell,dx_5um__uptake_12044__dtdiff_0p1min,5.0,12044,0.1,mean over all voxels,mean over unique voxels nearest the configured cell positions,single center voxel nearest the origin,0.6,9.99364919357117,9.910638772912918,9.865821146283999
PhysiCell,dx_5um__uptake_12044__dtdiff_0p1min,5.0,12044,0.1,mean over all voxels,mean over unique voxels nearest the configured cell positions,single center voxel nearest the origin,0.7,9.992648060252051,9.903871951834077,9.857846642800178
PhysiCell,dx_5um__uptake_12044__dtdiff_0p1min,5.0,12044,0.1,mean over all voxels,mean over unique voxels nearest the configured cell positions,single center voxel nearest the origin,0.8,9.991674940181142,9.898351558207438,9.851496210593846
PhysiCell,dx_5um__uptake_12044__dtdiff_0p1min,5.0,12044,0.1,mean over all voxels,mean over unique voxels nearest the configured cell positions,single center voxel nearest the origin,0.9,9.990733465751958,9.89374489676573,9.846297997953624
PhysiCell,dx_5um__uptake_12044__dtdiff_0p1min,5.0,12044,0.1,mean over all voxels,mean over unique voxels nearest the configured cell positions,single center voxel nearest the origin,1.0,9.989826408959436,9.889827103591026,9.841943862658336
PhysiCell,dx_5um__uptake_12044__dtdiff_0p1min,5.0,12044,0.1,mean over all voxels,mean over unique voxels nearest the configured cell positions,single center voxel nearest the origin,1.1,9.988955704998977,9.886442164631307,9.838227432844668
PhysiCell,dx_5um__uptake_12044__dtdiff_0p1min,5.0,12044,0.1,mean over all voxels,mean over unique voxels nearest the configured cell positions,single center voxel nearest the origin,1.2,9.98812253445794,9.883478811872228,9.835005867630056
PhysiCell,dx_5um__uptake_12044__dtdiff_0p1min,5.0,12044,0.1,mean over all voxels,mean over unique voxels nearest the configured cell positions,single center voxel nearest the origin,1.3,9.987327431565202,9.88085567985381,9.832177248016718
PhysiCell,dx_5um__uptake_12044__dtdiff_0p1min,5.0,12044,0.1,mean over all voxels,mean over unique voxels nearest the configured cell positions,single center voxel nearest the origin,1.4,9.986570397980987,9.87851194787521,9.829666912263699
PhysiCell,dx_5um__uptake_12044__dtdiff_0p1min,5.0,12044,0.1,mean over all voxels,mean over unique voxels nearest the configured cell positions,single center voxel nearest the origin,1.5,9.985851010515056,9.876401268360851,9.82741891499769
PhysiCell,dx_5um__uptake_12044__dtdiff_0p1min,5.0,12044,0.1,mean over all voxels,mean over unique voxels nearest the configured cell positions,single center voxel nearest the origin,1.6,9.985168517093726,9.874487715344728,9.825390506492559
PhysiCell,dx_5um__uptake_12044__dtdiff_0p1min,5.0,12044,0.1,mean over all voxels,mean over unique voxels nearest the configured cell positions,single center voxel nearest the origin,1.7,9.984521918941653,9.872743010985412,9.823548453257398
PhysiCell,dx_5um__uptake_12044__dtdiff_0p1min,5.0,12044,0.1,mean over all voxels,mean over unique voxels nearest the configured cell positions,single center voxel nearest the origin,1.8,9.983910039015473,9.871144583496259,9.821866518758195
PhysiCell,dx_5um__uptake_12044__dtdiff_0p1min,5.0,12044,0.1,mean over all voxels,mean over unique voxels nearest the configured cell positions,single center voxel nearest the origin,1.9,9.98333157779019,9.86967418007746,9.820323697571844
PhysiCell,dx_5um__uptake_12044__dtdiff_0p1min,5.0,12044,0.1,mean over all voxels,mean over unique voxels nearest the configured cell positions,single center voxel nearest the origin,2.0,9.982785157953773,9.868316859064839,9.818902952354296
PhysiCell,dx_5um__uptake_12044__dtdiff_0p1min,5.0,12044,0.1,mean over all voxels,mean over unique voxels nearest the configured cell positions,single center voxel nearest the origin,2.1,9.982269359672618,9.867060246621271,9.817590294580162
PhysiCell,dx_5um__uptake_12044__dtdiff_0p1min,5.0,12044,0.1,mean over all voxels,mean over unique voxels nearest the configured cell positions,single center voxel nearest the origin,2.2,9.981782748013845,9.865893981388318,9.816374105374088
PhysiCell,dx_5um__uptake_12044__dtdiff_0p1min,5.0,12044,0.1,mean over all voxels,mean over unique voxels nearest the configured cell positions,single center voxel nearest the origin,2.3,9.981323893947,9.86480929485205,9.8152446271777
PhysiCell,dx_5um__uptake_12044__dtdiff_0p1min,5.0,12044,0.1,mean over all voxels,mean over unique voxels nearest the configured cell positions,single center voxel nearest the origin,2.4,9.980891390154746,9.863798691087348,9.814193578963986
PhysiCell,dx_5um__uptake_12044__dtdiff_0p1min,5.0,12044,0.1,mean over all voxels,mean over unique voxels nearest the configured cell positions,single center voxel nearest the origin,2.5,9.980483862688619,9.862855700171346,9.813213862071008
PhysiCell,dx_5um__uptake_12044__dtdiff_0p1min,5.0,12044,0.1,mean over all voxels,mean over unique voxels nearest the configured cell positions,single center voxel nearest the origin,2.6,9.980099979328282,9.861974686794024,9.812299333321956
PhysiCell,dx_5um__uptake_12044__dtdiff_0p1min,5.0,12044,0.1,mean over all voxels,mean over unique voxels nearest the configured cell positions,single center voxel nearest the origin,2.7,9.979738455346272,9.861150700612944,9.81144462864045
PhysiCell,dx_5um__uptake_12044__dtdiff_0p1min,5.0,12044,0.1,mean over all voxels,mean over unique voxels nearest the configured cell positions,single center voxel nearest the origin,2.8,9.979398057246854,9.860379358436196,9.810645024911944
PhysiCell,dx_5um__uptake_12044__dtdiff_0p1min,5.0,12044,0.1,mean over all voxels,mean over unique voxels nearest the configured cell positions,single center voxel nearest the origin,2.9,9.979077604936128,9.859656750847996,9.809896331048284
PhysiCell,dx_5um__uptake_12044__dtdiff_0p1min,5.0,12044,0.1,mean over all voxels,mean over unique voxels nearest the configured cell positions,single center voxel nearest the origin,3.0,9.978775972688481,9.858979367725123,9.80919480150935
PhysiCell,dx_5um__uptake_12044__dtdiff_0p1min,5.0,12044,0.1,mean over all voxels,mean over unique voxels nearest the configured cell positions,single center voxel nearest the origin,3.1,9.97849208919971,9.858344038437432,9.80853706720338
PhysiCell,dx_5um__uptake_12044__dtdiff_0p1min,5.0,12044,0.1,mean over all voxels,mean over unique voxels nearest the configured cell positions,single center voxel nearest the origin,3.2,9.97822493695609,9.857747883522366,9.807920079912549
PhysiCell,dx_5um__uptake_12044__dtdiff_0p1min,5.0,12044,0.1,mean over all voxels,mean over unique voxels nearest the configured cell positions,single center voxel nearest the origin,3.3,9.977973551100163,9.857188275369095,9.807341067299598
PhysiCell,dx_5um__uptake_12044__dtdiff_0p1min,5.0,12044,0.1,mean over all voxels,mean over unique voxels nearest the configured cell positions,single center voxel nearest the origin,3.4,9.977737017934665,9.856662806010007,9.806797496232688
PhysiCell,dx_5um__uptake_12044__dtdiff_0p1min,5.0,12044,0.1,mean over all voxels,mean over unique voxels nearest the configured cell positions,single center voxel nearest the origin,3.5,9.977514473175013,9.856169260544451,9.8062870426798
PhysiCell,dx_5um__uptake_12044__dtdiff_0p1min,5.0,12044,0.1,mean over all voxels,mean over unique voxels nearest the configured cell positions,single center voxel nearest the origin,3.6,9.977305100035869,9.85570559504583,9.805807566815409
PhysiCell,dx_5um__uptake_12044__dtdiff_0p1min,5.0,12044,0.1,mean over all voxels,mean over unique voxels nearest the configured cell positions,single center voxel nearest the origin,3.7,9.977108127217708,9.85526991805389,9.805357092281278
PhysiCell,dx_5um__uptake_12044__dtdiff_0p1min,5.0,12044,0.1,mean over all voxels,mean over unique voxels nearest the configured cell positions,single center voxel nearest the origin,3.8,9.976922826843897,9.85486047494764,9.804933788773472
PhysiCell,dx_5um__uptake_12044__dtdiff_0p1min,5.0,12044,0.1,mean over all voxels,mean over unique voxels nearest the configured cell positions,single center voxel nearest the origin,3.9,9.9767485123864,9.854475634644285,9.804535957305527
PhysiCell,dx_5um__uptake_12044__dtdiff_0p1min,5.0,12044,0.1,mean over all voxels,mean over unique voxels nearest the configured cell positions,single center voxel nearest the origin,4.0,9.976584536608833,9.854113878186308,9.804162017635727
PhysiCell,dx_5um__uptake_12044__dtdiff_0p1min,5.0,12044,0.1,mean over all voxels,mean over unique voxels nearest the configured cell positions,single center voxel nearest the origin,4.1,9.97643028954789,9.85377378886986,9.803810497453844
PhysiCell,dx_5um__uptake_12044__dtdiff_0p1min,5.0,12044,0.1,mean over all voxels,mean over unique voxels nearest the configured cell positions,single center voxel nearest the origin,4.2,9.976285196548462,9.853454043638955,9.80348002300653
PhysiCell,dx_5um__uptake_12044__dtdiff_0p1min,5.0,12044,0.1,mean over all voxels,mean over unique voxels nearest the configured cell positions,single center voxel nearest the origin,4.3,9.976148716363058,9.85315340552582,9.803169310906389
PhysiCell,dx_5um__uptake_12044__dtdiff_0p1min,5.0,12044,0.1,mean over all voxels,mean over unique voxels nearest the configured cell positions,single center voxel nearest the origin,4.4,9.976020339322726,9.852870716961755,9.80287716092115
PhysiCell,dx_5um__uptake_12044__dtdiff_0p1min,5.0,12044,0.1,mean over all voxels,mean over unique voxels nearest the configured cell positions,single center voxel nearest the origin,4.5,9.975899585583914,9.852604893817547,9.802602449580117
PhysiCell,dx_5um__uptake_12044__dtdiff_0p1min,5.0,12044,0.1,mean over all voxels,mean over unique voxels nearest the configured cell positions,single center voxel nearest the origin,4.6,9.975786003453557,9.852354920059804,9.802344124466952
PhysiCell,dx_5um__uptake_12044__dtdiff_0p1min,5.0,12044,0.1,mean over all voxels,mean over unique voxels nearest the configured cell positions,single center voxel nearest the origin,4.7,9.975679167793265,9.852119842931346,9.802101199093226
PhysiCell,dx_5um__uptake_12044__dtdiff_0p1min,5.0,12044,0.1,mean over all voxels,mean over unique voxels nearest the configured cell positions,single center voxel nearest the origin,4.8,9.975578678502139,9.851898768580853,9.801872748267177
PhysiCell,dx_5um__uptake_12044__dtdiff_0p1min,5.0,12044,0.1,mean over all voxels,mean over unique voxels nearest the configured cell positions,single center voxel nearest the origin,4.9,9.975484159076947,9.851690858080763,9.801657903888014
PhysiCell,dx_5um__uptake_12044__dtdiff_0p1min,5.0,12044,0.1,mean over all voxels,mean over unique voxels nearest the configured cell positions,single center voxel nearest the origin,5.0,9.97539525524777,9.851495323783213,9.801455851108768
PhysiCell,dx_5um__uptake_12044__dtdiff_0p1min,5.0,12044,0.1,mean over all voxels,mean over unique voxels nearest the configured cell positions,single center voxel nearest the origin,5.1,9.975311633686728,9.851311425972623,9.801265824820813
PhysiCell,dx_5um__uptake_12044__dtdiff_0p1min,5.0,12044,0.1,mean over all voxels,mean over unique voxels nearest the configured cell positions,single center voxel nearest the origin,5.2,9.97523298078714,9.851138469780338,9.801087106421145
PhysiCell,dx_5um__uptake_12044__dtdiff_0p1min,5.0,12044,0.1,mean over all voxels,mean over unique voxels nearest the configured cell positions,single center voxel nearest the origin,5.3,9.975159001510232,9.850975802332554,9.800919020830126
PhysiCell,dx_5um__uptake_12044__dtdiff_0p1min,5.0,12044,0.1,mean over all voxels,mean over unique voxels nearest the configured cell positions,single center voxel nearest the origin,5.4,9.975089418296454,9.85082281010707,9.800760933732493
PhysiCell,dx_5um__uptake_12044__dtdiff_0p1min,5.0,12044,0.1,mean over all voxels,mean over unique voxels nearest the configured cell positions,single center voxel nearest the origin,5.5,9.975023970038382,9.850678916478246,9.800612249018648
PhysiCell,dx_5um__uptake_12044__dtdiff_0p1min,5.0,12044,0.1,mean over all voxels,mean over unique voxels nearest the configured cell positions,single center voxel nearest the origin,5.6,9.97496241111219,9.850543579432376,9.800472406406719
PhysiCell,dx_5um__uptake_12044__dtdiff_0p1min,5.0,12044,0.1,mean over all voxels,mean over unique voxels nearest the configured cell positions,single center voxel nearest the origin,5.7,9.974904510464741,9.850416289438195,9.800340879228589
PhysiCell,dx_5um__uptake_12044__dtdiff_0p1min,5.0,12044,0.1,mean over all voxels,mean over unique voxels nearest the configured cell positions,single center voxel nearest the origin,5.8,9.9748500507534,9.850296567459274,9.800217172365352
PhysiCell,dx_5um__uptake_12044__dtdiff_0p1min,5.0,12044,0.1,mean over all voxels,mean over unique voxels nearest the configured cell positions,single center voxel nearest the origin,5.9,9.974798827535745,9.850183963096573,9.800100820319598
PhysiCell,dx_5um__uptake_12044__dtdiff_0p1min,5.0,12044,0.1,mean over all voxels,mean over unique voxels nearest the configured cell positions,single center voxel nearest the origin,6.0,9.974750648506484,9.850078052850913,9.799991385413394
PhysiCell,dx_5um__uptake_12044__dtdiff_0p1min,5.0,12044,0.1,mean over all voxels,mean over unique voxels nearest the configured cell positions,single center voxel nearest the origin,6.1,9.974705332778967,9.849978438496247,9.799888456102154
PhysiCell,dx_5um__uptake_12044__dtdiff_0p1min,5.0,12044,0.1,mean over all voxels,mean over unique voxels nearest the configured cell positions,single center voxel nearest the origin,6.2,9.974662710208783,9.84988474555554,9.799791645395642
PhysiCell,dx_5um__uptake_12044__dtdiff_0p1min,5.0,12044,0.1,mean over all voxels,mean over unique voxels nearest the configured cell positions,single center voxel nearest the origin,6.3,9.974622620757103,9.849796621871887,9.79970058937831
PhysiCell,dx_5um__uptake_12044__dtdiff_0p1min,5.0,12044,0.1,mean over all voxels,mean over unique voxels nearest the configured cell positions,single center voxel nearest the origin,6.4,9.974584913891478,9.849713736268273,9.79961494582186
PhysiCell,dx_5um__uptake_12044__dtdiff_0p1min,5.0,12044,0.1,mean over all voxels,mean over unique voxels nearest the configured cell positions,single center voxel nearest the origin,6.5,9.974549448021959,9.849635777289894,9.799534392883714
PhysiCell,dx_5um__uptake_12044__dtdiff_0p1min,5.0,12044,0.1,mean over all voxels,mean over unique voxels nearest the configured cell positions,single center voxel nearest the origin,6.6,9.974516089970484,9.849562452023504,9.799458627885484
PhysiCell,dx_5um__uptake_12044__dtdiff_0p1min,5.0,12044,0.1,mean over all voxels,mean over unique voxels nearest the configured cell positions,single center voxel nearest the origin,6.7,9.974484714471625,9.849493484988763,9.799387366166178
PhysiCell,dx_5um__uptake_12044__dtdiff_0p1min,5.0,12044,0.1,mean over all voxels,mean over unique voxels nearest the configured cell positions,single center voxel nearest the origin,6.8,9.974455203702878,9.849428617096889,9.799320340005224
PhysiCell,dx_5um__uptake_12044__dtdiff_0p1min,5.0,12044,0.1,mean over all voxels,mean over unique voxels nearest the configured cell positions,single center voxel nearest the origin,6.9,9.97442744684271,9.849367604672334,9.799257297610824
PhysiCell,dx_5um__uptake_12044__dtdiff_0p1min,5.0,12044,0.1,mean over all voxels,mean over unique voxels nearest the configured cell positions,single center voxel nearest the origin,7.0,9.974401339654836,9.849310218533487,9.799198002169462
PhysiCell,dx_5um__uptake_12044__dtdiff_0p1min,5.0,12044,0.1,mean over all voxels,mean over unique voxels nearest the configured cell positions,single center voxel nearest the origin,7.1,9.974376784097094,9.849256243128709,9.799142230952722
PhysiCell,dx_5um__uptake_12044__dtdiff_0p1min,5.0,12044,0.1,mean over all voxels,mean over unique voxels nearest the configured cell positions,single center voxel nearest the origin,7.2,9.974353687953503,9.849205475724256,9.799089774477826
PhysiCell,dx_5um__uptake_12044__dtdiff_0p1min,5.0,12044,0.1,mean over all voxels,mean over unique voxels nearest the configured cell positions,single center voxel nearest the origin,7.3,9.974331964488186,9.849157725640943,9.799040435718595
PhysiCell,dx_5um__uptake_12044__dtdiff_0p1min,5.0,12044,0.1,mean over all voxels,mean over unique voxels nearest the configured cell positions,single center voxel nearest the origin,7.4,9.974311532119795,9.849112813536435,9.79899402936366
PhysiCell,dx_5um__uptake_12044__dtdiff_0p1min,5.0,12044,0.1,mean over all voxels,mean over unique voxels nearest the configured cell positions,single center voxel nearest the origin,7.5,9.974292314115257,9.849070570730541,9.798950381119104
PhysiCell,dx_5um__uptake_12044__dtdiff_0p1min,5.0,12044,0.1,mean over all voxels,mean over unique voxels nearest the configured cell positions,single center voxel nearest the origin,7.6,9.974274238301712,9.849030838570773,9.798909327052797
PhysiCell,dx_5um__uptake_12044__dtdiff_0p1min,5.0,12044,0.1,mean over all voxels,mean over unique voxels nearest the configured cell positions,single center voxel nearest the origin,7.7,9.974257236795543,9.848993467835786,9.798870712977862
PhysiCell,dx_5um__uptake_12044__dtdiff_0p1min,5.0,12044,0.1,mean over all voxels,mean over unique voxels nearest the configured cell positions,single center voxel nearest the origin,7.8,9.974241245747514,9.8489583181744,9.79883439387297
PhysiCell,dx_5um__uptake_12044__dtdiff_0p1min,5.0,12044,0.1,mean over all voxels,mean over unique voxels nearest the configured cell positions,single center voxel nearest the origin,7.9,9.974226205103022,9.848925257578076,9.798800233337179
PhysiCell,dx_5um__uptake_12044__dtdiff_0p1min,5.0,12044,0.1,mean over all voxels,mean over unique voxels nearest the configured cell positions,single center voxel nearest the origin,8.0,9.974212058376605,9.84889416188481,9.79876810307729
PhysiCell,dx_5um__uptake_12044__dtdiff_0p1min,5.0,12044,0.1,mean over all voxels,mean over unique voxels nearest the configured cell positions,single center voxel nearest the origin,8.1,9.97419875243984,9.848864914312573,9.798737882425723
PhysiCell,dx_5um__uptake_12044__dtdiff_0p1min,5.0,12044,0.1,mean over all voxels,mean over unique voxels nearest the configured cell positions,single center voxel nearest the origin,8.2,9.974186237321847,9.84883740502055,9.798709457887117
PhysiCell,dx_5um__uptake_12044__dtdiff_0p1min,5.0,12044,0.1,mean over all voxels,mean over unique voxels nearest the configured cell positions,single center voxel nearest the origin,8.3,9.97417446602163,9.848811530696457,9.798682722711915
PhysiCell,dx_5um__uptake_12044__dtdiff_0p1min,5.0,12044,0.1,mean over all voxels,mean over unique voxels nearest the configured cell positions,single center voxel nearest the origin,8.4,9.974163394331589,9.848787194168448,9.798657576495321
PhysiCell,dx_5um__uptake_12044__dtdiff_0p1min,5.0,12044,0.1,mean over all voxels,mean over unique voxels nearest the configured cell positions,single center voxel nearest the origin,8.5,9.974152980671505,9.8487643040401,9.798633924800155
PhysiCell,dx_5um__uptake_12044__dtdiff_0p1min,5.0,12044,0.1,mean over all voxels,mean over unique voxels nearest the configured cell positions,single center voxel nearest the origin,8.6,9.974143185932395,9.848742774347093,9.79861167880207
PhysiCell,dx_5um__uptake_12044__dtdiff_0p1min,5.0,12044,0.1,mean over all voxels,mean over unique voxels nearest the configured cell positions,single center voxel nearest the origin,8.7,9.974133973329629,9.848722524234336,9.798590754955946
PhysiCell,dx_5um__uptake_12044__dtdiff_0p1min,5.0,12044,0.1,mean over all voxels,mean over unique voxels nearest the configured cell positions,single center voxel nearest the origin,8.8,9.974125308264815,9.848703477652274,9.798571074682087
PhysiCell,dx_5um__uptake_12044__dtdiff_0p1min,5.0,12044,0.1,mean over all voxels,mean over unique voxels nearest the configured cell positions,single center voxel nearest the origin,8.9,9.974117158195853,9.848685563071252,9.798552564071086
PhysiCell,dx_5um__uptake_12044__dtdiff_0p1min,5.0,12044,0.1,mean over all voxels,mean over unique voxels nearest the configured cell positions,single center voxel nearest the origin,9.0,9.974109492514716,9.84866871321287,9.798535153606222
PhysiCell,dx_5um__uptake_12044__dtdiff_0p1min,5.0,12044,0.1,mean over all voxels,mean over unique voxels nearest the configured cell positions,single center voxel nearest the origin,9.1,9.97410228243253,9.848652864797321,9.798518777902393
PhysiCell,dx_5um__uptake_12044__dtdiff_0p1min,5.0,12044,0.1,mean over all voxels,mean over unique voxels nearest the configured cell positions,single center voxel nearest the origin,9.2,9.974095500871421,9.848637958305702,9.798503375460538
PhysiCell,dx_5um__uptake_12044__dtdiff_0p1min,5.0,12044,0.1,mean over all voxels,mean over unique voxels nearest the configured cell positions,single center voxel nearest the origin,9.3,9.974089122362862,9.848623937756512,9.79848888843668
PhysiCell,dx_5um__uptake_12044__dtdiff_0p1min,5.0,12044,0.1,mean over all voxels,mean over unique voxels nearest the configured cell positions,single center voxel nearest the origin,9.4,9.974083122952003,9.848610750495405,9.798475262424677
PhysiCell,dx_5um__uptake_12044__dtdiff_0p1min,5.0,12044,0.1,mean over all voxels,mean over unique voxels nearest the configured cell positions,single center voxel nearest the origin,9.5,9.97407748010771,9.84859834699744,9.798462446251916
PhysiCell,dx_5um__uptake_12044__dtdiff_0p1min,5.0,12044,0.1,mean over all voxels,mean over unique voxels nearest the configured cell positions,single center voxel nearest the origin,9.6,9.974072172637955,9.848586680681082,9.798450391787117
PhysiCell,dx_5um__uptake_12044__dtdiff_0p1min,5.0,12044,0.1,mean over all voxels,mean over unique voxels nearest the configured cell positions,single center voxel nearest the origin,9.7,9.97406718061023,9.84857570773329,9.798439053759573
PhysiCell,dx_5um__uptake_12044__dtdiff_0p1min,5.0,12044,0.1,mean over all voxels,mean over unique voxels nearest the configured cell positions,single center voxel nearest the origin,9.8,9.974062485276683,9.848565386944948,9.798428389589168
PhysiCell,dx_5um__uptake_12044__dtdiff_0p1min,5.0,12044,0.1,mean over all voxels,mean over unique voxels nearest the configured cell positions,single center voxel nearest the origin,9.9,9.974058069003716,9.848555679556124,9.798418359226423
PhysiCell,dx_5um__uptake_12044__dtdiff_0p1min,5.0,12044,0.1,mean over all voxels,mean over unique voxels nearest the configured cell positions,single center voxel nearest the origin,10.0,9.974053915205747,9.848546549110505,9.79840892500213
