id,x,y,z
0.0,-4.266311039166879,-12.602781828305076,-5.995468125769356
1.0,-14.171428144630053,-14.05673567142294,-0.9123510743082103
2.0,6.7770742800263735,-28.849399440947337,-4.112215711919592
3.0,-10.35963771544956,4.804112583006065,-32.845643737657845
4.0,3.0975762247563443,-0.1733334657111452,-5.343798395426967
5.0,-0.5009457138330569,1.7741114503829565,3.628128788524227
6.0,-7.201858748528018,27.870568354954866,7.121225361317519
7.0,15.754368540113644,-11.071467469627288,-7.02280807764487
8.0,-39.26472301162514,-15.316048920731754,4.693418212009355
9.0,-8.792923342373392,-21.086879045709846,-27.5318395496764
10.0,-0.1519147778666218,-25.679815597139363,16.88494283408516
11.0,-24.19974691640632,-14.34844074748746,22.271917732574295
12.0,-12.14933002350721,-8.135188099425998,-18.462530721763596
13.0,-6.269364685159017,-2.58215428844119,-11.330594294858008
14.0,-30.87491352159486,2.354525477872503,29.134402750150738
15.0,-11.544089931330612,14.988384541788456,-23.389626906204942
16.0,-26.961794212261125,26.727368311586257,4.422186218778426
17.0,-29.643981298745114,15.18561497184657,20.88866452235104
18.0,9.711031743080232,-54.16087240587848,5.190628216380939
19.0,3.562868624514754,-20.841299805421098,-22.04324623453199
20.0,10.379691284661373,-10.768237006044926,1.0866366816369921
21.0,3.7599671364588176,-8.577920609982455,25.9819660855033
22.0,-17.978415661846736,1.2164093715805488,-46.04251598204755
23.0,13.799581208327588,19.48972901072309,-24.05576958911557
24.0,8.8668784917121,-2.019448903144037,5.330303054378207
25.0,13.147636976035814,7.705858316653818,10.412828360777857
26.0,2.547656654188789,9.93805974771826,37.29321101218285
27.0,3.739370012916357,17.108589375510473,-22.11469485197698
28.0,13.010488250682023,28.571837359911598,9.575220668572808
29.0,-7.096410446998303,18.56815844599384,22.642599626967584
30.0,3.3449993696414824,32.27247904847496,10.182483408290105
31.0,24.175012203234626,-28.859616808770394,-21.68445999520984
32.0,13.458284676127834,-23.521188416480886,5.282867918892247
33.0,10.568807500932664,-11.58810519039986,10.468754608371237
34.0,34.06989392480188,-3.1340340374706854,-12.20600846671224
35.0,23.502610122394834,3.6675834027255463,14.414153146287273
36.0,26.291714415936518,-12.985527413002446,32.96226361805277
37.0,4.078081730325335,10.141887129250248,-13.19771958495667
38.0,36.713250647690785,19.26789698498775,3.2552938721591405
39.0,34.934274691785426,4.750926430116126,16.662058795628077
40.0,32.267183027194996,2.360131652753164,-2.402863706314271
41.0,-53.9795426005396,-10.328422422354555,3.8534315575701954
42.0,-36.11842715819835,-24.366003162567967,-10.376100597438354
43.0,-41.65434525222429,-44.30864410888672,1.0620781425047177
44.0,-54.214658374327634,-28.87332592440966,21.526204593476226
45.0,-45.09195825366161,-14.783914126775336,-35.6193808745575
46.0,-43.173442739220754,-29.128653860171752,-20.28457859272418
47.0,-32.10399651523308,-16.74074740959585,-2.997930973104855
48.0,-29.06000801054985,-16.859131924655156,13.415340396697044
49.0,-36.533247162438144,-24.702892884234444,33.45498002021749
50.0,-39.64489474692824,4.11441091780423,-36.823245931982555
51.0,-32.385033050878945,-6.243852639038368,-10.519565784469817
52.0,-44.9648891344623,5.140261380320922,-4.874395985832763
53.0,-25.244500780563303,-7.112485017003094,13.11671188173562
54.0,-34.55340641034419,-10.415274256848386,19.575628948845722
55.0,-30.805214417590637,16.041049337616023,-27.812917286641408
56.0,-34.36214686770365,24.421856256053022,-18.42816646069101
57.0,-31.974377953292183,17.11890884766676,2.2753701470595904
58.0,-40.52660989593642,19.589184378054743,21.03602103963331
59.0,-42.268336641030366,17.767998768153767,43.162395978909075
60.0,-31.41656406694501,30.550660313960773,-8.86696432547359
61.0,-32.41650512995341,36.90453657287589,2.649752154860368
62.0,-39.34159254045708,29.70057525484478,18.107364837501102
63.0,-12.464753119252283,-36.56637725976513,-39.882585127259766
64.0,-20.099618765463923,-38.7928833363626,-13.747333623941573
65.0,-16.90662236789779,-30.315002658359823,-5.600099720303743
66.0,-10.875139834553147,-33.77474598544376,21.631041907014403
67.0,-14.533348189512251,-36.13271869344743,33.02490394392764
68.0,-7.721335155809195,-27.915204518762696,-36.595256609293465
69.0,-26.855484659830502,-24.70228962493366,-25.042526996861127
70.0,-7.301080287314331,-25.922834874269537,-6.872093361273214
71.0,-22.936997337275685,-4.244806445812625,3.3510725320347294
72.0,-26.245752939999004,-21.22825015175958,30.66842910292764
73.0,-23.391652910322712,2.474542798683839,-37.35862317546342
74.0,-16.678327470161058,0.7387557493790481,-15.809569663846542
75.0,-21.67893844176633,13.330575416056552,2.4814839605296606
76.0,-15.185349456706414,0.29111911288663,14.752322000186384
77.0,-31.938471228090386,-14.702654708958063,37.428071191428415
78.0,-19.208356740493503,11.296598905759273,-47.2558779478624
79.0,-16.06872205998244,18.5718317275739,-12.454013644129398
80.0,-25.317022408807848,20.821103105834776,-5.710413307433609
81.0,-16.39218148292339,34.4568525034543,9.218155302714834
82.0,-18.205407212715738,8.231835529436239,35.88181421058291
83.0,-16.168564228553088,42.64671710420988,-36.77749655940863
84.0,-8.68701720217923,54.693047182766506,-18.83758227527278
85.0,-24.633240064100626,40.98051831314859,8.856563223185308
86.0,-23.000268451953584,34.783149237202664,22.943158517914366
87.0,-8.093340315200205,35.253517295006695,37.64745015254225
88.0,-7.331708217347597,-53.472141188890994,6.330703621887389
89.0,7.465226746188643,-21.719136804758257,-41.23072548662598
90.0,-0.6297717699451804,-34.83299254363897,-10.325327388620968
91.0,12.704181825822666,-40.250101209970225,16.640404264290883
92.0,-3.1165732340075345,-27.21219469932897,27.32588288001271
93.0,-9.933504360947952,-26.659225165737208,36.30100044262225
94.0,-0.3112538990245756,-12.849079489167512,-44.16830740815669
95.0,-8.384232681584944,-18.119890450050253,-14.221615501578823
96.0,-9.555674061649908,-40.22110689200266,-12.106386566147432
97.0,-2.798778784485582,-14.085474828844633,16.31682312734494
98.0,-15.769569337281272,-18.635970369794528,28.28578846259134
99.0,-0.46571483385002255,4.350691232189914,-47.15186814206289
100.0,13.434367946246985,3.408567305343248,-33.095563537850346
101.0,4.594941283666323,-0.7474747454226657,-16.373995840171315
102.0,-0.6033626849989622,13.58151512396425,-3.7694604711793294
103.0,-7.869885550936434,1.9398208939768213,41.76546759153267
104.0,-3.4000650355276933,-1.4091271630560331,29.782446063640812
105.0,4.116452141624806,16.066949515582017,60.08513950232774
106.0,11.4955208279763,29.414339341466505,-34.716635592357356
107.0,-25.16792116111978,26.207097699072133,-25.969067855512524
108.0,5.328468456513321,21.20016204035173,0.34753309642415786
109.0,-2.2113918294355583,21.834695538448706,13.797747597907252
110.0,6.021260111751661,35.37704041314089,27.819745833810217
111.0,0.10338777835887794,36.001442503971234,-37.39603073618881
112.0,9.791187902028582,34.10912850432058,-17.771989619432762
113.0,22.120705199350585,42.43133333638258,-8.306369734870858
114.0,3.1118347850549606,42.714738483038516,11.970159706614774
115.0,3.8426582536129015,38.131390624955216,43.348204984689325
116.0,-1.394099933368693,39.19145529696866,2.029550408508759
117.0,6.490935959760227,-32.82787726094028,-39.394371010503136
118.0,29.080651503806433,-37.075126921414316,-20.355288304381496
119.0,19.235443040063764,-29.44680075487547,9.730522098440662
120.0,20.30108989690457,-38.7765823453595,24.981002054745062
121.0,2.8607075123862913,-38.22170662154615,36.27231484282319
122.0,14.649299284348857,-24.190135199482633,-24.91273966136157
123.0,16.963124369341944,-15.503580795567979,-18.07164829572853
124.0,17.37554210079169,-34.0443615071393,-9.977300511075152
125.0,16.968617455952792,-19.13737496044597,34.89667203142581
126.0,8.156610378284178,-8.447788489059985,35.93186254534887
127.0,14.175158062967641,0.5051227582359874,-22.53578695885256
128.0,12.758602002257433,2.5814968260015743,-8.73771697702056
129.0,25.588081591889623,-1.437241164577932,5.3154125490705
130.0,24.266805513713653,-8.136564126201046,17.068390473010894
131.0,35.18093706851613,-5.911368620520813,36.64309170757491
132.0,20.074151932061365,12.088385367667971,-29.47682119841705
133.0,21.08669836936387,6.988736477838874,-16.434239800136698
134.0,48.19339684601542,23.811970784304897,-6.172916101090021
135.0,2.674576169244147,16.543969591751576,19.70343583580798
136.0,11.241726062850043,25.52320499799126,34.879286230307805
137.0,21.40328134364181,32.9551943271134,-35.75937302665219
138.0,19.87629273441373,45.104965570396175,-33.03605404320136
139.0,23.059693355432383,31.132058700559277,7.600140157609676
140.0,26.458435631830138,47.29015399832196,24.773653245617545
141.0,13.973537367722937,35.97845151580982,35.45004179251605
142.0,40.0245880691883,-23.110817618548527,-2.797028677842296
143.0,48.841756852606146,-20.89887044409678,3.9203485958540307
144.0,30.804957473757977,-25.32836136994516,13.562072248536253
145.0,27.141125308075843,-9.689523337983866,-30.90930830594374
146.0,47.14786652998536,-10.756063807783793,-20.91540917641674
147.0,41.49313066395568,-12.161060798385103,0.006999002613184614
148.0,40.1137762525597,-19.83866956564934,16.277172381782027
149.0,45.12784869565585,-7.171522395631544,32.625231282268885
150.0,46.29931036533029,-5.798879651817757,-30.693424175269666
151.0,31.40957531625415,8.459318971991625,-11.847808628658257
152.0,55.99638333669757,-13.38120941400962,1.9793873897837861
153.0,33.315292722107195,-7.629822602820769,4.3800486528025875
154.0,31.2790419165544,-6.825910908121074,27.217741975970117
155.0,43.03939832591921,11.397698870059278,-31.472992329161773
156.0,43.36758977458214,14.762588103879436,-22.763062138165925
157.0,47.67497418903851,6.882007105998642,8.174370812147584
158.0,41.79649539025308,22.559188168066918,20.61470473839121
159.0,35.127420662381354,15.070115614713446,26.573924027799308
160.0,29.72163296089303,28.737332317064357,-12.83101947767202
161.0,36.58175545928184,39.46108362616435,-0.45261740736089284
162.0,49.420483155830475,23.71055074368105,13.253987499769334
163.0,51.79653285356877,6.803618704817441,-2.7691195788121807
164.0,-61.08451094167786,2.836188562494523,-10.512718974195526
165.0,-45.63462083078398,-29.74614158192662,-10.27989729866818
166.0,-55.81370115326436,-29.309781462580997,0.36075727319705136
167.0,-44.511905678439064,-40.16023805707597,11.403853407045064
168.0,-46.30455459342761,-19.854122885837835,-26.404837408878045
169.0,-51.794191765573615,-14.09456611187441,-21.66073971798538
170.0,-47.93768376383169,-23.403155173342846,0.6826712460722332
171.0,-40.041462178817866,-2.1373557785814166,16.997749564689844
172.0,-48.83554776486973,-6.48648439079796,22.386169893106235
173.0,-37.30244712458881,-9.271733006239305,-28.80886937197883
174.0,-62.7858371747429,-0.25910657680514204,-19.252129665381855
175.0,-59.42402612119935,7.91534610256714,-0.5378415822983066
176.0,-44.80718263918347,3.9882555271347,10.79330009712779
177.0,-53.34441583012567,3.5872997662518764,18.57454436374506
178.0,-49.877332823718795,1.9307563807903498,-34.709563007959794
179.0,-36.59081664073011,21.16577769178824,-6.559823097745664
180.0,-46.66508043781611,21.788275568581234,-2.620250063808849
181.0,-49.00659590814734,13.717134612773116,15.10442698388079
182.0,-45.436723988044015,18.76867104638577,32.829460463989975
183.0,-43.88333845498709,27.71434514118425,-11.480346699207557
184.0,-57.366516693153905,23.077123920664935,-4.0329671088779095
185.0,-46.632843172554026,24.78778249775631,12.070265443721524
186.0,-31.830955088366064,-42.211545705759676,-15.295391753820272
187.0,-32.467824674185735,-46.82432217904743,7.658810269234392
188.0,-21.98310395214907,-53.8140618873682,15.622255394355356
189.0,-17.632331020240873,-26.431474912967058,-34.06764255218848
190.0,-42.61283600609816,-38.86606866128153,-16.580746396619876
191.0,-31.259021176599035,-38.238434625256154,1.7636823787520746
192.0,-42.68613846947495,-28.658112804189706,19.90240262170686
193.0,-24.428006302396756,-41.724302072987605,22.516873828903492
194.0,-23.186294558991545,-16.31714228420967,-49.70361481232322
195.0,-36.629932560406154,-19.91026607289527,-25.975812988903424
196.0,-36.590768682933785,-5.215054652881125,-18.985563528162533
197.0,-38.125091360187135,-23.851500896396328,-1.2444187111744198
198.0,-39.53030347535636,-18.166478626339313,14.836775853275636
199.0,-34.717160786686584,-13.21022554450797,51.19228474418234
200.0,-24.241204264177632,-11.586965258142206,56.75998960306993
201.0,-36.972299886599124,-2.94877845472914,-45.94854817465838
202.0,-37.2641943818727,1.754660717403868,-26.120571145733297
203.0,-36.73489511426067,10.340357573351126,-18.767214292829998
204.0,-26.375032439778686,3.027693204081153,8.393715751736298
205.0,-35.25392415036519,6.659810427363276,8.815110567806325
206.0,-45.65123348157786,10.042961067609479,38.8732478619165
207.0,-30.057742893858343,-2.2756904049126536,52.15673208331774
208.0,-24.498577838575777,20.814030180736562,-47.09974569646725
209.0,-47.86955964712314,16.871459622639104,-32.606872016803784
210.0,-26.756891898782502,15.448673392293951,-16.592926365270518
211.0,-38.636654393217256,26.92195946361308,3.056627083787954
212.0,-37.61307713410617,9.351029401674069,24.27951670778575
213.0,-35.684756381969486,16.72664219323724,29.44051545921681
214.0,-28.008185294590408,18.469622976698282,47.39813587893602
215.0,-40.18564702104115,20.288479995208842,-26.522881204348657
216.0,-37.13105014104015,45.93044758202361,-22.374067039296126
217.0,-40.33505153642812,37.58462512975965,-5.862435202084442
218.0,-36.293194552297955,34.03997261498182,33.585006107888226
219.0,-22.25141626353481,27.450880531642618,31.206789629152855
220.0,-26.966719351098973,45.65132397210749,-18.627879710750967
221.0,-31.230262485842278,48.25369371503328,-0.20493090929283297
222.0,-34.36151412835636,44.337497642091684,11.428685021846793
223.0,-18.43198724190909,-42.186635712400765,-31.714927979555537
224.0,-15.16483184192636,-49.086882609890914,-11.987556726252562
225.0,-11.012980404634323,-43.70766214506735,5.610663451216142
226.0,-11.690351379397882,-44.1135713337788,23.476938452639523
227.0,-15.27634081144573,-53.26142046922531,27.522667618741746
228.0,-19.271238191489324,-22.30870304400894,-42.58257489138025
229.0,-11.175577850605757,-35.31294241938441,-29.466823999032123
230.0,-5.740370736646433,-35.49955502388054,-20.31142072009831
231.0,-23.71375580755924,-38.204396009309605,-3.695076669616404
232.0,-28.025378781007486,-29.85012066743055,13.265868440646779
233.0,-12.718201967604756,-33.31665257792101,42.94674384098295
234.0,-7.975787413636022,-28.497883307446642,52.97041443149196
235.0,-13.079103575740815,-15.41330666467967,-54.45335785941737
236.0,-26.42124001232378,-19.491592755944488,-35.46727624133541
237.0,-23.864453074989495,-15.650328729903306,-7.759934004358885
238.0,-11.891478887472827,-26.489143269541213,2.809057964201533
239.0,-17.05334094993142,-2.3786698251171883,35.2130181940079
240.0,-28.056785649268015,-24.505680244494012,39.84001600845718
241.0,-9.468369467833341,-16.075194225523266,37.88639311286848
242.0,-27.730775308683167,-4.354137110274321,-55.435421593505765
243.0,-22.305947213308073,-8.346456889527452,-33.74373315491983
244.0,-29.409000424106583,-14.366589158186038,-23.221021713089087
245.0,-8.443208051091819,-4.305038252994638,0.8383996179546294
246.0,-13.690337665936141,1.4161979594806782,26.17325007311926
247.0,-13.714042191851032,-7.260084016872015,44.335814580360484
248.0,-13.233116795832535,2.3864711173848203,50.47817711914271
249.0,-11.645279314976076,18.11751919356117,-51.347788649795035
250.0,-23.114444881365703,23.507739653922478,-37.27629510513145
251.0,-14.529401141859786,25.692452661054208,-21.465903311252237
252.0,-21.205597881323854,9.991383370514438,-9.298852701437253
253.0,-25.637733452151778,16.455560619576598,31.85798903266461
254.0,-13.057333242434277,22.81190607727928,47.91481805805629
255.0,-21.17365190113772,10.524792167442104,46.07423183939405
256.0,-12.993906923771648,26.812992989106647,-56.667826084963885
257.0,-6.874079472230126,27.213263120276586,-39.20163217615878
258.0,-29.43892896846518,39.455053426734246,-25.502752695180394
259.0,-18.0454392363899,32.27841522535144,-10.644258762461934
260.0,-11.491455778797652,39.29634530715869,21.788680942710958
261.0,-15.7634251797924,31.905920705040632,43.74021411640593
262.0,-10.562975420111611,35.07330937408545,52.283297073455486
263.0,-6.454851076770619,46.377690158387495,-37.51104721183534
264.0,-20.864279021697158,59.58646574206763,-9.541289277726486
265.0,-21.616448324049188,47.188479898964246,-6.578745595870274
266.0,-20.371768214464332,42.640742317790355,17.236261627937584
267.0,-19.304109335135905,43.95315382639643,26.851291082089734
268.0,7.365160415734856,-52.75093282260773,-4.968288263641646
269.0,1.0057392231971345,-55.788596963469814,-28.070670925105556
270.0,-4.906592280370796,-49.399110229059566,-18.07652839218554
271.0,-0.27478153919536835,-40.555507321362654,7.319683907342727
272.0,-9.797713296531631,-49.10221726113253,14.341660419515664
273.0,5.98088473540563,-45.21968929499625,24.19307020878833
274.0,-3.1596661058687965,-35.297417090643215,-42.318172156421774
275.0,-7.266442723370575,-44.072590812391404,-35.11487316667966
276.0,2.7197590660952065,-45.42732438350161,-27.296533188826306
277.0,-2.071763953289004,-43.92815685998746,-2.364927120891308
278.0,-2.64818766334587,-38.221719926911426,27.19884854050451
279.0,-3.6028929848574807,-45.96920197443421,43.83340390559191
280.0,7.436969052042925,-24.46955040839766,48.57479337107461
281.0,-1.6568432149719152,-13.644807761146014,-55.18534607357646
282.0,8.515192244358035,-11.664409193176798,-53.56589110411222
283.0,2.344194618081867,-20.84965214614829,-10.736609598047409
284.0,12.99721008784701,-42.612296619186864,-7.961446612486812
285.0,10.90816241994943,-26.81246866256592,14.658227580024883
286.0,-0.09484950105036391,-12.272938759698194,34.876845508143816
287.0,4.126540230945334,-12.944623364066118,52.5133125231131
288.0,-3.131232079168679,-1.946896189411085,-56.66167300346102
289.0,18.23377756166255,2.938911985112641,-62.846322617740476
290.0,-4.135119457441308,-1.4885342113509656,-36.98884160646307
291.0,-4.764887172706375,-1.2494412460321658,-22.543220799541736
292.0,13.74247004072092,-6.126325378838453,-14.614491587103327
293.0,-4.7555786555168655,-3.1040803530911916,19.700347149723225
294.0,11.832101048487628,10.081668615954301,43.660015452562504
295.0,-3.7921476817749884,-3.7301089901915803,50.92280322487626
296.0,13.889114669492052,-8.400363604800908,57.37680041554803
297.0,5.156838655872733,21.222283414779664,-51.11472305850792
298.0,4.728953897701638,18.159123943160836,-41.8009036883625
299.0,-4.128326960117795,24.589339149880214,-3.602141904152211
300.0,-11.509194061009484,15.852699288816881,-2.2858485450530854
301.0,10.420930073843016,29.820257334423278,19.54739358062005
302.0,2.166352303686735,19.165156349260062,29.91704085353498
303.0,-8.136825959989512,14.58658735247991,52.07726123771969
304.0,-4.696215004675774,28.642896434685035,-50.44649395161897
305.0,-0.6025036014441308,38.568151319317444,-17.445330274789615
306.0,12.440114679808879,43.45131169022785,-15.164265273953776
307.0,4.073709334142112,48.987295416995835,-7.315490823491079
308.0,-8.030834808015753,41.35872035500885,10.437435476095768
309.0,1.4867522500546062,29.173671759077873,35.64033715436166
310.0,3.879669679875118,20.342506394156594,50.42865256893284
311.0,1.9154172048519067,54.194856664780716,-16.9991127666245
312.0,1.6407916805494462,59.177187079792496,-6.974925881543117
313.0,12.192577690379398,53.23723287073783,-11.365971605220198
314.0,-10.593818636454346,53.33979334645374,6.047336079064716
315.0,-0.3523254270969769,42.804670335223705,33.36335046737133
316.0,-6.741990131257287,61.46481049626213,0.5350807310788083
317.0,14.377564714043448,-44.08509540651624,-28.763732041817637
318.0,14.585355156834538,-54.63435727088269,-31.13111337683998
319.0,26.388330018090446,-54.68730278319058,-4.89920829862402
320.0,24.697687643331644,-45.04242951327757,15.820569855510149
321.0,24.97907525658586,-50.18262962919702,26.391947647832353
322.0,15.40197352544007,-30.039913818601303,-43.7435918530149
323.0,14.906844376362043,-32.888352004002044,-32.50052822025477
324.0,10.483203879216479,-27.120422241001748,-14.69512779561844
325.0,22.753459552322866,-43.3175455591603,0.360116094753077
326.0,25.254132535707217,-26.918883544589203,22.651164867226424
327.0,19.095726012063118,-37.74797288178143,41.262424241095665
328.0,10.155678139974484,-34.49816881077115,46.42044145789089
329.0,19.375021855500762,-6.459276732536029,-48.545613690927325
330.0,18.556835657502393,-16.61413969863722,-36.81284415825453
331.0,25.293851804799978,-13.32372590208648,-10.55301328683663
332.0,16.090269212015343,-20.990165410725037,-8.208563112060904
333.0,28.158946459071764,-15.229758462377573,8.480760955909608
334.0,28.87270002519875,-22.854698051039264,30.662291279932646
335.0,16.968066802078035,-17.49897656031691,50.63690594694831
336.0,12.96346224307807,3.5822863345210467,-43.21132410744317
337.0,19.515302399848892,-4.784651357188893,-38.10746657147849
338.0,30.22280304932067,2.005626269039299,-20.107463850295726
339.0,13.787899222197488,0.09004792609345658,17.571532932321496
340.0,17.795603049347235,7.7919952023883265,21.88135614628306
341.0,24.63820170103827,-2.242980665463788,33.71031687347142
342.0,18.729002870693016,1.760626934961578,47.86209079555765
343.0,20.45576628578812,11.85983230427916,-48.06035370594392
344.0,21.798491737479917,17.167659305504994,-38.79725796665875
345.0,14.560929787355045,17.85671706040191,-13.59533569041393
346.0,19.737910943177692,10.406622122828743,-5.769592093167671
347.0,21.074960091732404,15.448969561792294,15.191994355880151
348.0,14.984262977426924,1.3150120439905943,36.825361262460405
349.0,18.016840684190683,12.48323727269867,53.08581008238219
350.0,14.157851926519266,21.635008407836825,-45.318108925081596
351.0,15.337569425849097,43.946539866388754,-41.129986405598785
352.0,21.322661313794466,23.85234843309904,-30.18516471581129
353.0,31.27368644404718,24.776628016076135,-2.838579467005654
354.0,17.8649320662503,35.559463395731264,14.36116753493146
355.0,25.521501768848704,38.07737050704489,36.818291161797575
356.0,19.0702945110255,33.45995902260742,45.446268909978976
357.0,12.777696663143287,50.11993470874608,-25.508590326896517
358.0,20.424667295630552,43.555204025947184,-20.466225357765026
359.0,12.797808308817388,49.85132124889395,0.3926514842164063
360.0,17.96716232360298,56.192032357347166,11.90034146302507
361.0,9.373986974802692,46.24768711422393,37.69243653314005
362.0,25.492441451243533,-52.901944117782946,-14.244858431464994
363.0,43.61205532211782,-38.176824058385925,-6.333858222912073
364.0,34.53916135467594,-42.20725537873115,12.467257159571972
365.0,28.836177498212358,-38.86969269381162,-36.861725669688944
366.0,34.53174032319203,-34.83294290913936,-27.60812901560925
367.0,32.37797191174497,-29.305304361678374,2.885142223995034
368.0,30.669410770493723,-35.863844264058244,19.82178496903617
369.0,36.20250025379202,-26.786932025081732,24.053357099808533
370.0,27.068126993675282,-11.690917802608839,-43.41544443994632
371.0,43.51896129065795,-22.38460807612831,-32.66145126234748
372.0,32.63199466465363,-21.621957356542733,-10.513242849991176
373.0,30.882813764685178,-7.781111096018119,-4.1304234440129495
374.0,30.262170173397863,-16.867021470170947,22.017575349012468
375.0,45.55522767272297,-17.30570342350992,32.17629958189567
376.0,37.8843136533085,-19.897024545049696,43.08501829381669
377.0,22.529497166264594,5.982804691761685,-38.78575283962116
378.0,35.58658173948901,5.57650688356921,-29.05602150728228
379.0,45.07015822784271,2.9193789235634275,-28.2794588268868
380.0,46.7555140079529,-5.201510404915464,-11.890630331867868
381.0,48.20665581155194,-10.793840870437446,22.948014395393866
382.0,40.20760806625577,4.647109676573857,38.246979262842444
383.0,28.855531055708802,3.0755058103576527,41.57118133483264
384.0,31.682463266436393,8.069313175890704,-44.844372150013506
385.0,34.74167566511385,15.480675244396767,-29.92154156685347
386.0,36.653865546065774,16.941556471281608,-8.429231959716088
387.0,49.25028633781963,15.254675543890727,17.21778882550222
388.0,43.21520318459052,8.42183739279586,21.841710492487262
389.0,21.42164073518819,13.515435042059515,29.15340859825513
390.0,28.975132885155666,15.490082637389378,34.6946285459599
391.0,34.62509832986164,32.055365665329354,-27.945038489427255
392.0,39.52335174357742,31.86407578959338,-7.5656644077309965
393.0,47.25360630327781,28.823187660860704,5.950361782036645
394.0,22.844002590147134,26.592707594882405,17.12275016107827
395.0,30.102084332272216,24.79316609201931,31.549525118010052
396.0,27.14707097802188,50.114941175279995,-11.549628324771794
397.0,28.163724009005303,45.86700890095033,12.85031109724631
398.0,35.543872525339424,40.68380937193711,16.582287814877418
399.0,43.19073634991097,-23.378327574027182,-13.463549739093597
401.0,35.118766632594344,25.338085888776043,-42.60640298976697
402.0,-51.38363207591894,32.53327843755079,6.693334174692447
403.0,-11.788901813567712,36.4239030729841,-18.047086774695536
404.0,37.76428449374501,21.170790296796216,37.64743357173335
405.0,4.54621394764473,14.67649243318735,-58.06482188477956
406.0,-59.500320110310824,-9.969546067572965,-3.880222843738802
407.0,42.10609176926202,-33.117795080427086,-15.45807594355153
408.0,-53.307134909229944,-1.9702968210117404,-0.9151063063087598
409.0,-48.548499567641244,35.427283511732284,16.549401970412198
410.0,23.72710893127914,54.185326873457456,-1.3247636871211077
411.0,-35.85336297198705,-36.680899614101754,-23.655904791728155
412.0,13.827944562866364,-7.4777601755038585,46.91915058730106
413.0,28.579194242084714,44.874678754673816,-2.050625636043228
414.0,40.099663498928344,20.990288167719417,-35.66155027051009
415.0,-8.19845851573661,-30.721873809456834,-58.79483279449604
416.0,-21.816377567878405,-27.35756608037019,-14.50894502028442
417.0,-15.23605178219479,32.64580828331625,-29.284670932374535
418.0,32.58847678304452,-25.983563578201565,-24.937605225527143
419.0,40.17174339416853,24.325503792838,10.326969036238365
420.0,-10.055200368757353,17.133924778641788,-38.74979963819303
421.0,38.539405137859745,-10.254148191523552,-28.49357611256768
422.0,-6.896717570849242,-35.216955006439065,-0.7790615247047572
423.0,20.749244049797053,21.181759584844215,-3.838850219173914
424.0,33.496431729127195,-37.53707652392458,29.74256467286911
425.0,-31.92941382249976,-33.04988576864134,37.8268021548563
426.0,-53.00897386285075,-16.682401879555787,-10.421609658568787
427.0,-37.64638207531739,16.14386230688896,-37.68251380020058
428.0,11.433411428365405,-14.957258481103548,42.46638137237483
429.0,-21.905516771472833,27.73519858852972,15.479333825604146
430.0,-13.713771759580053,12.6439805681171,27.841802279177877
431.0,-13.569220040179266,-2.2085988977932898,-58.22312577928638
432.0,51.26328691332973,12.703039025802392,26.353221752080472
433.0,18.51834627014198,-27.2618363389445,43.572010711282154
434.0,0.37865937653713094,8.276382558003766,16.128705480524605
435.0,-6.256978581000516,13.02510690749056,-30.838382483358192
436.0,48.24716500922763,22.42772302143235,-17.95986505663632
437.0,-50.55542933161392,5.266279383598078,-13.143693755687748
438.0,9.751371137759559,14.110859502820354,-5.509685815977148
439.0,11.948020321501314,46.81674645253428,15.432228101695031
440.0,2.8293026964318897,-22.974478729108725,-50.53648697952413
441.0,-31.24170919346754,29.962448796185942,-33.46331447463967
442.0,-24.711789647352333,-47.764933996791335,29.741125904886974
443.0,-5.093487810101334,4.489410119080624,-4.1450117151706145
444.0,-0.12450412977775738,47.85640234891487,19.799119160347647
445.0,-37.56095914902806,-15.731495687334148,28.23155331387065
446.0,17.496722339787162,-7.849109852623396,-28.013049077383208
447.0,14.343858655343304,-9.048097760409867,20.818941402697423
448.0,-34.345990651916054,-21.474671169391666,-44.509400610173664
449.0,-28.051666175370645,24.103774282858396,38.72921300817923
450.0,31.71851264694226,19.211279447141735,16.949730972029784
451.0,18.648548240221235,-40.36309486771157,8.277334799363206
452.0,-20.104604006334228,40.16033715633932,-23.209699030046426
453.0,5.421878822985989,-1.7127393175991878,-40.16001643129386
454.0,-21.882006656594324,55.41617028748721,-1.1118420019692516
455.0,-47.888534196967925,11.777143947931602,-22.383106399005488
456.0,-11.3505825599406,8.385965154936269,58.47944880601069
457.0,-31.53201573811315,-40.25810263897667,16.367443521736337
458.0,-18.281797185851232,-16.967277545825013,49.58323738981568
459.0,-8.485889830825537,-34.484761923735775,9.183156160381396
460.0,10.79018149452509,-10.428403012149467,-43.13956318257076
461.0,11.997902655246751,17.826613487096523,-34.50364969242379
462.0,-17.00783641198976,55.70108937484626,16.683027300664893
463.0,-41.5617892165691,-4.751721165031326,32.921568992931036
464.0,-25.720195684529447,-6.168229632586984,-44.245862457347016
465.0,47.10980592800437,18.31261931521182,4.1629494233442035
466.0,-4.8203773398989656,-13.701132190180815,4.574364117935424
467.0,-13.488591098510874,36.674165340387596,-54.03928621643315
468.0,25.98524872171604,-45.52854299430611,-27.49059491684507
469.0,-10.706317510392413,43.420454764498814,31.284641885758468
470.0,-42.89018943707408,-10.64966311669792,-11.883537007738068
471.0,29.89703712206199,11.1838595769461,11.187910084734115
472.0,41.72761072067264,-1.4327359562254856,26.2251435516183
473.0,-11.775554220669887,44.117923591193424,2.0593892407631755
474.0,32.262616869789085,40.15440520377498,-10.896867821523838
475.0,11.703717662718999,-58.64232880792212,-12.149677133208465
476.0,-27.78600336808035,-3.8732405417763265,-24.81861624168491
477.0,16.54458372606221,28.73784877975571,1.1488598993867372
478.0,27.482639992375255,-37.32019048784512,8.41414772999939
479.0,-9.327370041311708,-19.605151343740218,-44.193138466220965
480.0,-21.702235831870983,-31.458685321899807,40.803521138588266
481.0,25.595709268457675,-39.32591079876292,-7.612915844911359
482.0,-52.356899157160875,-34.50068142596041,-19.512138410378952
483.0,-10.774147602754018,21.272359792774726,-30.54478665407544
484.0,33.7339022905222,-48.926796139447845,-3.7575665274132204
485.0,35.69306223820816,-40.3040451808539,2.0500016553862275
486.0,26.44351744971676,-30.233293331883047,-9.284123915522253
487.0,4.739310666198584,36.20394423968181,-27.353263571787362
488.0,6.557852697503835,-18.706011717088213,27.21880501527755
489.0,28.79204388857801,34.111863949336644,-2.8266137854055864
490.0,18.60881058880962,46.03873050714335,31.556313087991462
491.0,52.436955975471434,13.011453730475305,-21.461653624720658
492.0,39.54891958769703,-18.672877091975526,-22.727735711336905
493.0,6.2414762143735505,-9.585862476065168,-7.7085900413975414
494.0,-6.154320642337876,34.734789693530104,-9.739518929663706
495.0,15.053726372578545,-24.264171819610187,24.823523363010572
496.0,-33.030778469488375,-7.74172869421388,29.653554217386755
497.0,-21.190574093306747,5.149245487816608,-56.77207294072914
498.0,24.015307336597964,1.2251914402678734,-28.60418421725636
499.0,6.840705657979836,-41.424220548387005,-0.9730184944545289
500.0,-40.72469519629291,-11.748327873855194,42.440178448020376
501.0,-14.95629324950559,-16.947221355255994,-34.35604472935352
502.0,-46.95199166520567,9.993318885511606,24.63877333490632
503.0,5.473059564860497,-50.8931517307839,14.087260133858956
504.0,10.403163099162498,-45.34156452431179,-17.847807319368616
505.0,4.475756327191818,20.844292780074092,-8.806397006058786
506.0,4.941324332688546,45.952329484252765,-40.871178282789884
507.0,16.725695126302362,54.00259318457171,23.173876624027844
508.0,49.534247999218344,-24.36359633575899,-22.9369665797334
509.0,-27.355527120689516,39.95323213065521,-8.183410590317035
510.0,-1.1317217358385048,5.226700610681603,-30.069176007605243
511.0,2.495226906526609,-1.1057528411387556,41.3481396509696
512.0,1.9825906206757293,-32.415752192607584,51.69078355925108
513.0,-29.14551881983855,7.958108173421525,39.267159786524985
514.0,1.8813098582047196,-8.805247267787548,9.67673247301965
515.0,-3.6060090572994685,9.281441391564021,-21.316672122077595
516.0,-8.665466825659573,-58.48909188955398,-14.38123164662045
517.0,-3.38047229039072,-28.06064392862915,-26.352299808823485
518.0,-41.744523214408666,-20.509306378673234,-16.803785530924873
519.0,9.165932883526235,-27.888109828452652,39.551632800124175
520.0,-35.5287699989221,-31.925383164345654,-15.768209957131308
521.0,3.3434623830934735,31.276822618956064,-9.001301742286383
522.0,-0.20717943822362087,-9.287403249848152,-26.461263745366075
523.0,43.940090362325776,42.551782944354926,-8.07431780159183
524.0,49.62313759762625,-16.21491184980998,-7.207168892084939
525.0,35.66913087803327,5.1087110677759835,28.436013599022157
526.0,-19.977195528085716,6.497964376991777,-28.803931850803
527.0,20.854791025256176,-5.336981400362372,26.106853566954175
528.0,-21.8395100690763,35.02221583980553,-1.1832763195811031
529.0,-11.714410000050222,43.87282413901605,-8.869387633946504
530.0,49.226477865598625,-0.43934372065934113,17.07216627512439
531.0,-43.237261619818476,49.17566968323078,-12.433832054610402
532.0,-47.65609839113242,34.93265652872819,27.07229940630033
533.0,-7.866945017128761,-15.144333357662882,50.76545294810986
534.0,-48.02518510404089,-20.539645679077953,35.707323316159595
535.0,-4.079134958798863,17.89621458505814,42.29647701611151
536.0,50.02040598429352,-28.118797663486827,-5.652050224001273
537.0,15.33021765598082,-50.97093715206656,19.660114618044105
538.0,14.499448498552262,61.19135461040211,-3.2165268689959072
539.0,10.980465222157948,-33.96623464392859,5.296484617958171
540.0,-27.732939795117137,3.0972536540224715,-14.319018815589628
541.0,-22.812719687802836,-0.923826911553943,20.752840670226746
542.0,40.715815163532085,10.433208778829522,-1.8409927997131992
543.0,3.3020972165026685,-4.025404151826479,60.29972218794779
544.0,-16.91507396379028,-12.039168441226362,-43.28845550135584
545.0,-31.340080807617472,4.040823018486954,17.833651617693747
546.0,35.049521553009626,-11.347910158374246,14.444314012859865
547.0,-1.7931477970557386,-18.637378709704368,-34.39337041213088
548.0,14.162998884441341,-50.50481637290508,31.26327399251638
549.0,11.881576673122538,31.136003941602254,-49.66607409103288
550.0,27.589140189962503,6.945690621679412,51.86958282750881
551.0,-0.5460780495342673,-21.10296489480311,-0.5538869520917736
552.0,0.5390352450365962,9.137467877591387,27.628590563309267
553.0,-9.542273345577327,8.990480442724907,-12.198491428160036
554.0,37.188565436338955,-1.866653883563978,46.17030857748931
555.0,-29.207496535242143,-26.111759944642145,-4.314323755883341
556.0,-38.591738172029196,1.6849792082577018,-11.795449868395906
557.0,21.324939796454697,27.00685991924265,36.4206082182319
558.0,-22.411034605839955,-37.319488543348164,9.176380177107713
559.0,12.441490374050879,3.12204854633837,57.82378603828422
560.0,-19.483966594496938,20.809489112934056,23.011581970178167
561.0,-25.137818382770785,-10.142813995596393,45.60102692610059
562.0,13.10613629389764,-41.20553321107175,-40.23560127347087
563.0,32.65424915055419,46.65670918725331,-24.39683997332461
564.0,15.257808303089966,20.387655860122212,42.10677538575378
565.0,21.29584573195427,13.950483643769589,5.1035761996224025
566.0,-26.444450837874363,-33.665061294900156,-42.24745567339379
567.0,-24.07606142966918,-45.075385123447504,-23.104516115445474
568.0,35.37573244062613,-9.661382627205972,-37.3145623904054
569.0,43.33474094083737,33.15815714623273,15.023927432814267
570.0,-25.063963529787646,-31.25544186953575,2.655885913333452
571.0,-19.9202726886255,8.984964336327844,11.995419348892412
572.0,-32.21181643684227,-12.1618122233839,-49.723159117639305
573.0,55.41957224598052,-12.310361973138876,31.81430967395764
574.0,32.450552570468496,38.69611463134002,26.850854931266504
575.0,-18.24661705449885,51.24913620521086,-15.554333932924536
576.0,-20.427069122550964,-12.472133478568725,35.894689660480694
577.0,7.414255435207442,10.119549704788371,-28.458573435434502
578.0,-8.262694686174479,59.91470040665305,-10.704911057393412
579.0,36.72010848596138,-18.94485344962379,-42.38015446168559
580.0,-32.64066283061442,10.938817348035322,-7.432408674169512
581.0,4.1143720573157525,-19.0834912760348,8.494601642734624
582.0,-8.812154081260433,7.472086305404875,16.559512669683844
583.0,16.60171665678921,-19.22387513939399,-48.282700710589666
584.0,-16.999220075996508,3.3137801516447922,5.200803279470623
585.0,22.016564995007176,33.29324507464209,26.74487337977053
586.0,-45.82216839164273,-9.210192873833044,11.715812684055294
587.0,-0.20074600153159639,49.1406086461913,43.01451910444251
588.0,8.670110891359707,7.353741650463243,29.058021073855496
589.0,11.991457485416813,39.445493438095234,6.319856113564898
590.0,41.522114645925406,-3.021889292104866,8.458500937932103
591.0,-33.446710067199255,22.045049811993447,12.483946803384175
592.0,-10.818544750572693,26.81468315358554,29.94327329433121
593.0,-30.551076801144276,26.165567123600987,23.2737764694401
594.0,-29.22627799608568,53.09942770804578,-10.977637166609949
595.0,-21.028115169373084,-40.682966141474914,46.00360522738566
596.0,43.81266483628348,-31.850731917301502,3.8307903402708403
597.0,-12.487407480703025,-8.623606542207098,28.603916740336878
598.0,5.564287051574894,4.162383988884732,-55.81190569702188
599.0,-36.04836738637137,-5.1325095100182025,9.144485759999736
600.0,8.118062262185743,46.605380716719324,26.409726862674376
601.0,-50.02374501416044,-36.04857785912591,3.7075479027943614
602.0,16.63322991315064,22.89913067912382,26.364889966888953
603.0,-51.2939997427771,22.184118638827346,23.018200385950916
604.0,-29.83314148985688,-39.6388670258077,-31.44415582575707
605.0,10.735699457665772,43.4952532565539,-32.024244585618725
606.0,21.233575183852416,58.16201134978209,-11.632682878414032
607.0,34.51310947355333,-28.695792241044188,-36.157149369335215
608.0,4.9385603626222725,8.57559882773375,-38.210143235682736
609.0,-23.65789852410915,-8.082365139328793,-15.218607863751437
610.0,-41.69004752510887,15.961048819373293,6.793922321185079
611.0,1.4109372405232765,48.57466989611034,-31.358154125802262
612.0,21.629297231112346,-32.814355897344264,0.08998431726230788
613.0,-37.36141149192565,-37.14962728095828,-6.7641797353007656
614.0,-21.36485533055879,16.79717653026897,-57.17885000626007
615.0,25.115692157326627,-18.268637775235963,42.82257337505142
616.0,42.97622254520824,-0.9344698976722436,-2.924325244190764
617.0,2.9771825546538815,-48.933008495699205,34.92222139365009
618.0,-30.238289837104876,33.44479108558098,13.613451445297668
619.0,-19.531085577047048,-14.014915669759102,-25.3046733584085
620.0,28.269928349435734,-16.76308683646887,-21.565351084915616
621.0,24.261360312328208,-25.368165847271435,-31.65676725504406
622.0,15.543519441823815,-27.333938235505997,53.695161627354075
623.0,-30.417141578104857,-22.685020052552435,5.270112397520138
624.0,30.276498049992004,35.52250802782105,-38.5941514011413
625.0,1.5466877254327676,26.362050232079238,-33.294575248729814
626.0,29.890045268520037,21.152625705646976,-23.507158034877055
627.0,0.4270060346921389,-29.613718972805028,5.932609871618707
628.0,-16.819396979536652,24.113178263711756,4.949741994170252
629.0,-8.849838734584155,-60.25153255604322,-4.019099409029209
630.0,-31.678974727811408,-2.874368181470105,-34.88374789857111
631.0,-23.74175007063302,25.744925374549414,-15.158680452247982
632.0,3.364005071761623,56.15837563454766,3.8505462467225295
633.0,8.748325779902515,-16.20654896127972,-31.32056305819949
634.0,7.163132075393217,7.512460618713614,0.9932403677792758
635.0,0.019234144150901068,29.060927819575465,-20.65720676034872
636.0,-10.772954757954821,-21.6743678774121,18.68752649504874
637.0,-4.749351525128564,-16.22230046729295,26.76831781307886
638.0,-0.45105436561817686,27.938460596218075,21.70199946653167
639.0,-27.15956966593514,39.586391302706446,32.65808434039439
640.0,29.89262939151429,18.89564666840969,-49.41898844983912
641.0,-12.956239717032986,13.4957702448245,7.8369475467391325
642.0,23.435380345349227,-1.6311118583571107,-8.806327812101136
643.0,-16.571447519910308,-29.213188412162044,12.04190838463588
644.0,-22.042038416788195,0.5816892706144536,43.87169398731997
645.0,15.4676950814225,-32.54168291054452,32.91328084006484
646.0,48.83609585651611,6.28882780778992,-12.955953034900693
647.0,53.43134907327665,14.90068112438575,-11.11149085314
648.0,20.522756444978075,-20.30847832600536,15.437325894498326
649.0,-39.64265742325879,53.60365682633858,6.400292617627288
650.0,-56.43487997610576,-0.5919865302915519,29.194074248340623
651.0,0.24968920490108323,-11.240285402961172,-16.249246040142104
652.0,19.714512443739867,26.97580166903751,-19.019271202074638
653.0,-52.0943421526294,-6.121878844121388,-10.552648991234763
654.0,34.352545417078524,-3.489042236028469,-46.81042568270085
655.0,-21.83010808644034,-45.87789671270415,3.189296020666142
656.0,39.28769195698645,35.64313689610199,-19.035075467656483
657.0,15.890048780589447,-35.37853372262991,-20.864836192856288
658.0,26.227460295209067,-21.650522171026303,-42.04313098920856
659.0,-19.82494052118989,18.334259315688936,40.63072966151747
660.0,-30.751322925875765,-46.72868124462153,-4.358090191154955
661.0,-46.63445799110726,-2.6125168119465556,-21.022508730958805
662.0,39.42917789243898,-12.920638994349105,-12.697955798605852
663.0,-34.46707964061524,-12.202364933044972,-39.49087348368091
664.0,-10.958148638359496,33.96350963798169,-1.231295119289397
665.0,-48.7351977148752,-18.391748297311356,19.970817041738915
666.0,25.94587736790779,17.980843745543062,-14.05562870345366
667.0,-15.656943969413087,-18.49376294058888,9.155987716212016
668.0,33.41853831081756,29.10550982724419,15.565145981367348
669.0,10.340456055813398,39.75513097978635,-5.331365535157589
670.0,23.459876560948622,-6.149231050123524,-19.61652109451775
671.0,-34.36562722582093,37.32506205816832,23.791427061911858
672.0,-35.92083859580499,-1.37279981137874,41.45670933377009
673.0,-38.82919748549946,35.63868608348138,-28.809384641009977
674.0,-45.01741557936699,16.044501285377056,-12.198215810839645
675.0,-26.10042518875154,-52.30969591515548,-14.000036282631598
676.0,-28.335935908697767,4.806147204053591,-47.433543414738
677.0,-12.901284159739703,-43.44756500359853,-21.736227817350084
678.0,16.853305524943373,35.83509340029383,-26.58695806291117
679.0,-21.644747672055743,-26.015525234250912,21.831229664055975
680.0,-6.692193769478087,39.2664722039413,-28.152727653320035
681.0,-16.473856793377298,10.13656120063099,-37.405241221265236
682.0,-17.91416963573459,32.56702381636271,-39.66171125943024
683.0,8.69708096794953,11.53838532970992,-48.847064485299306
684.0,-28.528222632617894,12.604557050844914,10.807416823294618
685.0,39.931431518601,14.102404190006114,12.136924223466025
686.0,-32.83103452080962,-22.69102604794998,21.77353742035271
687.0,-60.5099097803755,27.603869290658967,5.961247632252182
688.0,29.55062083863231,14.252446016571033,-2.1843145787577782
689.0,5.615018753086871,-26.720814433547286,-31.310128318458407
690.0,4.976795396569281,32.194999903414434,54.13469902391648
691.0,-26.484739732520023,13.347469318217529,-38.78426696705961
692.0,7.750813643924376,-16.637649763450042,18.40376055783833
693.0,4.269241407359833,27.9285392179148,-43.495774186483246
694.0,-4.144025263004139,34.824873593822055,27.85372110059406
695.0,-20.498879952937962,-6.670324830445418,-5.235235110064129
696.0,7.234147781977713,-32.98739645890186,24.086260146303346
697.0,0.8720611663963054,-59.522613209785845,8.752384383719608
698.0,-13.390083414006824,-51.64482204478894,-1.4578120832436126
699.0,5.824926932924633,16.5704919232469,9.698022869560306
700.0,-10.567897720096258,6.129097335550164,-52.29797788425863
701.0,28.667303782306533,11.40452838478237,-23.046183279533764
702.0,-38.236819011078936,35.595091517035506,-17.227274979360516
703.0,-4.284230064098744,18.782073154178445,-13.599742410542085
704.0,1.4341944027908273,-49.97770558078639,4.487337823252171
705.0,-14.81415772230991,-41.63480658009273,-4.07072770357141
706.0,-22.142861134233627,8.269142447141565,24.81586661986244
707.0,27.57297879576531,36.10737434042508,-21.27467488343297
708.0,-19.714402727196834,16.725606004684266,-29.929384160029294
709.0,-3.6401279512363915,-23.620817102743707,44.42619122514046
710.0,5.878268910797469,19.621898340508512,40.05567429398198
711.0,-12.209901742222078,28.448903573209684,18.740528702814732
712.0,-2.8631712090283368,28.79712053032883,46.20078395256759
713.0,24.00486752402674,-35.40700132128213,-28.20373267278966
714.0,-18.721085365436128,-30.57510114002435,50.693322214114055
715.0,16.53228675743011,3.8322660350964632,1.3401289676418824
716.0,-1.5098384215042884,7.7300071822395395,47.81526765641934
717.0,-4.764871619555343,50.711130680643805,-2.582987365750872
718.0,-40.18851165536646,35.196447377563814,9.80859808075682
719.0,4.635891270153114,-33.005750480409475,-21.989634192694712
720.0,-11.68705604339442,-7.302232716092226,-29.018035590853152
721.0,33.37912395258358,-18.524047682181646,-31.72554915025825
722.0,9.022560858800851,-9.526730013982494,-22.934800172614686
723.0,-43.555354094034215,-3.1818326262383225,2.1320349023795107
724.0,-40.820855619846846,-26.38491494162681,8.619893396269209
725.0,37.03612924884104,-19.739620142624617,6.503859128427076
726.0,47.208935345072064,-23.84091831369736,23.532313380747947
727.0,-8.61066492565011,37.41967858810094,-44.10172276017114
728.0,30.881683013700716,-27.387999859033425,39.790613742149006
729.0,12.502035289360684,15.183855701318494,33.59785359600989
730.0,-16.45202310753114,35.87975380475597,31.047465932497797
731.0,14.00049461944202,28.406265766777157,-9.195043573264705
732.0,-51.458698329127046,-23.45302952994253,-17.920328748920344
733.0,-37.82941125869846,-35.187503384975656,28.685893766713953
734.0,-15.096422833181506,2.5003135169035784,-4.843385740766959
735.0,33.238363707422835,-29.78902542326419,-16.175294835442457
736.0,27.15605594685419,36.13348313018655,17.718904506442566
737.0,-3.7968933958435955,17.9093476237824,5.047397079882985
738.0,-29.7703186151567,8.29811885455481,50.168630802708705
739.0,-15.662629252451708,-26.773578305085834,-23.668729574852975
740.0,-14.361439061298666,-10.402125699806652,17.541345894793405
741.0,44.573086284798514,-13.072762055816154,10.14367157663586
742.0,-48.929836031381875,-18.99822886205368,9.27336692432919
743.0,40.23643124380247,-33.07011069924131,15.440387018973725
744.0,18.69811428729025,-5.59914768535121,0.42263287898753127
745.0,-25.639586894528417,3.82186084606626,-2.3013753171569333
746.0,-20.80922674837001,-22.616103184675637,-0.16765724181616373
747.0,-8.643129229666101,-3.9604753268476314,-46.814521638350406
748.0,-53.545081233943556,31.25816416057351,-9.804620063776216
749.0,-20.143201931372115,-35.75511837371862,-24.992360801763812
750.0,-49.783949981864644,-31.017213609410472,11.99038254526313
751.0,9.091309756110853,28.2689749362637,44.399116290413076
752.0,19.13072580085536,-16.30581655718839,0.9212195569500333
753.0,-34.07248429629885,16.9056340660244,38.68076822983147
754.0,-0.4083787655151064,-35.745142490966785,-32.313336059728755
755.0,31.838922833577268,-16.598079157317283,-1.1785484485339228
756.0,-6.914130564601558,-50.523195034506806,-27.146262685692037
757.0,4.79470833229252,-34.75392304271735,13.948553963836963
758.0,23.225280552740355,-7.379993110767316,42.51487661285059
759.0,-24.43597142430577,-31.605266395366165,31.21068538701635
760.0,-16.066354730408094,-21.077684031789012,-8.834681672204272
761.0,31.506654932433744,-0.11382219695545082,-36.673712002796954
762.0,-6.060084531361884,-22.03688434256879,8.91765193296459
763.0,-22.14900250368766,4.469889859151055,54.993208640599924
764.0,9.559023690206466,36.535633704670765,-42.1594379359876
765.0,38.69450267529232,-11.786920156220976,27.284339818839605
766.0,27.332001170890457,10.272441522825991,22.159228935494067
767.0,-52.6225290364836,17.932410979615725,5.151251959990985
768.0,-3.7122435275502417,-26.491467695288044,-16.77896947909021
769.0,36.03360159418134,44.67825442430155,7.830101488106349
770.0,-8.160895128915964,49.830181152759025,14.894912052767259
771.0,-39.868114062239556,11.018662111213631,-28.89155597442033
772.0,-11.69715153411196,10.622581351465959,44.03405141892232
773.0,24.13358084099923,-23.71208837863346,5.26259634080441
774.0,-24.04589481880119,-13.914409177041113,4.835785437186239
775.0,13.317284578915245,-43.78813987549929,45.69567631446793
776.0,14.128361146399383,38.97801224074819,22.672000041454133
777.0,9.038569050701026,-19.209448314896214,-1.6894275067464706
778.0,17.082782903267358,-55.74415836697148,-4.636097710027665
779.0,21.052350975041065,9.897852295328855,37.9997086822141
780.0,25.923549684670697,-32.04285290190695,31.122379727524454
781.0,-52.19169220644822,13.477940970078903,-3.966596332641589
782.0,-39.42059484667341,-35.7106360110455,-32.5079280096241
783.0,-16.736594628706687,-51.15393239370036,-28.302110010451727
784.0,20.619094447384946,30.602399839569465,-45.30647303167467
785.0,-12.293466239326625,-31.15156626637459,-14.355448779639342
786.0,-15.233966246306684,-12.019388790514803,-10.62800715651118
787.0,-44.01662957057703,-19.28526757974391,-7.506995828127211
788.0,23.323739367916296,-22.9960439389429,-14.509648348885358
789.0,13.085950062424356,16.22584317395689,2.59832901264372
790.0,14.931123700424488,3.3470614592772665,-52.6185792901804
791.0,-3.7434232294593532,47.171490092710116,-22.13508136436015
792.0,25.57867038096885,-41.746316437462674,32.850157183621086
793.0,11.99915626077144,20.024181600380604,17.214853864726315
794.0,42.973897350728485,29.454145135719646,-31.948757205799815
795.0,19.404056378925198,22.355685844234532,7.093003321072939
796.0,-29.338598910139563,-33.532585227580576,22.72308328367439
797.0,-28.975622762978986,-20.336514707882465,-15.499988067134524
798.0,-0.5250273967512036,-31.911400678361893,-50.93980381298747
799.0,-13.87143744911085,-28.75948382020871,-47.03554633435479
800.0,-3.936468481583708,-32.991988556214345,40.136036445904864
801.0,3.881555817469368,-4.7416280051722435,-49.21546906956286
802.0,-15.549043048667086,23.17176147698323,-43.206925445791846
803.0,-11.914533515497034,17.65357058806391,35.2640257411087
804.0,-7.20855636939459,-7.215036765169267,10.656086415526614
805.0,6.924626773576755,-2.663567198626915,50.80437931407193
806.0,-22.887717533276295,37.792376741276016,-32.02152811162719
807.0,39.600834309128025,-0.4234547338282305,-21.131792158251848
808.0,7.2630503602254235,10.820166831369333,52.981352543388276
809.0,-25.402182883293012,51.12785243682244,25.87123317853401
810.0,1.3228892040141473,-26.578250915882318,-59.071233114312584
811.0,9.775507214444564,-44.410856388088106,7.475317260527991
812.0,19.16845833770199,-50.14709567797822,-20.93877562799406
813.0,47.54711457059922,4.75797014261938,30.39293845735076
814.0,-28.16560709302934,33.469729274175776,-18.53096309425817
815.0,-7.678757118919571,9.031793891404094,35.193050828586735
816.0,17.117823660551423,-8.348413569138712,33.99188769293299
817.0,-5.371302414702251,9.172310079752151,-39.43354205146631
818.0,31.524567382654336,17.301352797589733,-38.834983878880315
819.0,55.58502999912626,16.511864658214577,10.220874141138168
820.0,20.922000557140667,-47.578076266763134,-7.884240564782993
821.0,14.522423482179505,-47.63800421055481,-0.06274043557476634
822.0,0.8823075391809194,38.57282784178098,20.195196203445416
823.0,-10.32494901778357,27.095970511703882,-11.875533414425057
824.0,-37.834520250945765,12.007245359712828,15.429017055589552
825.0,38.445635394790955,28.97765015478338,2.378145317318771
826.0,-14.271204600832705,-2.3317464341029175,-37.9351338963135
827.0,36.462971165339916,5.9211872127716605,6.595753953118341
828.0,26.276145641921783,25.51952657943017,-39.36649814371715
829.0,53.98719429303983,5.788617856418823,-27.507486306405593
830.0,-15.82974816047193,-8.263067579297141,7.460185930464161
831.0,-50.498086589711434,6.461351015289498,2.7756532486666097
832.0,5.664311573175055,45.376631397415736,-21.750226535869416
833.0,-27.214667404515307,-4.46787858293985,36.40869782770997
834.0,-36.05235642556867,-26.992517488774073,44.16247380410862
835.0,28.35182233532555,20.137524941755295,7.536180567216794
836.0,-35.04271778506228,-13.56575428840596,-15.56626445866513
837.0,19.738267035151985,47.4759826095584,8.42527851494614
838.0,-38.274602577703504,-9.693824073078986,-4.038028016769549
839.0,-28.32845540151517,6.558040275991675,-24.23377521389819
840.0,-20.196236201365497,40.90352885652238,-13.896082266988653
841.0,-2.752817149941782,4.293542138158376,57.74937127885114
842.0,35.3641834901175,-31.48664397188945,-7.026819112911742
843.0,3.9053965375585293,-44.422437699665075,-9.454459707877218
844.0,-48.47252772791202,-9.589369527023745,37.50175158861813
845.0,-17.91324665559314,-6.695967655086221,-51.130838608178976
846.0,-48.04481517734519,31.486078350336033,-2.072946530147872
847.0,-2.6724037937680176,48.257541352381466,7.11352721894737
848.0,11.610472824410692,-41.7902501787588,36.588663534992534
849.0,-56.25721358353414,-18.70348427601294,-1.7515534317902692
850.0,10.237039459783373,-6.252941543224431,-33.2837874821301
851.0,32.57438290806928,-46.70314220046855,-12.911130989142444
852.0,4.861367118973001,-1.288719050145063,-27.116357836135634
853.0,19.05023042830097,36.42239795229139,-14.624753518086292
854.0,22.55740924037872,39.788490421649506,3.4989971928959265
855.0,-22.577982031665638,19.75760591671859,10.963217293944911
856.0,-12.209789557181066,5.50613318078522,-23.877869266810837
857.0,49.075668660387876,-0.6654098697296338,-20.058375982466146
858.0,7.691885282320793,30.999738179211914,0.6485503617360352
859.0,0.7277647306455143,-42.035587751270704,-17.68311336767644
860.0,28.853792807391322,-46.90084525373493,6.445085064920695
861.0,-21.062060407378855,49.260721953932205,-25.54552555870008
862.0,1.5222748944122195,-7.579178542701821,0.8162682509968451
863.0,36.17901428200009,32.695297544378946,-48.50865481882598
864.0,-37.61901894837381,18.081683939478058,51.49419072850924
865.0,33.68041814778226,-7.80414143314456,-21.097340702355428
866.0,25.141435706863255,-22.790537223102195,-3.9204738972873163
867.0,-21.23475173862286,46.894896510847225,2.6319552852968564
868.0,20.173778463727302,-15.043581478126201,24.658133366309425
869.0,17.586708240525216,-3.1474500135332257,9.872816033919435
870.0,-39.736871663672666,26.02633254862086,-34.07270713139314
871.0,-19.143220153323895,29.091090971284018,-49.72419471260499
872.0,23.487064155574167,16.34925429489554,44.57019374478562
873.0,42.56375259763483,-4.315580891103142,-40.006515662205096
874.0,4.091261571158551,29.140735064603916,-56.32877072627219
875.0,-42.706695491718115,-25.89589939127441,-45.7999783173385
876.0,-3.599215062804035,-35.72804010819924,16.93514031258515
877.0,-31.435456367508493,-42.270129247791196,40.095059114337865
878.0,-5.2187357139957715,-37.44749636695617,47.90337609756181
879.0,-27.505635699768288,-33.991220386341446,-19.85146411333977
880.0,-16.227243536461547,-34.84670530562913,2.974579393958492
881.0,49.676448649352714,-0.6442012474690862,37.77039786935983
882.0,31.489714686398464,-3.041051744589334,11.904934421274628
883.0,-18.015497980357196,10.429498751180105,-18.543568640706678
884.0,27.12892939363865,6.595967978460105,31.514609340721595
885.0,-19.305428023152064,59.68373013851342,7.087226042910619
886.0,24.126196037007997,-43.67214654592619,-15.98550196738578
887.0,-46.645875907109335,-13.858260838617024,29.353559825252464
888.0,-3.7399741224738428,20.695654653420423,57.607832181483815
889.0,48.75917307386234,16.399527468206653,-36.93243025538939
890.0,-16.203754389255057,47.093152808119335,10.419147914163895
891.0,-8.418900748160858,49.731410680707704,24.529561939979846
892.0,-19.035892148083768,-23.10287080495323,37.10389662775808
893.0,-36.992951601976806,-21.632393736518388,-35.35322252006103
894.0,5.219742083922774,1.8443926534829223,21.634566491836896
895.0,-1.5296331117860658,-10.483029874475038,43.821699511798684
896.0,5.818757732096318,-0.5042895857929883,31.70674983032566
897.0,15.134447408683622,-58.699918752760425,-20.961893637450757
898.0,-13.671790694720931,-23.774516007236244,44.797055004581985
899.0,17.565618714802433,-11.917892613637232,-56.003444269144175
900.0,-6.355621626939747,29.085539206754234,-28.98125608694469
901.0,-42.242774144222594,27.3393964726825,27.235032811283357
902.0,-22.645790319694235,-5.770052017436716,28.34521148386414
903.0,-1.9523153070072792,-44.72126454178229,16.992443621804213
904.0,49.81300324745623,-6.382340001555602,3.1785689204224647
905.0,45.50794038212886,35.47659885826937,-0.08269905898297515
906.0,11.865303634592925,10.434615416526306,-20.30362429244856
907.0,-55.103212886627844,-25.59768792914115,-8.304215469413132
908.0,28.65133852051181,-37.60106441196392,40.57520842462409
909.0,8.59555608100557,56.37869554069466,12.988558763874861
910.0,35.72099336767537,-43.59390523839529,-24.348180914355503
911.0,7.296854787941231,24.773320857427198,-16.409723262074046
912.0,-2.644206806290026,13.229913724387762,-52.25706909410779
913.0,-13.58722670807312,-46.33079777554742,33.69914198532621
914.0,-42.606672090827125,1.5823690568730495,24.994400990134686
915.0,-43.30651833692387,-20.85361169694919,43.85614078269674
916.0,44.063196442321306,17.7341795913972,29.798154937879474
917.0,-6.330953565748877,1.9321079061680424,10.455487377211883
918.0,-31.354408924766272,-8.575629979962955,1.9416280663957988
919.0,-35.65173112300515,-35.566104247184974,9.41686721629636
920.0,-38.033675575612186,8.573927850841,33.648933749273354
921.0,-36.46566393564209,24.719304926169347,34.16861431735541
922.0,-23.33159347044397,-40.54592038122324,35.69547500817169
923.0,-14.007700243860972,53.909096969792294,-6.132653249994312
924.0,-5.291913237708651,-49.800566879442876,-8.756732907633248
925.0,-55.03270268665205,3.992422376250854,-22.338794518856893
926.0,16.718052672190876,58.29800995501792,-28.124377094418342
927.0,-54.29821800823361,8.99597747416788,-30.227806673754113
928.0,35.65343517957347,-17.271916277556002,34.370851791696
929.0,6.897026253730316,-6.114240073499289,16.75632769217965
930.0,-5.925975272006122,-23.23466163799923,-53.65094572217758
931.0,13.794689255039305,0.6022908875507258,26.634433325363524
932.0,-8.479800910965963,7.271686752435963,3.4488996510913372
933.0,-3.5925949185082375,19.562815835768667,-45.298403129866706
934.0,-15.765616517089374,25.472111520888493,-4.325260533409633
935.0,2.3236795339737837,0.22932644118633716,12.488784167596146
936.0,-42.75213049198317,-12.475575452288973,-20.93482181010762
937.0,-20.477299698176132,-41.112018711795606,-42.08818509623312
938.0,-8.773450429565194,-10.162134055227897,-38.6876050523242
939.0,-28.35805759478711,-33.48564594708933,-10.158731047351488
940.0,-17.733352165092395,-38.092894244295465,17.211840947095308
941.0,-19.9137360519431,-17.489441521478735,-16.665910973848064
942.0,16.621543117890788,-34.7328817989061,59.30916528490969
943.0,7.304114501721393,26.203939339275653,-25.675949883515788
944.0,-34.1924262092524,-1.4411524460059226,-3.0380602960061793
945.0,42.80332657511391,-37.551375472951875,-23.637363179005025
946.0,-47.123943785826874,2.9990995576287047,32.89994052366217
947.0,-6.277155769772963,-41.05845256416793,36.44928120291709
948.0,15.233327483324901,59.7812985842911,-18.95330137387123
949.0,26.246030444800326,19.911823318820005,24.802978126424144
950.0,-15.26950804844149,13.062362002839768,18.59138502772424
951.0,31.840238353248065,34.395364087387705,6.542591041335658
952.0,1.9503776900861767,16.914921032032613,-32.580684390124446
953.0,37.26023638692452,25.668152652606164,-20.89138325076314
954.0,-52.54334674170565,10.696733863368033,32.07388164983616
955.0,-47.05050143628931,-12.170909434603194,-1.9857173575988794
956.0,1.9301116249300718,-8.976394919475327,-35.10681008365016
957.0,-23.97656726579058,32.53309510921502,39.675899283934484
958.0,21.379897164945316,-35.319862794852895,15.896814565633155
959.0,-42.955437434857004,-31.642608638629824,-0.1914029164130495
960.0,-5.166978076639194,21.85597446140677,-23.338558487972477
961.0,-11.57674037027406,20.10546345549146,13.417456852554375
962.0,-34.33933788699855,43.912052289602194,-12.353472544289463
963.0,31.910672580280764,24.15221840809107,-32.117905289034226
964.0,-6.260495949212026,-5.924682699804646,37.26605429626517
965.0,21.122147967442583,43.36490923517841,18.34511324657539
966.0,-6.748349981993459,-14.148788030118,-22.746639054655855
967.0,-38.20139445820465,5.620904435663498,0.7542854415637003
968.0,-40.511248242478636,-14.283090066660968,-53.24492095737834
969.0,-28.2136638797297,34.61426625070665,-40.92324565489065
970.0,19.71995514037574,34.95063447041076,-4.188970255624968
971.0,-5.188737486989224,34.29225884944837,15.11335076336492
972.0,-62.485712883088574,-1.1074019170853857,-2.058171899302858
973.0,-23.957991867172314,-45.04301807694582,13.641241220832
974.0,-13.282466919686714,-27.894150948403176,27.651595853128317
975.0,-1.540807505788022,42.178647268724525,-7.946223274178791
976.0,23.250870806526212,-55.699467724274854,-27.587579149134047
977.0,-0.9058393037196033,-56.87847782192625,-1.101927045241109
978.0,37.417032343896935,8.511304575586985,-20.13166527620062
979.0,-21.97569386635663,-34.03571780956479,-34.10821084555397
980.0,0.8887565980136622,-26.881164069852318,36.16708223020975
981.0,-41.47996786580826,-27.308106676554527,-29.194204467355213
982.0,3.10032792982791,-17.52630287419445,42.0601522378711
983.0,40.434313400363024,-5.37674176867511,18.29286366615881
984.0,-41.81897251811124,13.384781034994502,-2.8508208081734363
985.0,27.461240689698666,40.35674504482176,-30.873685535453976
986.0,-58.25639865780534,-8.317196493434615,-18.828739830280572
987.0,10.464984805673504,12.934871356157366,22.45632914378771
988.0,20.957648234871183,52.662570719200716,-21.834167564076303
989.0,26.032263613969405,7.045584118910041,3.560325630386082
990.0,5.180689544916292,55.40316626049358,-26.677229006531764
991.0,40.43425154858091,4.1436512638124565,-12.242852816135304
992.0,19.081252226055728,-12.022483685302513,9.560258732825398
993.0,39.76624643481458,23.62483734801977,-12.739763287932883
994.0,-6.998766832633921,8.136801352403518,24.801785683318325
995.0,6.774395646370098,-20.45406664717986,35.13362442764754
996.0,53.00652458600268,-11.181846268585742,-33.99252894741333
997.0,29.087799279863443,-0.2908997111098293,22.196513799790413
998.0,25.641412821214985,-30.406210293419214,-44.391740169665965
