time_min,distance_um,radius_sum_um,overlap_um
0.0,9.0,10.000007794777245,1.000007794777245
0.1,8.998068817250818,10.000007794777245,1.001938977526427
0.2,8.996810820577847,10.000007794777245,1.0031969741993976
0.3,8.995562209318472,10.000007794777245,1.0044455854587735
0.4,8.994326269963784,10.000007794777245,1.0056815248134612
0.5,8.993102864408895,10.000007794777245,1.00690493036835
0.6,8.99189187313913,10.000007794777245,1.0081159216381153
0.7,8.990693177530064,10.000007794777245,1.0093146172471812
0.8,8.989506659934056,10.000007794777245,1.0105011348431887
0.9,8.988332203675228,10.000007794777245,1.0116755911020174
1.0,8.987169693044857,10.000007794777245,1.0128381017323882
1.1,8.986019013296705,10.000007794777245,1.0139887814805402
1.2,8.984880050642282,10.000007794777245,1.015127744134963
1.3,8.983752692246048,10.000007794777245,1.016255102531197
1.4,8.982636826220572,10.000007794777245,1.0173709685566728
1.5,8.981532341621625,10.000007794777245,1.0184754531556202
1.6,8.98043912844323,10.000007794777245,1.019568666334015
1.7,8.979357077612663,10.000007794777245,1.0206507171645818
1.8,8.978286080985407,10.000007794777245,1.0217217137918375
1.9,8.977226031340061,10.000007794777245,1.0227817634371839
2.0,8.976176822373217,10.000007794777245,1.0238309724040278
2.1,8.975138348694287,10.000007794777245,1.024869446082958
2.2,8.974110505820299,10.000007794777245,1.025897288956946
2.3,8.973093190170664,10.000007794777245,1.0269146046065813
2.4,8.9720862990619,10.000007794777245,1.0279214957153453
2.5,8.971089730702328,10.000007794777245,1.028918064074917
2.6,8.970103384186752,10.000007794777245,1.0299044105904933
2.7,8.969127159491094,10.000007794777245,1.0308806352861506
2.8,8.968160957467024,10.000007794777245,1.031846837310221
2.9,8.967204679836541,10.000007794777245,1.0328031149407035
3.0,8.966258229186566,10.000007794777245,1.0337495655906785
3.1,8.965321508963491,10.000007794777245,1.0346862858137538
3.2,8.964394423467716,10.000007794777245,1.0356133713095286
3.3,8.963476877848176,10.000007794777245,1.0365309169290686
3.4,8.962568778096848,10.000007794777245,1.0374390166803966
3.5,8.961670031043253,10.000007794777245,1.038337763733992
3.6,8.960780544348934,10.000007794777245,1.0392272504283113
3.7,8.959900226501933,10.000007794777245,1.040107568275312
3.8,8.95902898681126,10.000007794777245,1.0409788079659847
3.9,8.95816673540135,10.000007794777245,1.0418410593758942
4.0,8.957313383206523,10.000007794777245,1.0426944115707215
4.1,8.956468841965425,10.000007794777245,1.0435389528118204
4.2,8.955633024215482,10.000007794777245,1.0443747705617632
4.3,8.954805843287344,10.000007794777245,1.0452019514899007
4.4,8.953987213299328,10.000007794777245,1.0460205814779169
4.5,8.953177049151861,10.000007794777245,1.0468307456253836
4.6,8.952375266521933,10.000007794777245,1.0476325282553116
4.7,8.95158178185754,10.000007794777245,1.0484260129197054
4.8,8.950796512372142,10.000007794777245,1.0492112824051034
4.9,8.950019376039116,10.000007794777245,1.0499884187381294
5.0,8.949250291586228,10.000007794777245,1.0507575031910168
5.1,8.9484891784901,10.000007794777245,1.0515186162871455
5.2,8.947735956970684,10.000007794777245,1.0522718378065612
5.3,8.946990547985763,10.000007794777245,1.053017246791482
5.4,8.946252873225433,10.000007794777245,1.0537549215518123
5.5,8.945522855106619,10.000007794777245,1.0544849396706262
5.6,8.944800416767597,10.000007794777245,1.0552073780096478
5.7,8.94408548206252,10.000007794777245,1.0559223127147241
5.8,8.943377975555965,10.000007794777245,1.0566298192212802
5.9,8.942677822517487,10.000007794777245,1.0573299722597582
6.0,8.941984948916199,10.000007794777245,1.0580228458610463
6.1,8.941299281415352,10.000007794777245,1.0587085133618928
6.2,8.940620747366948,10.000007794777245,1.059387047410297
6.3,8.939949274806347,10.000007794777245,1.060058519970898
6.4,8.939284792446912,10.000007794777245,1.0607230023303327
6.5,8.938627229674669,10.000007794777245,1.061380565102576
6.6,8.937976516542967,10.000007794777245,1.0620312782342776
6.7,8.937332583767182,10.000007794777245,1.0626752110100632
6.8,8.93669536271942,10.000007794777245,1.0633124320578258
6.9,8.936064785423252,10.000007794777245,1.0639430093539932
7.0,8.93544078454847,10.000007794777245,1.0645670102287745
7.1,8.934823293405852,10.000007794777245,1.0651845013713928
7.2,8.934212245941964,10.000007794777245,1.0657955488352808
7.3,8.93360757673397,10.000007794777245,1.0664002180432757
7.4,8.933009220984474,10.000007794777245,1.0669985737927714
7.5,8.932417114516383,10.000007794777245,1.067590680260862
7.6,8.931831193767788,10.000007794777245,1.0681766010094567
7.7,8.931251395786877,10.000007794777245,1.0687563989903683
7.8,8.930677658226863,10.000007794777245,1.0693301365503824
7.9,8.93010991934094,10.000007794777245,1.0698978754363058
8.0,8.92954811797727,10.000007794777245,1.0704596767999757
8.1,8.92899219357398,10.000007794777245,1.0710156012032641
8.2,8.928442086154208,10.000007794777245,1.0715657086230372
8.3,8.927897736321142,10.000007794777245,1.0721100584561025
8.4,8.927359085253116,10.000007794777245,1.0726487095241293
8.5,8.926826074698713,10.000007794777245,1.0731817200785319
8.6,8.926298646971903,10.000007794777245,1.0737091478053422
8.7,8.9257767449472,10.000007794777245,1.0742310498300451
8.8,8.92526031205486,10.000007794777245,1.074747482722385
8.9,8.924749292276088,10.000007794777245,1.075258502501157
9.0,8.924243630138285,10.000007794777245,1.0757641646389597
9.1,8.92374327071032,10.000007794777245,1.076264524066925
9.2,8.92324815959782,10.000007794777245,1.0767596351794246
9.3,8.922758242938507,10.000007794777245,1.0772495518387384
9.4,8.922273467397543,10.000007794777245,1.0777343273797015
9.5,8.92179378016292,10.000007794777245,1.0782140146143249
9.6,8.92131912894086,10.000007794777245,1.0786886658363848
9.7,8.920849461951265,10.000007794777245,1.0791583328259797
9.8,8.920384727923173,10.000007794777245,1.0796230668540723
9.9,8.919924876090258,10.000007794777245,1.080082918686987
10.0,8.91946985618636,10.000007794777245,1.0805379385908847
10.1,8.919019618441032,10.000007794777245,1.0809881763362128
10.2,8.918574113575117,10.000007794777245,1.0814336812021281
10.3,8.918133292796371,10.000007794777245,1.0818745019808738
10.4,8.917697107795092,10.000007794777245,1.0823106869821526
10.5,8.917265510739796,10.000007794777245,1.0827422840374492
10.6,8.91683845427291,10.000007794777245,1.0831693405043357
10.7,8.9164158915065,10.000007794777245,1.0835919032707455
10.8,8.91599777601803,10.000007794777245,1.0840100187592157
10.9,8.915584061846143,10.000007794777245,1.0844237329311017
11.0,8.915174703486485,10.000007794777245,1.0848330912907596
11.1,8.91476965588753,10.000007794777245,1.0852381388897143
11.2,8.914368874446478,10.000007794777245,1.0856389203307675
11.3,8.913972315005132,10.000007794777245,1.0860354797721126
11.4,8.913579933845849,10.000007794777245,1.086427860931396
11.5,8.913191687687492,10.000007794777245,1.0868161070897528
11.6,8.912807533681418,10.000007794777245,1.087200261095827
11.7,8.9124274294075,10.000007794777245,1.0875803653697442
11.8,8.912051332870181,10.000007794777245,1.0879564619070639
11.9,8.911679202494536,10.000007794777245,1.0883285922827088
12.0,8.911310997122396,10.000007794777245,1.0886967976548494
12.1,8.910946676008468,10.000007794777245,1.089061118768777
12.2,8.910586198816507,10.000007794777245,1.0894215959607383
12.3,8.910229525615511,10.000007794777245,1.0897782691617337
12.4,8.90987661687594,10.000007794777245,1.0901311779013056
12.5,8.909527433465959,10.000007794777245,1.0904803613112861
12.6,8.909181936647734,10.000007794777245,1.0908258581295112
12.7,8.908840088073728,10.000007794777245,1.0911677067035175
12.8,8.908501849783036,10.000007794777245,1.0915059449942088
12.9,8.90816718419776,10.000007794777245,1.0918406105794851
13.0,8.907836054119397,10.000007794777245,1.0921717406578484
13.1,8.907508422725256,10.000007794777245,1.0924993720519893
13.2,8.907184253564916,10.000007794777245,1.0928235412123293
13.3,8.906863510556702,10.000007794777245,1.0931442842205428
13.4,8.906546157984188,10.000007794777245,1.093461636793057
13.5,8.906232160492733,10.000007794777245,1.093775634284512
13.6,8.905921483086045,10.000007794777245,1.0940863116911999
13.7,8.905614091122764,10.000007794777245,1.0943937036544806
13.8,8.90530995031309,10.000007794777245,1.0946978444641555
13.9,8.905009026715414,10.000007794777245,1.0949987680618314
14.0,8.904711286733,10.000007794777245,1.0952965080442443
14.1,8.904416697110689,10.000007794777245,1.0955910976665564
14.2,8.904125224931606,10.000007794777245,1.0958825698456387
14.3,8.903836837613934,10.000007794777245,1.0961709571633111
14.4,8.903551502907682,10.000007794777245,1.096456291869563
14.5,8.903269188891496,10.000007794777245,1.096738605885749
14.6,8.902989863969497,10.000007794777245,1.0970179308077483
14.7,8.902713496868131,10.000007794777245,1.097294297909114
14.8,8.902440056633067,10.000007794777245,1.0975677381441784
14.9,8.9021695126261,10.000007794777245,1.0978382821511445
15.0,8.9019018345221,10.000007794777245,1.098105960255145
15.1,8.901636992305967,10.000007794777245,1.098370802471278
15.2,8.90137495626963,10.000007794777245,1.0986328385076156
15.3,8.901115697009057,10.000007794777245,1.0988920977681875
15.4,8.900859185421305,10.000007794777245,1.0991486093559395
15.5,8.90060539270158,10.000007794777245,1.0994024020756648
15.6,8.900354290340333,10.000007794777245,1.0996535044369118
15.7,8.900105850120378,10.000007794777245,1.0999019446568674
15.8,8.899860044114035,10.000007794777245,1.1001477506632096
15.9,8.899616844680299,10.000007794777245,1.100390950096946
16.0,8.89937622446203,10.000007794777245,1.1006315703152154
16.1,8.899138156383168,10.000007794777245,1.1008696383940766
16.2,8.898902613645983,10.000007794777245,1.1011051811312615
16.3,8.898669569728336,10.000007794777245,1.1013382250489094
16.4,8.89843899838096,10.000007794777245,1.1015687963962844
16.5,8.898210873624794,10.000007794777245,1.1017969211524505
16.6,8.8979851697483,10.000007794777245,1.1020226250289458
16.7,8.897761861304835,10.000007794777245,1.1022459334724104
16.8,8.897540923110038,10.000007794777245,1.1024668716672075
16.9,8.897322330239227,10.000007794777245,1.102685464538018
17.0,8.897106058024843,10.000007794777245,1.1029017367524023
17.1,8.896892082053895,10.000007794777245,1.1031157127233495
17.2,8.896680378165444,10.000007794777245,1.1033274166118012
17.3,8.896470922448097,10.000007794777245,1.1035368723291477
17.4,8.896263691237536,10.000007794777245,1.103744103539709
17.5,8.896058661114054,10.000007794777245,1.1039491336631908
17.6,8.895855808900134,10.000007794777245,1.1041519858771114
17.7,8.895655111658025,10.000007794777245,1.1043526831192203
17.8,8.895456546687365,10.000007794777245,1.10455124808988
17.9,8.895260091522811,10.000007794777245,1.104747703254434
18.0,8.895065723931689,10.000007794777245,1.1049420708455564
18.1,8.89487342191167,10.000007794777245,1.1051343728655745
18.2,8.89468316368848,10.000007794777245,1.1053246310887648
18.3,8.894494927713605,10.000007794777245,1.1055128670636396
18.4,8.894308692662035,10.000007794777245,1.10569910211521
18.5,8.89412443743003,10.000007794777245,1.1058833573472153
18.6,8.89394214113289,10.000007794777245,1.1060656536443556
18.7,8.89376178310277,10.000007794777245,1.1062460116744752
18.8,8.893583342886496,10.000007794777245,1.1064244518907493
18.9,8.893406800243405,10.000007794777245,1.1066009945338404
19.0,8.893232135143215,10.000007794777245,1.10677565963403
19.1,8.893059327763899,10.000007794777245,1.1069484670133463
19.2,8.892888358489598,10.000007794777245,1.1071194362876469
19.3,8.892719207908534,10.000007794777245,1.1072885868687106
19.4,8.89255185681096,10.000007794777245,1.1074559379662858
19.5,8.892386286187108,10.000007794777245,1.107621508590137
19.6,8.892222477225188,10.000007794777245,1.1077853175520573
19.7,8.89206041130937,10.000007794777245,1.1079473834678755
19.8,8.891900070017813,10.000007794777245,1.1081077247594315
19.9,8.8917414351207,10.000007794777245,1.108266359656545
20.0,8.891584488578285,10.000007794777245,1.1084233061989597
20.1,8.891429212538982,10.000007794777245,1.1085785822382626
20.2,8.891275589337448,10.000007794777245,1.1087322054397966
20.3,8.891123601492692,10.000007794777245,1.1088841932845526
20.4,8.89097323170621,10.000007794777245,1.1090345630710345
20.5,8.890824462860124,10.000007794777245,1.1091833319171212
20.6,8.890677278015355,10.000007794777245,1.10933051676189
20.7,8.890531660409797,10.000007794777245,1.1094761343674477
20.8,8.890387593456522,10.000007794777245,1.1096202013207233
20.9,8.890245060741991,10.000007794777245,1.1097627340352538
21.0,8.890104046024291,10.000007794777245,1.109903748752954
21.1,8.889964533231382,10.000007794777245,1.1100432615458633
21.2,8.88982650645937,10.000007794777245,1.1101812883178752
21.3,8.889689949970789,10.000007794777245,1.1103178448064561
21.4,8.889554848192898,10.000007794777245,1.1104529465843473
21.5,8.889421185716003,10.000007794777245,1.110586609061242
21.6,8.889288947291789,10.000007794777245,1.1107188474854564
21.7,8.88915811783167,10.000007794777245,1.1108496769455751
21.8,8.889028682405149,10.000007794777245,1.110979112372096
21.9,8.88890062623821,10.000007794777245,1.1111071685390357
22.0,8.888773934711704,10.000007794777245,1.111233860065541
22.1,8.888648593359775,10.000007794777245,1.1113592014174696
22.2,8.888524587868277,10.000007794777245,1.111483206908968
22.3,8.88840190407322,10.000007794777245,1.1116058907040252
22.4,8.888280527959234,10.000007794777245,1.1117272668180114
22.5,8.888160445658034,10.000007794777245,1.111847349119211
22.6,8.888041643446922,10.000007794777245,1.1119661513303232
22.7,8.88792410774728,10.000007794777245,1.1120836870299655
22.8,8.88780782512309,10.000007794777245,1.1121999696541547
22.9,8.887692782279474,10.000007794777245,1.1123150124977705
23.0,8.88757896606123,10.000007794777245,1.1124288287160145
23.1,8.887466363451408,10.000007794777245,1.1125414313258375
23.2,8.88735496156987,10.000007794777245,1.1126528332073757
23.3,8.887244747671891,10.000007794777245,1.1127630471053536
23.4,8.887135709146765,10.000007794777245,1.11287208563048
23.5,8.887027833516411,10.000007794777245,1.1129799612608338
23.6,8.886921108434017,10.000007794777245,1.1130866863432285
23.7,8.886815521682673,10.000007794777245,1.1131922730945725
23.8,8.88671106117404,10.000007794777245,1.113296733603205
23.9,8.886607714947019,10.000007794777245,1.1134000798302264
24.0,8.886505471166426,10.000007794777245,1.1135023236108186
24.1,8.88640431812171,10.000007794777245,1.1136034766555358
24.2,8.886304244225641,10.000007794777245,1.1137035505516035
24.3,8.886205238013055,10.000007794777245,1.11380255676419
24.4,8.886107288139572,10.000007794777245,1.1139005066376733
24.5,8.88601038338036,10.000007794777245,1.1139974113968858
24.6,8.885914512628883,10.000007794777245,1.114093282148362
24.7,8.885819664895688,10.000007794777245,1.1141881298815566
24.8,8.885725829307185,10.000007794777245,1.1142819654700595
24.9,8.88563299510444,10.000007794777245,1.1143747996728042
25.0,8.885541151642,10.000007794777245,1.1144666431352448
25.1,8.885450288386698,10.000007794777245,1.1145575063905468
25.2,8.885360394916502,10.000007794777245,1.1146473998607433
25.3,8.885271460919348,10.000007794777245,1.1147363338578966
25.4,8.885183476192008,10.000007794777245,1.114824318585237
25.5,8.885096430638956,10.000007794777245,1.1149113641382886
25.6,8.885010314271241,10.000007794777245,1.1149974805060037
25.7,8.884925117205391,10.000007794777245,1.1150826775718539
25.8,8.884840829662307,10.000007794777245,1.1151669651149376
25.9,8.884757441966176,10.000007794777245,1.1152503528110689
26.0,8.884674944543402,10.000007794777245,1.1153328502338429
26.1,8.88459332792154,10.000007794777245,1.1154144668557056
26.2,8.884512582728235,10.000007794777245,1.1154952120490105
26.3,8.884432699690192,10.000007794777245,1.1155750950870527
26.4,8.884353669632132,10.000007794777245,1.115654125145113
26.5,8.884275483475772,10.000007794777245,1.115732311301473
26.6,8.884198132238824,10.000007794777245,1.115809662538421
26.7,8.884121607033977,10.000007794777245,1.1158861877432678
26.8,8.884045899067923,10.000007794777245,1.1159618957093222
26.9,8.883970999640356,10.000007794777245,1.116036795136889
27.0,8.88389690014302,10.000007794777245,1.1161108946342253
27.1,8.88382359205874,10.000007794777245,1.1161842027185056
27.2,8.883751066960464,10.000007794777245,1.116256727816781
27.3,8.883679316510333,10.000007794777245,1.1163284782669116
27.4,8.88360833245874,10.000007794777245,1.1163994623185047
27.5,8.88353810664341,10.000007794777245,1.1164696881338347
27.6,8.883468630988489,10.000007794777245,1.1165391637887563
27.7,8.883399897503633,10.000007794777245,1.116607897273612
27.8,8.883331898283124,10.000007794777245,1.1166758964941206
27.9,8.883264625504975,10.000007794777245,1.1167431692722705
28.0,8.883198071430055,10.000007794777245,1.11680972334719
28.1,8.883132228401225,10.000007794777245,1.1168755663760201
28.2,8.883067088842477,10.000007794777245,1.116940705934768
28.3,8.883002645258083,10.000007794777245,1.1170051495191622
28.4,8.882938890231754,10.000007794777245,1.1170689045454907
28.5,8.88287581642581,10.000007794777245,1.1171319783514342
28.6,8.882813416580353,10.000007794777245,1.117194378196892
28.7,8.88275168351245,10.000007794777245,1.1172561112647958
28.8,8.882690610115327,10.000007794777245,1.1173171846619177
28.9,8.882630189357577,10.000007794777245,1.1173776054196676
29.0,8.882570414282357,10.000007794777245,1.1174373804948878
29.1,8.882511278006609,10.000007794777245,1.117496516770636
29.2,8.882452773720292,10.000007794777245,1.117555021056953
29.3,8.882394894685609,10.000007794777245,1.1176129000916362
29.4,8.882337634236249,10.000007794777245,1.117670160540996
29.5,8.882280985776633,10.000007794777245,1.1177268090006116
29.6,8.882224942781182,10.000007794777245,1.117782851996063
29.7,8.882169498793568,10.000007794777245,1.1178382959836775
29.8,8.88211464742599,10.000007794777245,1.1178931473512552
29.9,8.882060382358459,10.000007794777245,1.1179474124187863
30.0,8.88200669733808,10.000007794777245,1.1180010974391656
30.1,8.881953586178343,10.000007794777245,1.1180542085989025
30.2,8.881901042758432,10.000007794777245,1.1181067520188126
30.3,8.881849061022532,10.000007794777245,1.1181587337547132
30.4,8.881797634979135,10.000007794777245,1.1182101597981102
30.5,8.881746758700379,10.000007794777245,1.1182610360768663
30.6,8.881696426321366,10.000007794777245,1.1183113684558794
30.7,8.881646632039503,10.000007794777245,1.1183611627377417
30.8,8.881597370113846,10.000007794777245,1.1184104246633986
30.9,8.88154863486445,10.000007794777245,1.1184591599127955
31.0,8.881500420671722,10.000007794777245,1.1185073741055227
31.1,8.881452721975798,10.000007794777245,1.1185550728014473
31.2,8.881405533275895,10.000007794777245,1.1186022615013496
31.3,8.881358849129702,10.000007794777245,1.1186489456475428
31.4,8.88131266415276,10.000007794777245,1.1186951306244843
31.5,8.881266973017848,10.000007794777245,1.1187408217593973
31.6,8.881221770454381,10.000007794777245,1.1187860243228638
31.7,8.881177051247818,10.000007794777245,1.1188307435294274
31.8,8.881132810239063,10.000007794777245,1.1188749845381825
31.9,8.881089042323882,10.000007794777245,1.1189187524533626
32.0,8.881045742452327,10.000007794777245,1.1189620523249175
32.1,8.881002905628161,10.000007794777245,1.1190048891490836
32.2,8.88096052690829,10.000007794777245,1.1190472678689556
32.3,8.880918601402199,10.000007794777245,1.1190891933750464
32.4,8.880877124271406,10.000007794777245,1.1191306705058395
32.5,8.880836090728902,10.000007794777245,1.1191717040483429
32.6,8.880795496038614,10.000007794777245,1.1192122987386313
32.7,8.880755335514861,10.000007794777245,1.119252459262384
32.8,8.88071560452183,10.000007794777245,1.1192921902554147
32.9,8.880676298473038,10.000007794777245,1.1193314963042074
33.0,8.88063741283082,10.000007794777245,1.1193703819464247
33.1,8.880598943105808,10.000007794777245,1.1194088516714373
33.2,8.88056088485642,10.000007794777245,1.1194469099208249
33.3,8.88052323368836,10.000007794777245,1.1194845610888855
33.4,8.880485985254104,10.000007794777245,1.1195218095231407
33.5,8.880449135252427,10.000007794777245,1.1195586595248184
33.6,8.880412679427893,10.000007794777245,1.1195951153493517
33.7,8.88037661357038,10.000007794777245,1.1196311812068647
33.8,8.880340933514601,10.000007794777245,1.119666861262644
33.9,8.880305635139624,10.000007794777245,1.1197021596376207
34.0,8.880270714368411,10.000007794777245,1.119737080408834
34.1,8.880236167167341,10.000007794777245,1.1197716276099037
34.2,8.880201989545764,10.000007794777245,1.119805805231481
34.3,8.880168177555532,10.000007794777245,1.1198396172217127
34.4,8.880134727290564,10.000007794777245,1.1198730674866813
34.5,8.880101634886385,10.000007794777245,1.11990615989086
34.6,8.880068896519699,10.000007794777245,1.119938898257546
34.7,8.880036508407942,10.000007794777245,1.119971286369303
34.8,8.880004466808858,10.000007794777245,1.1200033279683872
34.9,8.879972768020064,10.000007794777245,1.120035026757181
35.0,8.879941408378636,10.000007794777245,1.1200663863986087
35.1,8.879910384260686,10.000007794777245,1.1200974105165589
35.2,8.879879692080946,10.000007794777245,1.1201281026962988
35.3,8.879849328292364,10.000007794777245,1.120158466484881
35.4,8.879819289385695,10.000007794777245,1.1201885053915497
35.5,8.879789571889104,10.000007794777245,1.1202182228881412
35.6,8.87976017236776,10.000007794777245,1.1202476224094848
35.7,8.879731087423457,10.000007794777245,1.1202767073537885
35.8,8.87970231369421,10.000007794777245,1.1203054810830348
35.9,8.879673847853889,10.000007794777245,1.1203339469233562
36.0,8.879645686611818,10.000007794777245,1.120362108165427
36.1,8.879617826712419,10.000007794777245,1.120389968064826
36.2,8.879590264934823,10.000007794777245,1.1204175298424222
36.3,8.87956299809251,10.000007794777245,1.120444796684735
36.4,8.879536023032943,10.000007794777245,1.1204717717443025
36.5,8.879509336637208,10.000007794777245,1.1204984581400375
36.6,8.879482935819656,10.000007794777245,1.1205248589575891
36.7,8.879456817527547,10.000007794777245,1.1205509772496978
36.8,8.879430978740707,10.000007794777245,1.1205768160365377
36.9,8.879405416471174,10.000007794777245,1.1206023783060708
37.0,8.879380127762865,10.000007794777245,1.1206276670143804
37.1,8.879355109691229,10.000007794777245,1.1206526850860161
37.2,8.879330359362918,10.000007794777245,1.1206774354143274
37.3,8.879305873915452,10.000007794777245,1.1207019208617925
37.4,8.879281650516893,10.000007794777245,1.1207261442603524
37.5,8.879257686365518,10.000007794777245,1.1207501084117268
37.6,8.8792339786895,10.000007794777245,1.1207738160877447
37.7,8.879210524746593,10.000007794777245,1.1207972700306517
37.8,8.87918732182381,10.000007794777245,1.1208204729534348
37.9,8.879164367237118,10.000007794777245,1.1208434275401267
38.0,8.879141658331129,10.000007794777245,1.120866136446116
38.1,8.879119192478795,10.000007794777245,1.12088860229845
38.2,8.879096967081106,10.000007794777245,1.1209108276961395
38.3,8.879074979566791,10.000007794777245,1.1209328152104536
38.4,8.879053227392031,10.000007794777245,1.1209545673852137
38.5,8.87903170804015,10.000007794777245,1.1209760867370946
38.6,8.879010419021348,10.000007794777245,1.1209973757558966
38.7,8.878989357872397,10.000007794777245,1.1210184369048477
38.8,8.878968522156368,10.000007794777245,1.1210392726208767
38.9,8.878947909462347,10.000007794777245,1.1210598853148976
39.0,8.878927517405163,10.000007794777245,1.1210802773720818
39.1,8.878907343625105,10.000007794777245,1.1211004511521399
39.2,8.878887385787664,10.000007794777245,1.1211204089895812
39.3,8.878867641583252,10.000007794777245,1.121140153193993
39.4,8.878848108726947,10.000007794777245,1.121159686050298
39.5,8.878828784958225,10.000007794777245,1.12117900981902
39.6,8.8788096680407,10.000007794777245,1.1211981267365445
39.7,8.878790755761868,10.000007794777245,1.1212170390153773
39.8,8.878772045932854,10.000007794777245,1.1212357488443914
39.9,8.87875353638816,10.000007794777245,1.1212542583890848
40.0,8.878735224985416,10.000007794777245,1.121272569791829
40.1,8.878717109605134,10.000007794777245,1.1212906851721112
40.2,8.878699188150462,10.000007794777245,1.1213086066267834
40.3,8.878681458546946,10.000007794777245,1.1213263362302985
40.4,8.87866391874229,10.000007794777245,1.1213438760349543
40.5,8.878646566706124,10.000007794777245,1.1213612280711214
40.6,8.878629400429759,10.000007794777245,1.1213783943474862
40.7,8.878612417925968,10.000007794777245,1.121395376851277
40.8,8.878595617228754,10.000007794777245,1.1214121775484909
40.9,8.878578996393124,10.000007794777245,1.1214287983841214
41.0,8.87856255349486,10.000007794777245,1.1214452412823857
41.1,8.878546286630307,10.000007794777245,1.121461508146938
41.2,8.878530193916145,10.000007794777245,1.1214776008611
41.3,8.878514273489177,10.000007794777245,1.121493521288068
41.4,8.878498523506117,10.000007794777245,1.1215092712711279
41.5,8.87848294214337,10.000007794777245,1.1215248526338755
41.6,8.878467527596827,10.000007794777245,1.1215402671804178
41.7,8.87845227808166,10.000007794777245,1.1215555166955848
41.8,8.878437191832113,10.000007794777245,1.1215706029451322
41.9,8.878422267101296,10.000007794777245,1.1215855276759488
42.0,8.878407502160991,10.000007794777245,1.1216002926162538
42.1,8.878392895301449,10.000007794777245,1.1216148994757962
42.2,8.878378444831187,10.000007794777245,1.1216293499460583
42.3,8.878364149076809,10.000007794777245,1.121643645700436
42.4,8.878350006382796,10.000007794777245,1.1216577883944492
42.5,8.878336015111326,10.000007794777245,1.1216717796659186
42.6,8.878322173642085,10.000007794777245,1.1216856211351605
42.7,8.87830848037207,10.000007794777245,1.1216993144051752
42.8,8.878294933715418,10.000007794777245,1.1217128610618268
42.9,8.878281532103216,10.000007794777245,1.121726262674029
43.0,8.878268273983322,10.000007794777245,1.1217395207939234
43.1,8.878255157820185,10.000007794777245,1.1217526369570603
43.2,8.878242182094667,10.000007794777245,1.1217656126825784
43.3,8.87822934530387,10.000007794777245,1.121778449473375
43.4,8.878216645960967,10.000007794777245,1.1217911488162784
43.5,8.878204082595017,10.000007794777245,1.1218037121822277
43.6,8.878191653750811,10.000007794777245,1.121816141026434
43.7,8.878179357988696,10.000007794777245,1.1218284367885492
43.8,8.878167193884412,10.000007794777245,1.121840600892833
43.9,8.878155160028923,10.000007794777245,1.121852634748322
44.0,8.87814325502826,10.000007794777245,1.1218645397489855
44.1,8.878131477503358,10.000007794777245,1.1218763172738875
44.2,8.878119826089895,10.000007794777245,1.12188796868735
44.3,8.87810829943814,10.000007794777245,1.1218994953391057
44.4,8.878096896212794,10.000007794777245,1.121910898564451
44.5,8.87808561509283,10.000007794777245,1.1219221796844145
44.6,8.878074454771358,10.000007794777245,1.1219333400058868
44.7,8.87806341395545,10.000007794777245,1.1219443808217946
44.8,8.878052491366011,10.000007794777245,1.1219553034112337
44.9,8.878041685737626,10.000007794777245,1.1219661090396187
45.0,8.878030995818408,10.000007794777245,1.121976798958837
45.1,8.878020420369856,10.000007794777245,1.1219873744073894
45.2,8.878009958166718,10.000007794777245,1.121997836610527
45.3,8.877999607996845,10.000007794777245,1.1220081867804002
45.4,8.877989368661048,10.000007794777245,1.1220184261161972
45.5,8.877979238972967,10.000007794777245,1.1220285558042775
45.6,8.87796921775893,10.000007794777245,1.1220385770183157
45.7,8.877959303857814,10.000007794777245,1.1220484909194308
45.8,8.877949496120918,10.000007794777245,1.1220582986563272
45.9,8.877939793411826,10.000007794777245,1.1220680013654185
46.0,8.877930194606277,10.000007794777245,1.122077600170968
46.1,8.877920698592034,10.000007794777245,1.1220870961852114
46.2,8.877911304268757,10.000007794777245,1.122096490508488
46.3,8.877902010547876,10.000007794777245,1.122105784229369
46.4,8.877892816352468,10.000007794777245,1.1221149784247775
46.5,8.87788372061712,10.000007794777245,1.1221240741601246
46.6,8.87787472228783,10.000007794777245,1.1221330724894152
46.7,8.877865820321857,10.000007794777245,1.1221419744553884
46.8,8.87785701368762,10.000007794777245,1.1221507810896245
46.9,8.877848301364574,10.000007794777245,1.1221594934126706
47.0,8.877839682343092,10.000007794777245,1.122168112434153
47.1,8.877831155624346,10.000007794777245,1.1221766391528991
47.2,8.877822720220193,10.000007794777245,1.122185074557052
47.3,8.87781437515306,10.000007794777245,1.1221934196241854
47.4,8.877806119455837,10.000007794777245,1.1222016753214081
47.5,8.877797952171754,10.000007794777245,1.122209842605491
47.6,8.877789872354283,10.000007794777245,1.122217922422962
47.7,8.877781879067017,10.000007794777245,1.122225915710228
47.8,8.877773971383574,10.000007794777245,1.122233823393671
47.9,8.877766148387476,10.000007794777245,1.122241646389769
48.0,8.877758409172056,10.000007794777245,1.1222493856051887
48.1,8.877750752840345,10.000007794777245,1.1222570419368996
48.2,8.877743178504975,10.000007794777245,1.12226461627227
48.3,8.877735685288066,10.000007794777245,1.1222721094891792
48.4,8.877728272321134,10.000007794777245,1.122279522456111
48.5,8.877720938744988,10.000007794777245,1.1222868560322574
48.6,8.877713683709633,10.000007794777245,1.1222941110676121
48.7,8.877706506374164,10.000007794777245,1.1223012884030812
48.8,8.877699405906675,10.000007794777245,1.1223083888705698
48.9,8.877692381484165,10.000007794777245,1.1223154132930802
49.0,8.877685432292436,10.000007794777245,1.1223223624848089
49.1,8.877678557526005,10.000007794777245,1.1223292372512397
49.2,8.877671756388008,10.000007794777245,1.1223360383892373
49.3,8.877665028090105,10.000007794777245,1.1223427666871402
49.4,8.877658371852394,10.000007794777245,1.1223494229248505
49.5,8.877651786903321,10.000007794777245,1.1223560078739236
49.6,8.877645272479587,10.000007794777245,1.1223625222976583
49.7,8.87763882782606,10.000007794777245,1.1223689669511856
49.8,8.87763245219569,10.000007794777245,1.1223753425815541
49.9,8.877626144849424,10.000007794777245,1.1223816499278207
50.0,8.877619905056116,10.000007794777245,1.1223878897211286
50.1,8.877613732092444,10.000007794777245,1.1223940626848012
50.2,8.877607625242828,10.000007794777245,1.1224001695344175
50.3,8.877601583799345,10.000007794777245,1.1224062109778998
50.4,8.87759560706165,10.000007794777245,1.1224121877155948
50.5,8.877589694336894,10.000007794777245,1.1224181004403508
50.6,8.877583844939641,10.000007794777245,1.1224239498376036
50.7,8.877578058191792,10.000007794777245,1.1224297365854525
50.8,8.877572333422506,10.000007794777245,1.1224354613547387
50.9,8.877566669968122,10.000007794777245,1.1224411248091233
51.0,8.87756106717208,10.000007794777245,1.1224467276051655
51.1,8.87755552438485,10.000007794777245,1.1224522703923956
51.2,8.877550040963849,10.000007794777245,1.1224577538133964
51.3,8.87754461627338,10.000007794777245,1.1224631785038657
51.4,8.877539249684544,10.000007794777245,1.1224685450927012
51.5,8.877533940575175,10.000007794777245,1.1224738542020702
51.6,8.877528688329765,10.000007794777245,1.1224791064474804
51.7,8.877523492339396,10.000007794777245,1.122484302437849
51.8,8.877518352001669,10.000007794777245,1.122489442775576
51.9,8.87751326672063,10.000007794777245,1.122494528056615
52.0,8.877508235906705,10.000007794777245,1.1224995588705404
52.1,8.877503258976631,10.000007794777245,1.1225045358006138
52.2,8.877498335353387,10.000007794777245,1.122509459423858
52.3,8.877493464466133,10.000007794777245,1.1225143303111125
52.4,8.877488645750134,10.000007794777245,1.1225191490271111
52.5,8.877483878646704,10.000007794777245,1.1225239161305414
52.6,8.877479162603136,10.000007794777245,1.1225286321741095
52.7,8.877474497072638,10.000007794777245,1.1225332977046065
52.8,8.877469881514275,10.000007794777245,1.1225379132629705
52.9,8.877465315392898,10.000007794777245,1.1225424793843466
53.0,8.877460798179092,10.000007794777245,1.1225469965981532
53.1,8.877456329349105,10.000007794777245,1.12255146542814
53.2,8.877451908384792,10.000007794777245,1.122555886392453
53.3,8.877447534773557,10.000007794777245,1.122560260003688
53.4,8.877443208008293,10.000007794777245,1.1225645867689522
53.5,8.877438927587315,10.000007794777245,1.1225688671899299
53.6,8.877434693014315,10.000007794777245,1.1225731017629297
53.7,8.877430503798298,10.000007794777245,1.1225772909789473
53.8,8.877426359453521,10.000007794777245,1.122581435323724
53.9,8.877422259499445,10.000007794777245,1.1225855352777998
54.0,8.877418203460675,10.000007794777245,1.1225895913165704
54.1,8.8774141908669,10.000007794777245,1.1225936039103441
54.2,8.877410221252857,10.000007794777245,1.1225975735243878
54.3,8.877406294158249,10.000007794777245,1.1226015006189964
54.4,8.877402409127717,10.000007794777245,1.1226053856495284
54.5,8.877398565710772,10.000007794777245,1.122609229066473
54.6,8.877394763461751,10.000007794777245,1.1226130313154936
54.7,8.877391001939763,10.000007794777245,1.1226167928374817
54.8,8.877387280708634,10.000007794777245,1.1226205140686112
54.9,8.877383599336861,10.000007794777245,1.122624195440384
55.0,8.877379957397562,10.000007794777245,1.1226278373796834
55.1,8.877376354468424,10.000007794777245,1.1226314403088207
55.2,8.877372790131657,10.000007794777245,1.1226350046455877
55.3,8.877369263973945,10.000007794777245,1.1226385308033002
55.4,8.877365775586393,10.000007794777245,1.1226420191908524
55.5,8.877362324564487,10.000007794777245,1.122645470212758
55.6,8.877358910508045,10.000007794777245,1.1226488842692
55.7,8.877355533021168,10.000007794777245,1.1226522617560768
55.8,8.877352191712195,10.000007794777245,1.1226556030650503
55.9,8.87734888619366,10.000007794777245,1.1226589085835847
56.0,8.877345616082248,10.000007794777245,1.1226621786949966
56.1,8.877342380998744,10.000007794777245,1.1226654137785008
56.2,8.877339180567995,10.000007794777245,1.1226686142092497
56.3,8.877336014418866,10.000007794777245,1.1226717803583792
56.4,8.877332882184193,10.000007794777245,1.1226749125930517
56.5,8.877329783500745,10.000007794777245,1.1226780112765002
56.6,8.877326718009183,10.000007794777245,1.1226810767680622
56.7,8.87732368535401,10.000007794777245,1.1226841094232345
56.8,8.877320685183541,10.000007794777245,1.1226871095937039
56.9,8.877317717149854,10.000007794777245,1.1226900776273911
57.0,8.877314780908751,10.000007794777245,1.1226930138684938
57.1,8.877311876119723,10.000007794777245,1.1226959186575218
57.2,8.877309002445905,10.000007794777245,1.1226987923313398
57.3,8.877306159554038,10.000007794777245,1.1227016352232067
57.4,8.877303347114436,10.000007794777245,1.1227044476628087
57.5,8.87730056480094,10.000007794777245,1.1227072299763048
57.6,8.877297812290882,10.000007794777245,1.122709982486363
57.7,8.877295089265052,10.000007794777245,1.1227127055121926
57.8,8.877292395407657,10.000007794777245,1.1227153993695875
57.9,8.877289730406288,10.000007794777245,1.1227180643709573
58.0,8.877287093951875,10.000007794777245,1.1227207008253703
58.1,8.877284485738665,10.000007794777245,1.1227233090385802
58.2,8.877281905464173,10.000007794777245,1.122725889313072
58.3,8.877279352829158,10.000007794777245,1.1227284419480874
58.4,8.87727682753758,10.000007794777245,1.122730967239665
58.5,8.877274329296572,10.000007794777245,1.1227334654806729
58.6,8.877271857816403,10.000007794777245,1.1227359369608418
58.7,8.877269412810438,10.000007794777245,1.1227383819668066
58.8,8.877266993995123,10.000007794777245,1.1227408007821218
58.9,8.87726460108993,10.000007794777245,1.122743193687315
59.0,8.877262233817342,10.000007794777245,1.1227455609599026
59.1,8.87725989190281,10.000007794777245,1.1227479028744352
59.2,8.877257575074726,10.000007794777245,1.1227502197025192
59.3,8.87725528306439,10.000007794777245,1.1227525117128554
59.4,8.877253015605982,10.000007794777245,1.122754779171263
59.5,8.877250772436527,10.000007794777245,1.1227570223407177
59.6,8.877248553295868,10.000007794777245,1.1227592414813774
59.7,8.877246357926628,10.000007794777245,1.1227614368506167
59.8,8.877244186074194,10.000007794777245,1.1227636087030515
59.9,8.877242037486674,10.000007794777245,1.122765757290571
60.0,8.877239911914877,10.000007794777245,1.1227678828623677
60.1,8.87723780911228,10.000007794777245,1.1227699856649647
60.2,8.877235728835,10.000007794777245,1.1227720659422449
60.3,8.877233670841765,10.000007794777245,1.1227741239354803
60.4,8.877231634893883,10.000007794777245,1.1227761598833617
60.5,8.877229620755228,10.000007794777245,1.1227781740220166
60.6,8.877227628192195,10.000007794777245,1.1227801665850503
60.7,8.877225656973682,10.000007794777245,1.1227821378035632
60.8,8.877223706871064,10.000007794777245,1.1227840879061812
60.9,8.877221777658164,10.000007794777245,1.1227860171190809
61.0,8.877219869111226,10.000007794777245,1.1227879256660191
61.1,8.87721798100889,10.000007794777245,1.122789813768355
61.2,8.87721611313217,10.000007794777245,1.1227916816450758
61.3,8.87721426526442,10.000007794777245,1.1227935295128244
61.4,8.87721243719132,10.000007794777245,1.1227953575859253
61.5,8.87721062870084,10.000007794777245,1.1227971660764045
61.6,8.877208839583226,10.000007794777245,1.1227989551940194
61.7,8.877207069630964,10.000007794777245,1.1228007251462806
61.8,8.87720531863877,10.000007794777245,1.1228024761384745
61.9,8.877203586403553,10.000007794777245,1.122804208373692
62.0,8.877201872724397,10.000007794777245,1.122805922052848
62.1,8.877200177402543,10.000007794777245,1.1228076173747024
62.2,8.877198500241354,10.000007794777245,1.122809294535891
62.3,8.877196841046304,10.000007794777245,1.1228109537309408
62.4,8.877195199624948,10.000007794777245,1.122812595152297
62.5,8.877193575786904,10.000007794777245,1.1228142189903405
62.6,8.877191969343828,10.000007794777245,1.1228158254334168
62.7,8.87719038010939,10.000007794777245,1.1228174146678551
62.8,8.87718880789926,10.000007794777245,1.1228189868779843
62.9,8.877187252531082,10.000007794777245,1.1228205422461635
63.0,8.87718571382445,10.000007794777245,1.1228220809527958
63.1,8.877184191600893,10.000007794777245,1.1228236031763519
63.2,8.87718268568385,10.000007794777245,1.1228251090933945
63.3,8.877181195898652,10.000007794777245,1.1228265988785928
63.4,8.8771797220725,10.000007794777245,1.1228280727047455
63.5,8.877178264034447,10.000007794777245,1.1228295307427985
63.6,8.877176821615373,10.000007794777245,1.1228309731618715
63.7,8.877175394647974,10.000007794777245,1.1228324001292709
63.8,8.877173982966736,10.000007794777245,1.1228338118105086
63.9,8.877172586407921,10.000007794777245,1.1228352083693238
64.0,8.877171204809539,10.000007794777245,1.1228365899677062
64.1,8.877169838011335,10.000007794777245,1.1228379567659097
64.2,8.877168485854776,10.000007794777245,1.1228393089224689
64.3,8.877167148183025,10.000007794777245,1.12284064659422
64.4,8.87716582484092,10.000007794777245,1.1228419699363243
64.5,8.877164515674968,10.000007794777245,1.1228432791022769
64.6,8.877163220533316,10.000007794777245,1.1228445742439295
64.7,8.877161939265736,10.000007794777245,1.1228458555115086
64.8,8.877160671723615,10.000007794777245,1.1228471230536297
64.9,8.877159417759925,10.000007794777245,1.1228483770173199
65.0,8.877158177229218,10.000007794777245,1.1228496175480274
65.1,8.877156949987599,10.000007794777245,1.122850844789646
65.2,8.87715573589272,10.000007794777245,1.1228520588845257
65.3,8.87715453480375,10.000007794777245,1.1228532599734944
65.4,8.877153346581375,10.000007794777245,1.12285444819587
65.5,8.877152171087767,10.000007794777245,1.1228556236894782
65.6,8.877151008186576,10.000007794777245,1.1228567865906687
65.7,8.877149857742914,10.000007794777245,1.1228579370343308
65.8,8.877148719623337,10.000007794777245,1.122859075153908
65.9,8.87714759369583,10.000007794777245,1.1228602010814157
66.0,8.877146479829788,10.000007794777245,1.122861314947457
66.1,8.877145377896012,10.000007794777245,1.1228624168812331
66.2,8.877144287766683,10.000007794777245,1.1228635070105621
66.3,8.877143209315353,10.000007794777245,1.1228645854618922
66.4,8.877142142416925,10.000007794777245,1.1228656523603195
66.5,8.877141086947645,10.000007794777245,1.1228667078295995
66.6,8.877140042785085,10.000007794777245,1.1228677519921604
66.7,8.877139009808126,10.000007794777245,1.1228687849691195
66.8,8.877137987896944,10.000007794777245,1.122869806880301
66.9,8.877136976933006,10.000007794777245,1.1228708178442393
67.0,8.877135976799043,10.000007794777245,1.1228718179782025
67.1,8.87713498737904,10.000007794777245,1.1228728073982044
67.2,8.877134008558235,10.000007794777245,1.1228737862190101
67.3,8.877133040223082,10.000007794777245,1.1228747545541626
67.4,8.87713208226126,10.000007794777245,1.1228757125159845
67.5,8.87713113456165,10.000007794777245,1.1228766602155957
67.6,8.877130197014319,10.000007794777245,1.1228775977629262
67.7,8.877129269510515,10.000007794777245,1.1228785252667297
67.8,8.877128351942654,10.000007794777245,1.1228794428345914
67.9,8.877127444204294,10.000007794777245,1.1228803505729505
68.0,8.877126546190146,10.000007794777245,1.122881248587099
68.1,8.877125657796038,10.000007794777245,1.1228821369812074
68.2,8.87712477891892,10.000007794777245,1.1228830158583243
68.3,8.877123909456845,10.000007794777245,1.1228838853204
68.4,8.877123049308958,10.000007794777245,1.122884745468287
68.5,8.877122198375481,10.000007794777245,1.1228855964017637
68.6,8.877121356557709,10.000007794777245,1.1228864382195365
68.7,8.877120523757991,10.000007794777245,1.1228872710192537
68.8,8.877119699879724,10.000007794777245,1.1228880948975206
68.9,8.87711888482734,10.000007794777245,1.1228889099499053
69.0,8.877118078506292,10.000007794777245,1.1228897162709526
69.1,8.877117280823052,10.000007794777245,1.122890513954193
69.2,8.877116491685085,10.000007794777245,1.1228913030921603
69.3,8.877115711000853,10.000007794777245,1.1228920837763923
69.4,8.877114938679798,10.000007794777245,1.1228928560974474
69.5,8.877114174632332,10.000007794777245,1.1228936201449127
69.6,8.877113418769824,10.000007794777245,1.1228943760074213
69.7,8.877112671004594,10.000007794777245,1.1228951237726505
69.8,8.877111931249905,10.000007794777245,1.12289586352734
69.9,8.877111199419941,10.000007794777245,1.1228965953573038
70.0,8.877110475429813,10.000007794777245,1.122897319347432
70.1,8.877109759195536,10.000007794777245,1.1228980355817093
70.2,8.877109050634028,10.000007794777245,1.1228987441432174
70.3,8.877108349663095,10.000007794777245,1.1228994451141503
70.4,8.877107656201426,10.000007794777245,1.1229001385758188
70.5,8.877106970168578,10.000007794777245,1.1229008246086671
70.6,8.877106291484969,10.000007794777245,1.122901503292276
70.7,8.877105620071873,10.000007794777245,1.1229021747053718
70.8,8.877104955851406,10.000007794777245,1.1229028389258389
70.9,8.877104298746517,10.000007794777245,1.1229034960307285
71.0,8.87710364868098,10.000007794777245,1.1229041460962659
71.1,8.87710300557939,10.000007794777245,1.1229047891978556
71.2,8.877102369367144,10.000007794777245,1.1229054254101012
71.3,8.877101739970438,10.000007794777245,1.1229060548068066
71.4,8.877101117316267,10.000007794777245,1.1229066774609784
71.5,8.877100501332398,10.000007794777245,1.1229072934448467
71.6,8.877099891947378,10.000007794777245,1.1229079028298674
71.7,8.877099289090514,10.000007794777245,1.1229085056867305
71.8,8.877098692691877,10.000007794777245,1.1229091020853676
71.9,8.877098102682284,10.000007794777245,1.1229096920949608
72.0,8.87709751899329,10.000007794777245,1.1229102757839549
72.1,8.877096941557188,10.000007794777245,1.1229108532200573
72.2,8.877096370306992,10.000007794777245,1.122911424470253
72.3,8.877095805176438,10.000007794777245,1.1229119896008068
72.4,8.87709524609997,10.000007794777245,1.1229125486772755
72.5,8.87709469301273,10.000007794777245,1.1229131017645155
72.6,8.877094145850561,10.000007794777245,1.1229136489266835
72.7,8.877093604549993,10.000007794777245,1.1229141902272524
72.8,8.877093069048229,10.000007794777245,1.1229147257290162
72.9,8.877092539283153,10.000007794777245,1.1229152554940924
73.0,8.877092015193309,10.000007794777245,1.122915779583936
73.1,8.8770914967179,10.000007794777245,1.1229162980593443
73.2,8.877090983796785,10.000007794777245,1.1229168109804597
73.3,8.87709047637046,10.000007794777245,1.1229173184067847
73.4,8.877089974380063,10.000007794777245,1.1229178203971824
73.5,8.877089477767361,10.000007794777245,1.1229183170098835
73.6,8.877088986474748,10.000007794777245,1.1229188083024972
73.7,8.877088500445229,10.000007794777245,1.122919294332016
73.8,8.877088019622425,10.000007794777245,1.1229197751548199
73.9,8.877087543950557,10.000007794777245,1.122920250826688
74.0,8.877087073374446,10.000007794777245,1.1229207214027994
74.1,8.877086607839505,10.000007794777245,1.1229211869377398
74.2,8.877086147291728,10.000007794777245,1.1229216474855175
74.3,8.877085691677692,10.000007794777245,1.1229221030995529
74.4,8.877085240944542,10.000007794777245,1.1229225538327032
74.5,8.877084795039991,10.000007794777245,1.1229229997372538
74.6,8.877084353912315,10.000007794777245,1.1229234408649305
74.7,8.877083917510337,10.000007794777245,1.1229238772669081
74.8,8.877083485783437,10.000007794777245,1.1229243089938077
74.9,8.877083058681531,10.000007794777245,1.1229247360957135
75.0,8.877082636155073,10.000007794777245,1.1229251586221718
75.1,8.877082218155047,10.000007794777245,1.1229255766221975
75.2,8.877081804632967,10.000007794777245,1.122925990144278
75.3,8.87708139554086,10.000007794777245,1.1229263992363858
75.4,8.877080990831269,10.000007794777245,1.122926803945976
75.5,8.877080590457247,10.000007794777245,1.122927204319998
75.6,8.877080194372347,10.000007794777245,1.122927600404898
75.7,8.877079802530622,10.000007794777245,1.1229279922466233
75.8,8.877079414886618,10.000007794777245,1.1229283798906273
75.9,8.877079031395365,10.000007794777245,1.1229287633818803
76.0,8.877078652012376,10.000007794777245,1.1229291427648693
76.1,8.87707827669364,10.000007794777245,1.1229295180836054
76.2,8.87707790539562,10.000007794777245,1.1229298893816253
76.3,8.877077538075243,10.000007794777245,1.122930256702002
76.4,8.877077174689896,10.000007794777245,1.1229306200873488
76.5,8.877076815197428,10.000007794777245,1.1229309795798166
76.6,8.877076459556132,10.000007794777245,1.1229313352211125
76.7,8.877076107724756,10.000007794777245,1.122931687052489
76.8,8.877075759662484,10.000007794777245,1.1229320351147614
76.9,8.877075415328937,10.000007794777245,1.122932379448308
77.0,8.877075074684171,10.000007794777245,1.1229327200930737
77.1,8.87707473768867,10.000007794777245,1.1229330570885754
77.2,8.877074404303341,10.000007794777245,1.1229333904739036
77.3,8.87707407448951,10.000007794777245,1.122933720287735
77.4,8.877073748208915,10.000007794777245,1.1229340465683304
77.5,8.877073425423706,10.000007794777245,1.1229343693535387
77.6,8.87707310609644,10.000007794777245,1.1229346886808056
77.7,8.877072790190068,10.000007794777245,1.1229350045871769
77.8,8.87707247766795,10.000007794777245,1.1229353171092953
77.9,8.877072168493825,10.000007794777245,1.1229356262834198
78.0,8.877071862631832,10.000007794777245,1.1229359321454133
78.1,8.877071560046486,10.000007794777245,1.1229362347307585
78.2,8.877071260702689,10.000007794777245,1.1229365340745563
78.3,8.877070964565709,10.000007794777245,1.1229368302115361
78.4,8.877070671601198,10.000007794777245,1.1229371231760474
78.5,8.877070381775168,10.000007794777245,1.1229374130020773
78.6,8.877070095053998,10.000007794777245,1.1229376997232468
78.7,8.877069811404427,10.000007794777245,1.1229379833728181
78.8,8.877069530793548,10.000007794777245,1.1229382639836967
78.9,8.87706925318881,10.000007794777245,1.1229385415884359
79.0,8.877068978558006,10.000007794777245,1.1229388162192393
79.1,8.87706870686928,10.000007794777245,1.1229390879079642
79.2,8.877068438091115,10.000007794777245,1.12293935668613
79.3,8.87706817219233,10.000007794777245,1.1229396225849158
79.4,8.877067909142077,10.000007794777245,1.1229398856351676
79.5,8.877067648909843,10.000007794777245,1.1229401458674015
79.6,8.87706739146544,10.000007794777245,1.1229404033118051
79.7,8.877067136778999,10.000007794777245,1.122940657998246
79.8,8.877066884820978,10.000007794777245,1.1229409099562666
79.9,8.877066635562146,10.000007794777245,1.1229411592150988
80.0,8.877066388973589,10.000007794777245,1.1229414058036564
80.1,8.8770661450267,10.000007794777245,1.1229416497505458
80.2,8.877065903693179,10.000007794777245,1.122941891084066
80.3,8.87706566494503,10.000007794777245,1.1229421298322144
80.4,8.877065428754557,10.000007794777245,1.1229423660226878
80.5,8.87706519509436,10.000007794777245,1.1229425996828848
80.6,8.877064963937334,10.000007794777245,1.1229428308399108
80.7,8.877064735256662,10.000007794777245,1.1229430595205834
80.8,8.877064509025814,10.000007794777245,1.1229432857514308
80.9,8.877064285218548,10.000007794777245,1.1229435095586968
81.0,8.8770640638089,10.000007794777245,1.1229437309683448
81.1,8.877063844771184,10.000007794777245,1.1229439500060607
81.2,8.877063628079991,10.000007794777245,1.1229441666972537
81.3,8.877063413710182,10.000007794777245,1.1229443810670627
81.4,8.87706320163689,10.000007794777245,1.122944593140355
81.5,8.877062991835512,10.000007794777245,1.122944802941733
81.6,8.87706278428171,10.000007794777245,1.1229450104955347
81.7,8.877062578951406,10.000007794777245,1.1229452158258386
81.8,8.877062375820781,10.000007794777245,1.1229454189564638
81.9,8.87706217486627,10.000007794777245,1.1229456199109755
82.0,8.877061976064558,10.000007794777245,1.1229458187126866
82.1,8.877061779392585,10.000007794777245,1.1229460153846595
82.2,8.877061584827537,10.000007794777245,1.122946209949708
82.3,8.877061392346839,10.000007794777245,1.122946402430406
82.4,8.877061201928164,10.000007794777245,1.1229465928490807
82.5,8.877061013549422,10.000007794777245,1.1229467812278227
82.6,8.87706082718876,10.000007794777245,1.1229469675884847
82.7,8.877060642824558,10.000007794777245,1.1229471519526868
82.8,8.877060460435429,10.000007794777245,1.1229473343418164
82.9,8.877060280000213,10.000007794777245,1.1229475147770316
83.0,8.87706010149798,10.000007794777245,1.122947693279265
83.1,8.877059924908021,10.000007794777245,1.1229478698692237
83.2,8.87705975020985,10.000007794777245,1.1229480445673943
83.3,8.877059577383202,10.000007794777245,1.1229482173940433
83.4,8.877059406408026,10.000007794777245,1.1229483883692186
83.5,8.87705923726449,10.000007794777245,1.1229485575127551
83.6,8.87705906993297,10.000007794777245,1.1229487248442744
83.7,8.877058904394055,10.000007794777245,1.1229488903831903
83.8,8.87705874062854,10.000007794777245,1.1229490541487053
83.9,8.877058578617428,10.000007794777245,1.1229492161598174
84.0,8.877058418341923,10.000007794777245,1.1229493764353222
84.1,8.877058259783434,10.000007794777245,1.1229495349938112
84.2,8.877058102923565,10.000007794777245,1.1229496918536803
84.3,8.87705794774412,10.000007794777245,1.1229498470331247
84.4,8.877057794227097,10.000007794777245,1.1229500005501478
84.5,8.877057642354686,10.000007794777245,1.1229501524225594
84.6,8.877057492109268,10.000007794777245,1.1229503026679772
84.7,8.877057343473414,10.000007794777245,1.122950451303831
84.8,8.877057196429883,10.000007794777245,1.1229505983473622
84.9,8.877057050961614,10.000007794777245,1.1229507438156308
85.0,8.877056907051733,10.000007794777245,1.122950887725512
85.1,8.877056764683543,10.000007794777245,1.1229510300937022
85.2,8.87705662384053,10.000007794777245,1.1229511709367141
85.3,8.877056484506356,10.000007794777245,1.1229513102708886
85.4,8.877056346664856,10.000007794777245,1.1229514481123886
85.5,8.877056210300038,10.000007794777245,1.1229515844772067
85.6,8.877056075396084,10.000007794777245,1.1229517193811613
85.7,8.877055941937343,10.000007794777245,1.1229518528399023
85.8,8.877055809908333,10.000007794777245,1.1229519848689122
85.9,8.877055679293738,10.000007794777245,1.122952115483507
86.0,8.877055550078405,10.000007794777245,1.1229522446988405
86.1,8.877055422247345,10.000007794777245,1.1229523725299
86.2,8.877055295785727,10.000007794777245,1.122952498991518
86.3,8.877055170678881,10.000007794777245,1.1229526240983638
86.4,8.877055046912293,10.000007794777245,1.122952747864952
86.5,8.877054924471606,10.000007794777245,1.1229528703056388
86.6,8.877054803342615,10.000007794777245,1.1229529914346301
86.7,8.877054683511268,10.000007794777245,1.1229531112659767
86.8,8.877054564963665,10.000007794777245,1.1229532298135805
86.9,8.877054447686051,10.000007794777245,1.1229533470911939
87.0,8.877054331664823,10.000007794777245,1.122953463112422
87.1,8.87705421688652,10.000007794777245,1.1229535778907245
87.2,8.877054103337828,10.000007794777245,1.1229536914394167
87.3,8.877053991005575,10.000007794777245,1.1229538037716704
87.4,8.877053879876726,10.000007794777245,1.1229539149005188
87.5,8.87705376993839,10.000007794777245,1.1229540248388545
87.6,8.877053661177817,10.000007794777245,1.1229541335994284
87.7,8.877053553582385,10.000007794777245,1.1229542411948596
87.8,8.877053447139614,10.000007794777245,1.1229543476376307
87.9,8.877053341837158,10.000007794777245,1.1229544529400872
88.0,8.877053237662798,10.000007794777245,1.122954557114447
88.1,8.877053134604449,10.000007794777245,1.1229546601727964
88.2,8.877053032650156,10.000007794777245,1.1229547621270886
88.3,8.877052931788091,10.000007794777245,1.122954862989154
88.4,8.877052832006555,10.000007794777245,1.1229549627706898
88.5,8.877052733293969,10.000007794777245,1.1229550614832764
88.6,8.877052635638883,10.000007794777245,1.1229551591383622
88.7,8.87705253902997,10.000007794777245,1.122955255747275
88.8,8.877052443456021,10.000007794777245,1.1229553513212238
88.9,8.877052348905947,10.000007794777245,1.1229554458712983
89.0,8.877052255368781,10.000007794777245,1.1229555394084638
89.1,8.877052162833673,10.000007794777245,1.1229556319435723
89.2,8.877052071289885,10.000007794777245,1.12295572348736
89.3,8.877051980726801,10.000007794777245,1.122955814050444
89.4,8.877051891133911,10.000007794777245,1.1229559036433336
89.5,8.877051802500825,10.000007794777245,1.1229559922764203
89.6,8.877051714817258,10.000007794777245,1.1229560799599874
89.7,8.877051628073039,10.000007794777245,1.1229561667042063
89.8,8.877051542258103,10.000007794777245,1.1229562525191419
89.9,8.877051457362498,10.000007794777245,1.122956337414747
90.0,8.877051373376373,10.000007794777245,1.1229564214008718
90.1,8.877051290289984,10.000007794777245,1.1229565044872611
90.2,8.877051208093695,10.000007794777245,1.12295658668355
90.3,8.87705112677797,10.000007794777245,1.1229566679992757
90.4,8.877051046333372,10.000007794777245,1.1229567484438725
90.5,8.877050966750573,10.000007794777245,1.1229568280266715
90.6,8.877050888020339,10.000007794777245,1.1229569067569063
90.7,8.877050810133536,10.000007794777245,1.122956984643709
90.8,8.87705073308113,10.000007794777245,1.1229570616961144
90.9,8.87705065685418,10.000007794777245,1.1229571379230645
91.0,8.877050581443845,10.000007794777245,1.1229572133334003
91.1,8.877050506841375,10.000007794777245,1.1229572879358702
91.2,8.877050433038116,10.000007794777245,1.1229573617391289
91.3,8.877050360025509,10.000007794777245,1.1229574347517364
91.4,8.877050287795079,10.000007794777245,1.122957506982166
91.5,8.87705021633845,10.000007794777245,1.122957578438795
91.6,8.877050145647331,10.000007794777245,1.1229576491299138
91.7,8.877050075713521,10.000007794777245,1.1229577190637237
91.8,8.87705000652891,10.000007794777245,1.1229577882483355
91.9,8.877049938085465,10.000007794777245,1.1229578566917802
92.0,8.877049870375252,10.000007794777245,1.1229579244019927
92.1,8.877049803390413,10.000007794777245,1.1229579913868317
92.2,8.87704973712318,10.000007794777245,1.1229580576540652
92.3,8.877049671565864,10.000007794777245,1.1229581232113812
92.4,8.877049606710859,10.000007794777245,1.1229581880663861
92.5,8.877049542550642,10.000007794777245,1.1229582522266028
92.6,8.877049479077769,10.000007794777245,1.122958315699476
92.7,8.877049416284876,10.000007794777245,1.1229583784923687
92.8,8.877049354164681,10.000007794777245,1.122958440612564
92.9,8.877049292709977,10.000007794777245,1.1229585020672683
93.0,8.877049231913631,10.000007794777245,1.122958562863614
93.1,8.877049171768592,10.000007794777245,1.1229586230086532
93.2,8.877049112267885,10.000007794777245,1.1229586825093598
93.3,8.877049053404605,10.000007794777245,1.1229587413726403
93.4,8.877048995171924,10.000007794777245,1.1229587996053212
93.5,8.877048937563087,10.000007794777245,1.122958857214158
93.6,8.877048880571408,10.000007794777245,1.122958914205837
93.7,8.877048824190279,10.000007794777245,1.122958970586966
93.8,8.877048768413157,10.000007794777245,1.1229590263640876
93.9,8.877048713233572,10.000007794777245,1.122959081543673
94.0,8.877048658645123,10.000007794777245,1.1229591361321223
94.1,8.877048604641477,10.000007794777245,1.1229591901357683
94.2,8.877048551216369,10.000007794777245,1.1229592435608762
94.3,8.8770484983636,10.000007794777245,1.1229592964136454
94.4,8.87704844607704,10.000007794777245,1.1229593487002045
94.5,8.877048394350625,10.000007794777245,1.1229594004266197
94.6,8.87704834317835,10.000007794777245,1.122959451598895
94.7,8.877048292554282,10.000007794777245,1.1229595022229635
94.8,8.877048242472545,10.000007794777245,1.1229595523046996
94.9,8.877048192927333,10.000007794777245,1.122959601849912
95.0,8.877048143912896,10.000007794777245,1.122959650864349
95.1,8.877048095423547,10.000007794777245,1.1229596993536983
95.2,8.87704804745366,10.000007794777245,1.1229597473235842
95.3,8.877047999997673,10.000007794777245,1.1229597947795718
95.4,8.877047953050079,10.000007794777245,1.122959841727166
95.5,8.877047906605432,10.000007794777245,1.1229598881718132
95.6,8.877047860658346,10.000007794777245,1.1229599341188994
95.7,8.877047815203488,10.000007794777245,1.122959979573757
95.8,8.877047770235585,10.000007794777245,1.1229600245416602
95.9,8.877047725749419,10.000007794777245,1.122960069027826
96.0,8.877047681739834,10.000007794777245,1.1229601130374114
96.1,8.87704763820172,10.000007794777245,1.122960156575525
96.2,8.877047595130028,10.000007794777245,1.122960199647217
96.3,8.87704755251976,10.000007794777245,1.1229602422574843
96.4,8.877047510365975,10.000007794777245,1.1229602844112705
96.5,8.87704746866378,10.000007794777245,1.1229603261134642
96.6,8.877047427408339,10.000007794777245,1.122960367368906
96.7,8.877047386594866,10.000007794777245,1.1229604081823794
96.8,8.877047346218625,10.000007794777245,1.1229604485586204
96.9,8.877047306274932,10.000007794777245,1.1229604885023132
97.0,8.877047266759153,10.000007794777245,1.1229605280180923
97.1,8.877047227666704,10.000007794777245,1.1229605671105407
97.2,8.877047188993053,10.000007794777245,1.1229606057841917
97.3,8.87704715073371,10.000007794777245,1.1229606440435358
97.4,8.877047112884236,10.000007794777245,1.1229606818930087
97.5,8.877047075440244,10.000007794777245,1.1229607193370015
97.6,8.877047038397386,10.000007794777245,1.1229607563798591
97.7,8.877047001751366,10.000007794777245,1.1229607930258787
97.8,8.877046965497934,10.000007794777245,1.122960829279311
97.9,8.877046929632883,10.000007794777245,1.1229608651443623
98.0,8.877046894152052,10.000007794777245,1.122960900625193
98.1,8.877046859051326,10.000007794777245,1.122960935725919
98.2,8.877046824326632,10.000007794777245,1.1229609704506132
98.3,8.87704678997394,10.000007794777245,1.1229610048033045
98.4,8.87704675598927,10.000007794777245,1.1229610387879756
98.5,8.877046722368675,10.000007794777245,1.12296107240857
98.6,8.877046689108255,10.000007794777245,1.12296110566899
98.7,8.877046656204152,10.000007794777245,1.1229611385730927
98.8,8.87704662365255,10.000007794777245,1.122961171124695
98.9,8.877046591449671,10.000007794777245,1.1229612033275735
99.0,8.877046559591781,10.000007794777245,1.122961235185464
99.1,8.877046528075182,10.000007794777245,1.1229612667020632
99.2,8.877046496896218,10.000007794777245,1.1229612978810266
99.3,8.877046466051276,10.000007794777245,1.1229613287259692
99.4,8.877046435536773,10.000007794777245,1.1229613592404721
99.5,8.87704640534917,10.000007794777245,1.1229613894280757
99.6,8.877046375484966,10.000007794777245,1.1229614192922792
99.7,8.877046345940695,10.000007794777245,1.1229614488365502
99.8,8.87704631671293,10.000007794777245,1.1229614780643153
99.9,8.877046287798281,10.000007794777245,1.1229615069789638
100.0,8.877046259193394,10.000007794777245,1.1229615355838511
