tool,run_id,dx_um,dt_min,average_source,center_source,resolution_label,time_min,average_uM,center_uM
PhysiCell,PhysiCell_dx_10um,10.0,,mean over all voxels from microenvironment[4],mean over center voxels from microenvironment[4],voxel size=10 um,0.0,10.0,10.0
PhysiCell,PhysiCell_dx_10um,10.0,,mean over all voxels from microenvironment[4],mean over center voxels from microenvironment[4],voxel size=10 um,0.1,9.370134037456609,9.049883710578799
PhysiCell,PhysiCell_dx_10um,10.0,,mean over all voxels from microenvironment[4],mean over center voxels from microenvironment[4],voxel size=10 um,0.2,8.919670921120412,8.190394111464741
PhysiCell,PhysiCell_dx_10um,10.0,,mean over all voxels from microenvironment[4],mean over center voxels from microenvironment[4],voxel size=10 um,0.3,8.578091686554508,7.4156216176605225
PhysiCell,PhysiCell_dx_10um,10.0,,mean over all voxels from microenvironment[4],mean over center voxels from microenvironment[4],voxel size=10 um,0.4,8.312805703595908,6.723975988611418
PhysiCell,PhysiCell_dx_10um,10.0,,mean over all voxels from microenvironment[4],mean over center voxels from microenvironment[4],voxel size=10 um,0.5,8.103962584391086,6.115370359580288
PhysiCell,PhysiCell_dx_10um,10.0,,mean over all voxels from microenvironment[4],mean over center voxels from microenvironment[4],voxel size=10 um,0.6,7.938109809328365,5.588022975776944
PhysiCell,PhysiCell_dx_10um,10.0,,mean over all voxels from microenvironment[4],mean over center voxels from microenvironment[4],voxel size=10 um,0.7,7.805600176383142,5.137407809884518
PhysiCell,PhysiCell_dx_10um,10.0,,mean over all voxels from microenvironment[4],mean over center voxels from microenvironment[4],voxel size=10 um,0.8,7.699270535148249,4.756783688337211
PhysiCell,PhysiCell_dx_10um,10.0,,mean over all voxels from microenvironment[4],mean over center voxels from microenvironment[4],voxel size=10 um,0.9,7.613676553294287,4.438209981159693
PhysiCell,PhysiCell_dx_10um,10.0,,mean over all voxels from microenvironment[4],mean over center voxels from microenvironment[4],voxel size=10 um,1.0,7.544611170464988,4.173453529484544
PhysiCell,PhysiCell_dx_10um,10.0,,mean over all voxels from microenvironment[4],mean over center voxels from microenvironment[4],voxel size=10 um,1.1,7.488783601351001,3.9546108231822124
PhysiCell,PhysiCell_dx_10um,10.0,,mean over all voxels from microenvironment[4],mean over center voxels from microenvironment[4],voxel size=10 um,1.2,7.443596153959103,3.774461484494476
PhysiCell,PhysiCell_dx_10um,10.0,,mean over all voxels from microenvironment[4],mean over center voxels from microenvironment[4],voxel size=10 um,1.3,7.406983986080809,3.6266247258193465
PhysiCell,PhysiCell_dx_10um,10.0,,mean over all voxels from microenvironment[4],mean over center voxels from microenvironment[4],voxel size=10 um,1.4,7.377297098975873,3.505589631651951
PhysiCell,PhysiCell_dx_10um,10.0,,mean over all voxels from microenvironment[4],mean over center voxels from microenvironment[4],voxel size=10 um,1.5,7.353211649477057,3.4066730606149918
PhysiCell,PhysiCell_dx_10um,10.0,,mean over all voxels from microenvironment[4],mean over center voxels from microenvironment[4],voxel size=10 um,1.6,7.333662190925576,3.3259413190665224
PhysiCell,PhysiCell_dx_10um,10.0,,mean over all voxels from microenvironment[4],mean over center voxels from microenvironment[4],voxel size=10 um,1.7,7.3177892117146435,3.2601180343952527
PhysiCell,PhysiCell_dx_10um,10.0,,mean over all voxels from microenvironment[4],mean over center voxels from microenvironment[4],voxel size=10 um,1.8,7.304898082263209,3.2064911874242936
PhysiCell,PhysiCell_dx_10um,10.0,,mean over all voxels from microenvironment[4],mean over center voxels from microenvironment[4],voxel size=10 um,1.9,7.294426655536282,3.162826169292131
PhysiCell,PhysiCell_dx_10um,10.0,,mean over all voxels from microenvironment[4],mean over center voxels from microenvironment[4],voxel size=10 um,2.0,7.285919525039688,3.127288003017173
PhysiCell,PhysiCell_dx_10um,10.0,,mean over all voxels from microenvironment[4],mean over center voxels from microenvironment[4],voxel size=10 um,2.1,7.279007464640005,3.0983737016504724
PhysiCell,PhysiCell_dx_10um,10.0,,mean over all voxels from microenvironment[4],mean over center voxels from microenvironment[4],voxel size=10 um,2.2,7.2733909399229555,3.0748545460813315
PhysiCell,PhysiCell_dx_10um,10.0,,mean over all voxels from microenvironment[4],mean over center voxels from microenvironment[4],voxel size=10 um,2.3,7.2688268429838905,3.0557274715354827
PhysiCell,PhysiCell_dx_10um,10.0,,mean over all voxels from microenvironment[4],mean over center voxels from microenvironment[4],voxel size=10 um,2.4,7.26511779452505,3.0401745064766867
PhysiCell,PhysiCell_dx_10um,10.0,,mean over all voxels from microenvironment[4],mean over center voxels from microenvironment[4],voxel size=10 um,2.5,7.262103500303991,3.027529158056459
PhysiCell,PhysiCell_dx_10um,10.0,,mean over all voxels from microenvironment[4],mean over center voxels from microenvironment[4],voxel size=10 um,2.6,7.2596537574781586,3.0172486918018477
PhysiCell,PhysiCell_dx_10um,10.0,,mean over all voxels from microenvironment[4],mean over center voxels from microenvironment[4],voxel size=10 um,2.7,7.257662789762472,3.008891355214865
PhysiCell,PhysiCell_dx_10um,10.0,,mean over all voxels from microenvironment[4],mean over center voxels from microenvironment[4],voxel size=10 um,2.8,7.256044655127482,3.0020977141449654
PhysiCell,PhysiCell_dx_10um,10.0,,mean over all voxels from microenvironment[4],mean over center voxels from microenvironment[4],voxel size=10 um,2.9,7.254729520631,2.996575390148328
PhysiCell,PhysiCell_dx_10um,10.0,,mean over all voxels from microenvironment[4],mean over center voxels from microenvironment[4],voxel size=10 um,3.0,7.25366063920611,2.9920865979510376
PhysiCell,PhysiCell_dx_10um,10.0,,mean over all voxels from microenvironment[4],mean over center voxels from microenvironment[4],voxel size=10 um,3.1,7.252791895243211,2.9884379808523294
PhysiCell,PhysiCell_dx_10um,10.0,,mean over all voxels from microenvironment[4],mean over center voxels from microenvironment[4],voxel size=10 um,3.2,7.252085811404855,2.9854723274323347
PhysiCell,PhysiCell_dx_10um,10.0,,mean over all voxels from microenvironment[4],mean over center voxels from microenvironment[4],voxel size=10 um,3.3,7.2515119296620005,2.9830618257057213
PhysiCell,PhysiCell_dx_10um,10.0,,mean over all voxels from microenvironment[4],mean over center voxels from microenvironment[4],voxel size=10 um,3.4,7.251045496084155,2.981102572023321
PhysiCell,PhysiCell_dx_10um,10.0,,mean over all voxels from microenvironment[4],mean over center voxels from microenvironment[4],voxel size=10 um,3.5,7.250666392264818,2.9795101029710884
PhysiCell,PhysiCell_dx_10um,10.0,,mean over all voxels from microenvironment[4],mean over center voxels from microenvironment[4],voxel size=10 um,3.6,7.250358267053358,2.9782157606861968
PhysiCell,PhysiCell_dx_10um,10.0,,mean over all voxels from microenvironment[4],mean over center voxels from microenvironment[4],voxel size=10 um,3.7,7.2501078309971705,2.977163736754051
PhysiCell,PhysiCell_dx_10um,10.0,,mean over all voxels from microenvironment[4],mean over center voxels from microenvironment[4],voxel size=10 um,3.8,7.249904282973083,2.9763086683776074
PhysiCell,PhysiCell_dx_10um,10.0,,mean over all voxels from microenvironment[4],mean over center voxels from microenvironment[4],voxel size=10 um,3.9,7.249738844223582,2.9756136838744682
PhysiCell,PhysiCell_dx_10um,10.0,,mean over all voxels from microenvironment[4],mean over center voxels from microenvironment[4],voxel size=10 um,4.0,7.249604379667195,2.9750488136562283
PhysiCell,PhysiCell_dx_10um,10.0,,mean over all voxels from microenvironment[4],mean over center voxels from microenvironment[4],voxel size=10 um,4.1,7.2494950901298845,2.9745896984349853
PhysiCell,PhysiCell_dx_10um,10.0,,mean over all voxels from microenvironment[4],mean over center voxels from microenvironment[4],voxel size=10 um,4.2,7.249406262211086,2.974216539114785
PhysiCell,PhysiCell_dx_10um,10.0,,mean over all voxels from microenvironment[4],mean over center voxels from microenvironment[4],voxel size=10 um,4.3,7.249334064988764,2.973913243183925
PhysiCell,PhysiCell_dx_10um,10.0,,mean over all voxels from microenvironment[4],mean over center voxels from microenvironment[4],voxel size=10 um,4.4,7.249275384790984,2.973666730858554
PhysiCell,PhysiCell_dx_10um,10.0,,mean over all voxels from microenvironment[4],mean over center voxels from microenvironment[4],voxel size=10 um,4.5,7.249227690905172,2.9734663710929854
PhysiCell,PhysiCell_dx_10um,10.0,,mean over all voxels from microenvironment[4],mean over center voxels from microenvironment[4],voxel size=10 um,4.6,7.249188926431583,2.9733035231578078
PhysiCell,PhysiCell_dx_10um,10.0,,mean over all voxels from microenvironment[4],mean over center voxels from microenvironment[4],voxel size=10 um,4.7,7.249157419572716,2.973171164030318
PhysiCell,PhysiCell_dx_10um,10.0,,mean over all voxels from microenvironment[4],mean over center voxels from microenvironment[4],voxel size=10 um,4.8,7.24913181153211,2.973063585536967
PhysiCell,PhysiCell_dx_10um,10.0,,mean over all voxels from microenvironment[4],mean over center voxels from microenvironment[4],voxel size=10 um,4.9,7.249110997912584,2.972976148192127
PhysiCell,PhysiCell_dx_10um,10.0,,mean over all voxels from microenvironment[4],mean over center voxels from microenvironment[4],voxel size=10 um,5.0,7.249094081086383,2.972905081120492
PhysiCell,PhysiCell_dx_10um,10.0,,mean over all voxels from microenvironment[4],mean over center voxels from microenvironment[4],voxel size=10 um,5.1,7.249080331482876,2.9728473194365064
PhysiCell,PhysiCell_dx_10um,10.0,,mean over all voxels from microenvironment[4],mean over center voxels from microenvironment[4],voxel size=10 um,5.2,7.249069156124215,2.9728003720688245
PhysiCell,PhysiCell_dx_10um,10.0,,mean over all voxels from microenvironment[4],mean over center voxels from microenvironment[4],voxel size=10 um,5.3,7.249060073051895,2.9727622143302885
PhysiCell,PhysiCell_dx_10um,10.0,,mean over all voxels from microenvironment[4],mean over center voxels from microenvironment[4],voxel size=10 um,5.4,7.249052690541303,2.9727312006008
PhysiCell,PhysiCell_dx_10um,10.0,,mean over all voxels from microenvironment[4],mean over center voxels from microenvironment[4],voxel size=10 um,5.5,7.2490466902078055,2.9727059933576725
PhysiCell,PhysiCell_dx_10um,10.0,,mean over all voxels from microenvironment[4],mean over center voxels from microenvironment[4],voxel size=10 um,5.6,7.2490418132757855,2.972685505492963
PhysiCell,PhysiCell_dx_10um,10.0,,mean over all voxels from microenvironment[4],mean over center voxels from microenvironment[4],voxel size=10 um,5.7,7.249037849418431,2.972668853430214
PhysiCell,PhysiCell_dx_10um,10.0,,mean over all voxels from microenvironment[4],mean over center voxels from microenvironment[4],voxel size=10 um,5.8,7.249034627687004,2.9726553190187617
PhysiCell,PhysiCell_dx_10um,10.0,,mean over all voxels from microenvironment[4],mean over center voxels from microenvironment[4],voxel size=10 um,5.9,7.249032009138326,2.9726443185622657
PhysiCell,PhysiCell_dx_10um,10.0,,mean over all voxels from microenvironment[4],mean over center voxels from microenvironment[4],voxel size=10 um,6.0,7.2490298808426115,2.9726353776457883
PhysiCell,PhysiCell_dx_10um,10.0,,mean over all voxels from microenvironment[4],mean over center voxels from microenvironment[4],voxel size=10 um,6.1,7.2490281510131505,2.9726281106758137
PhysiCell,PhysiCell_dx_10um,10.0,,mean over all voxels from microenvironment[4],mean over center voxels from microenvironment[4],voxel size=10 um,6.2,7.249026745047826,2.972622204250834
PhysiCell,PhysiCell_dx_10um,10.0,,mean over all voxels from microenvironment[4],mean over center voxels from microenvironment[4],voxel size=10 um,6.3,7.249025602311772,2.9726174036453434
PhysiCell,PhysiCell_dx_10um,10.0,,mean over all voxels from microenvironment[4],mean over center voxels from microenvironment[4],voxel size=10 um,6.4,7.249024673522371,2.9726135018243443
PhysiCell,PhysiCell_dx_10um,10.0,,mean over all voxels from microenvironment[4],mean over center voxels from microenvironment[4],voxel size=10 um,6.5,7.2490239186238545,2.972610330514575
PhysiCell,PhysiCell_dx_10um,10.0,,mean over all voxels from microenvironment[4],mean over center voxels from microenvironment[4],voxel size=10 um,6.6,7.249023305059823,2.972607752947423
PhysiCell,PhysiCell_dx_10um,10.0,,mean over all voxels from microenvironment[4],mean over center voxels from microenvironment[4],voxel size=10 um,6.7,7.2490228063691875,2.972605657960525
PhysiCell,PhysiCell_dx_10um,10.0,,mean over all voxels from microenvironment[4],mean over center voxels from microenvironment[4],voxel size=10 um,6.8,7.249022401044985,2.9726039552036845
PhysiCell,PhysiCell_dx_10um,10.0,,mean over all voxels from microenvironment[4],mean over center voxels from microenvironment[4],voxel size=10 um,6.9,7.249022071606862,2.9726025712423527
PhysiCell,PhysiCell_dx_10um,10.0,,mean over all voxels from microenvironment[4],mean over center voxels from microenvironment[4],voxel size=10 um,7.0,7.249021803847184,2.972601446390629
PhysiCell,PhysiCell_dx_10um,10.0,,mean over all voxels from microenvironment[4],mean over center voxels from microenvironment[4],voxel size=10 um,7.1,7.249021586218318,2.972600532137196
PhysiCell,PhysiCell_dx_10um,10.0,,mean over all voxels from microenvironment[4],mean over center voxels from microenvironment[4],voxel size=10 um,7.2,7.249021409334616,2.9725997890531763
PhysiCell,PhysiCell_dx_10um,10.0,,mean over all voxels from microenvironment[4],mean over center voxels from microenvironment[4],voxel size=10 um,7.3,7.249021265567638,2.9725991850916924
PhysiCell,PhysiCell_dx_10um,10.0,,mean over all voxels from microenvironment[4],mean over center voxels from microenvironment[4],voxel size=10 um,7.4,7.2490211487171665,2.972598694205784
PhysiCell,PhysiCell_dx_10um,10.0,,mean over all voxels from microenvironment[4],mean over center voxels from microenvironment[4],voxel size=10 um,7.5,7.249021053743812,2.972598295225085
PhysiCell,PhysiCell_dx_10um,10.0,,mean over all voxels from microenvironment[4],mean over center voxels from microenvironment[4],voxel size=10 um,7.6,7.249020976551668,2.972597970942812
PhysiCell,PhysiCell_dx_10um,10.0,,mean over all voxels from microenvironment[4],mean over center voxels from microenvironment[4],voxel size=10 um,7.7,7.24902091381168,2.9725977073736902
PhysiCell,PhysiCell_dx_10um,10.0,,mean over all voxels from microenvironment[4],mean over center voxels from microenvironment[4],voxel size=10 um,7.8,7.24902086281807,2.9725974931508103
PhysiCell,PhysiCell_dx_10um,10.0,,mean over all voxels from microenvironment[4],mean over center voxels from microenvironment[4],voxel size=10 um,7.9,7.249020821371646,2.972597319035415
PhysiCell,PhysiCell_dx_10um,10.0,,mean over all voxels from microenvironment[4],mean over center voxels from microenvironment[4],voxel size=10 um,8.0,7.249020787684952,2.972597177518454
PhysiCell,PhysiCell_dx_10um,10.0,,mean over all voxels from microenvironment[4],mean over center voxels from microenvironment[4],voxel size=10 um,8.1,7.2490207603051875,2.9725970624967446
PhysiCell,PhysiCell_dx_10um,10.0,,mean over all voxels from microenvironment[4],mean over center voxels from microenvironment[4],voxel size=10 um,8.2,7.249020738051549,2.9725969690097633
PhysiCell,PhysiCell_dx_10um,10.0,,mean over all voxels from microenvironment[4],mean over center voxels from microenvironment[4],voxel size=10 um,8.3,7.249020719964307,2.9725968930257096
PhysiCell,PhysiCell_dx_10um,10.0,,mean over all voxels from microenvironment[4],mean over center voxels from microenvironment[4],voxel size=10 um,8.4,7.2490207052634155,2.9725968312676305
PhysiCell,PhysiCell_dx_10um,10.0,,mean over all voxels from microenvironment[4],mean over center voxels from microenvironment[4],voxel size=10 um,8.5,7.249020693314869,2.9725967810720935
PhysiCell,PhysiCell_dx_10um,10.0,,mean over all voxels from microenvironment[4],mean over center voxels from microenvironment[4],voxel size=10 um,8.6,7.24902068360337,2.972596740274323
PhysiCell,PhysiCell_dx_10um,10.0,,mean over all voxels from microenvironment[4],mean over center voxels from microenvironment[4],voxel size=10 um,8.7,7.249020675710088,2.9725967071148407
PhysiCell,PhysiCell_dx_10um,10.0,,mean over all voxels from microenvironment[4],mean over center voxels from microenvironment[4],voxel size=10 um,8.8,7.24902066929461,2.9725966801635813
PhysiCell,PhysiCell_dx_10um,10.0,,mean over all voxels from microenvironment[4],mean over center voxels from microenvironment[4],voxel size=10 um,8.9,7.249020664080258,2.972596658258222
PhysiCell,PhysiCell_dx_10um,10.0,,mean over all voxels from microenvironment[4],mean over center voxels from microenvironment[4],voxel size=10 um,9.0,7.249020659842155,2.9725966404540527
PhysiCell,PhysiCell_dx_10um,10.0,,mean over all voxels from microenvironment[4],mean over center voxels from microenvironment[4],voxel size=10 um,9.1,7.249020656397523,2.9725966259832366
PhysiCell,PhysiCell_dx_10um,10.0,,mean over all voxels from microenvironment[4],mean over center voxels from microenvironment[4],voxel size=10 um,9.2,7.249020653597805,2.972596614221692
PhysiCell,PhysiCell_dx_10um,10.0,,mean over all voxels from microenvironment[4],mean over center voxels from microenvironment[4],voxel size=10 um,9.3,7.249020651322259,2.972596604662181
PhysiCell,PhysiCell_dx_10um,10.0,,mean over all voxels from microenvironment[4],mean over center voxels from microenvironment[4],voxel size=10 um,9.4,7.249020649472748,2.9725965968924317
PhysiCell,PhysiCell_dx_10um,10.0,,mean over all voxels from microenvironment[4],mean over center voxels from microenvironment[4],voxel size=10 um,9.5,7.249020647969508,2.9725965905773597
PhysiCell,PhysiCell_dx_10um,10.0,,mean over all voxels from microenvironment[4],mean over center voxels from microenvironment[4],voxel size=10 um,9.6,7.24902064674771,2.9725965854446152
PhysiCell,PhysiCell_dx_10um,10.0,,mean over all voxels from microenvironment[4],mean over center voxels from microenvironment[4],voxel size=10 um,9.7,7.24902064575466,2.97259658127284
PhysiCell,PhysiCell_dx_10um,10.0,,mean over all voxels from microenvironment[4],mean over center voxels from microenvironment[4],voxel size=10 um,9.8,7.249020644947533,2.972596577882116
PhysiCell,PhysiCell_dx_10um,10.0,,mean over all voxels from microenvironment[4],mean over center voxels from microenvironment[4],voxel size=10 um,9.9,7.249020644291519,2.972596575126216
PhysiCell,PhysiCell_dx_10um,10.0,,mean over all voxels from microenvironment[4],mean over center voxels from microenvironment[4],voxel size=10 um,10.0,7.249020643758324,2.972596572886283
