,time,cellid,x_pos,y_pos,z_pos,g1_duration,s_duration,g2_duration,m_duration,current_phase,target_area,volume
0,0,0,0,0,0.1,7,6,3,2,G1,0.5,0.523599
1,0.1,0,0,0,3,7,6,3,2,G1,0.507143,0.529832
2,0.2,0,0,0,3,7,6,3,2,G1,0.514286,0.537312
3,0.3,0,0,0,3,7,6,3,2,G1,0.521429,0.544792
4,0.4,0,0,0,3,7,6,3,2,G1,0.528571,0.552272
5,0.5,0,0,0,3,7,6,3,2,G1,0.535714,0.559752
6,0.6,0,0,0,3,7,6,3,2,G1,0.542857,0.567232
7,0.7,0,0,0,3,7,6,3,2,G1,0.55,0.574712
8,0.8,0,0,0,3,7,6,3,2,G1,0.557143,0.582192
9,0.9,0,0,0,3,7,6,3,2,G1,0.564286,0.589672
10,1,0,0,0,3,7,6,3,2,G1,0.571429,0.597152
11,1.1,0,0,0,3,7,6,3,2,G1,0.578571,0.604632
12,1.2,0,0,0,3,7,6,3,2,G1,0.585714,0.612112
13,1.3,0,0,0,3,7,6,3,2,G1,0.592857,0.619592
14,1.4,0,0,0,3,7,6,3,2,G1,0.6,0.627072
15,1.5,0,0,0,3,7,6,3,2,G1,0.607143,0.634552
16,1.6,0,0,0,3,7,6,3,2,G1,0.614286,0.642032
17,1.7,0,0,0,3,7,6,3,2,G1,0.621429,0.649512
18,1.8,0,0,0,3,7,6,3,2,G1,0.628571,0.656992
19,1.9,0,0,0,3,7,6,3,2,G1,0.635714,0.664472
20,2,0,0,0,3,7,6,3,2,G1,0.642857,0.671952
21,2.1,0,0,0,3,7,6,3,2,G1,0.65,0.679432
22,2.2,0,0,0,3,7,6,3,2,G1,0.657143,0.686912
23,2.3,0,0,0,3,7,6,3,2,G1,0.664286,0.694392
24,2.4,0,0,0,3,7,6,3,2,G1,0.671429,0.701872
25,2.5,0,0,0,3,7,6,3,2,G1,0.678571,0.709352
26,2.6,0,0,0,3,7,6,3,2,G1,0.685714,0.716832
27,2.7,0,0,0,3,7,6,3,2,G1,0.692857,0.724312
28,2.8,0,0,0,3,7,6,3,2,G1,0.7,0.731792
29,2.9,0,0,0,3,7,6,3,2,G1,0.707143,0.739272
30,3,0,0,0,3,7,6,3,2,G1,0.714286,0.746752
31,3.1,0,0,0,3,7,6,3,2,G1,0.721429,0.754232
32,3.2,0,0,0,3,7,6,3,2,G1,0.728571,0.761712
33,3.3,0,0,0,3,7,6,3,2,G1,0.735714,0.769192
34,3.4,0,0,0,3,7,6,3,2,G1,0.742857,0.776672
35,3.5,0,0,0,3,7,6,3,2,G1,0.75,0.784151
36,3.6,0,0,0,3,7,6,3,2,G1,0.757143,0.791631
37,3.7,0,0,0,3,7,6,3,2,G1,0.764286,0.799111
38,3.8,0,0,0,3,7,6,3,2,G1,0.771429,0.806591
39,3.9,0,0,0,3,7,6,3,2,G1,0.778571,0.814071
40,4,0,0,0,3,7,6,3,2,G1,0.785714,0.821551
41,4.1,0,0,0,3,7,6,3,2,G1,0.792857,0.829031
42,4.2,0,0,0,3,7,6,3,2,G1,0.8,0.836511
43,4.3,0,0,0,3,7,6,3,2,G1,0.807143,0.843991
44,4.4,0,0,0,3,7,6,3,2,G1,0.814286,0.851471
45,4.5,0,0,0,3,7,6,3,2,G1,0.821429,0.858951
46,4.6,0,0,0,3,7,6,3,2,G1,0.828571,0.866431
47,4.7,0,0,0,3,7,6,3,2,G1,0.835714,0.873911
48,4.8,0,0,0,3,7,6,3,2,G1,0.842857,0.881391
49,4.9,0,0,0,3,7,6,3,2,G1,0.85,0.888871
50,5,0,0,0,3,7,6,3,2,G1,0.857143,0.896351
51,5.1,0,0,0,3,7,6,3,2,G1,0.864286,0.903831
52,5.2,0,0,0,3,7,6,3,2,G1,0.871429,0.911311
53,5.3,0,0,0,3,7,6,3,2,G1,0.878571,0.918791
54,5.4,0,0,0,3,7,6,3,2,G1,0.885714,0.926271
55,5.5,0,0,0,3,7,6,3,2,G1,0.892857,0.933751
56,5.6,0,0,0,3,7,6,3,2,G1,0.9,0.941231
57,5.7,0,0,0,3,7,6,3,2,G1,0.907143,0.948711
58,5.8,0,0,0,3,7,6,3,2,G1,0.914286,0.956191
59,5.9,0,0,0,3,7,6,3,2,G1,0.921429,0.963671
60,6,0,0,0,3,7,6,3,2,G1,0.928571,0.971151
61,6.1,0,0,0,3,7,6,3,2,G1,0.935714,0.978631
62,6.2,0,0,0,3,7,6,3,2,G1,0.942857,0.986111
63,6.3,0,0,0,3,7,6,3,2,G1,0.95,0.993591
64,6.4,0,0,0,3,7,6,3,2,G1,0.957143,1.00107
65,6.5,0,0,0,3,7,6,3,2,G1,0.964286,1.00855
66,6.6,0,0,0,3,7,6,3,2,G1,0.971429,1.01603
67,6.7,0,0,0,3,7,6,3,2,G1,0.978571,1.02351
68,6.8,0,0,0,3,7,6,3,2,G1,0.985714,1.03099
69,6.9,0,0,0,3,7,6,3,2,G1,0.992857,1.03847
70,7,0,0,0,3,7,6,3,2,S,1,1.04595
71,7.1,0,0,0,3,7,6,3,2,S,1,1.0472
72,7.2,0,0,0,3,7,6,3,2,S,1,1.0472
73,7.3,0,0,0,3,7,6,3,2,S,1,1.0472
74,7.4,0,0,0,3,7,6,3,2,S,1,1.0472
75,7.5,0,0,0,3,7,6,3,2,S,1,1.0472
76,7.6,0,0,0,3,7,6,3,2,S,1,1.0472
77,7.7,0,0,0,3,7,6,3,2,S,1,1.0472
78,7.8,0,0,0,3,7,6,3,2,S,1,1.0472
79,7.9,0,0,0,3,7,6,3,2,S,1,1.0472
80,8,0,0,0,3,7,6,3,2,S,1,1.0472
81,8.1,0,0,0,3,7,6,3,2,S,1,1.0472
82,8.2,0,0,0,3,7,6,3,2,S,1,1.0472
83,8.3,0,0,0,3,7,6,3,2,S,1,1.0472
84,8.4,0,0,0,3,7,6,3,2,S,1,1.0472
85,8.5,0,0,0,3,7,6,3,2,S,1,1.0472
86,8.6,0,0,0,3,7,6,3,2,S,1,1.0472
87,8.7,0,0,0,3,7,6,3,2,S,1,1.0472
88,8.8,0,0,0,3,7,6,3,2,S,1,1.0472
89,8.9,0,0,0,3,7,6,3,2,S,1,1.0472
90,9,0,0,0,3,7,6,3,2,S,1,1.0472
91,9.1,0,0,0,3,7,6,3,2,S,1,1.0472
92,9.2,0,0,0,3,7,6,3,2,S,1,1.0472
93,9.3,0,0,0,3,7,6,3,2,S,1,1.0472
94,9.4,0,0,0,3,7,6,3,2,S,1,1.0472
95,9.5,0,0,0,3,7,6,3,2,S,1,1.0472
96,9.6,0,0,0,3,7,6,3,2,S,1,1.0472
97,9.7,0,0,0,3,7,6,3,2,S,1,1.0472
98,9.8,0,0,0,3,7,6,3,2,S,1,1.0472
99,9.9,0,0,0,3,7,6,3,2,S,1,1.0472
100,10,0,0,0,3,7,6,3,2,S,1,1.0472
101,10.1,0,0,0,3,7,6,3,2,S,1,1.0472
102,10.2,0,0,0,3,7,6,3,2,S,1,1.0472
103,10.3,0,0,0,3,7,6,3,2,S,1,1.0472
104,10.4,0,0,0,3,7,6,3,2,S,1,1.0472
105,10.5,0,0,0,3,7,6,3,2,S,1,1.0472
106,10.6,0,0,0,3,7,6,3,2,S,1,1.0472
107,10.7,0,0,0,3,7,6,3,2,S,1,1.0472
108,10.8,0,0,0,3,7,6,3,2,S,1,1.0472
109,10.9,0,0,0,3,7,6,3,2,S,1,1.0472
110,11,0,0,0,3,7,6,3,2,S,1,1.0472
111,11.1,0,0,0,3,7,6,3,2,S,1,1.0472
112,11.2,0,0,0,3,7,6,3,2,S,1,1.0472
113,11.3,0,0,0,3,7,6,3,2,S,1,1.0472
114,11.4,0,0,0,3,7,6,3,2,S,1,1.0472
115,11.5,0,0,0,3,7,6,3,2,S,1,1.0472
116,11.6,0,0,0,3,7,6,3,2,S,1,1.0472
117,11.7,0,0,0,3,7,6,3,2,S,1,1.0472
118,11.8,0,0,0,3,7,6,3,2,S,1,1.0472
119,11.9,0,0,0,3,7,6,3,2,S,1,1.0472
120,12,0,0,0,3,7,6,3,2,S,1,1.0472
121,12.1,0,0,0,3,7,6,3,2,S,1,1.0472
122,12.2,0,0,0,3,7,6,3,2,S,1,1.0472
123,12.3,0,0,0,3,7,6,3,2,S,1,1.0472
124,12.4,0,0,0,3,7,6,3,2,S,1,1.0472
125,12.5,0,0,0,3,7,6,3,2,S,1,1.0472
126,12.6,0,0,0,3,7,6,3,2,S,1,1.0472
127,12.7,0,0,0,3,7,6,3,2,S,1,1.0472
128,12.8,0,0,0,3,7,6,3,2,S,1,1.0472
129,12.9,0,0,0,3,7,6,3,2,S,1,1.0472
130,13,0,0,0,3,7,6,3,2,G2,1,1.0472
131,13.1,0,0,0,3,7,6,3,2,G2,1,1.0472
132,13.2,0,0,0,3,7,6,3,2,G2,1,1.0472
133,13.3,0,0,0,3,7,6,3,2,G2,1,1.0472
134,13.4,0,0,0,3,7,6,3,2,G2,1,1.0472
135,13.5,0,0,0,3,7,6,3,2,G2,1,1.0472
136,13.6,0,0,0,3,7,6,3,2,G2,1,1.0472
137,13.7,0,0,0,3,7,6,3,2,G2,1,1.0472
138,13.8,0,0,0,3,7,6,3,2,G2,1,1.0472
139,13.9,0,0,0,3,7,6,3,2,G2,1,1.0472
140,14,0,0,0,3,7,6,3,2,G2,1,1.0472
141,14.1,0,0,0,3,7,6,3,2,G2,1,1.0472
142,14.2,0,0,0,3,7,6,3,2,G2,1,1.0472
143,14.3,0,0,0,3,7,6,3,2,G2,1,1.0472
144,14.4,0,0,0,3,7,6,3,2,G2,1,1.0472
145,14.5,0,0,0,3,7,6,3,2,G2,1,1.0472
146,14.6,0,0,0,3,7,6,3,2,G2,1,1.0472
147,14.7,0,0,0,3,7,6,3,2,G2,1,1.0472
148,14.8,0,0,0,3,7,6,3,2,G2,1,1.0472
149,14.9,0,0,0,3,7,6,3,2,G2,1,1.0472
150,15,0,0,0,3,7,6,3,2,G2,1,1.0472
151,15.1,0,0,0,3,7,6,3,2,G2,1,1.0472
152,15.2,0,0,0,3,7,6,3,2,G2,1,1.0472
153,15.3,0,0,0,3,7,6,3,2,G2,1,1.0472
154,15.4,0,0,0,3,7,6,3,2,G2,1,1.0472
155,15.5,0,0,0,3,7,6,3,2,G2,1,1.0472
156,15.6,0,0,0,3,7,6,3,2,G2,1,1.0472
157,15.7,0,0,0,3,7,6,3,2,G2,1,1.0472
158,15.8,0,0,0,3,7,6,3,2,G2,1,1.0472
159,15.9,0,0,0,3,7,6,3,2,G2,1,1.0472
160,16,0,0,0,3,7,6,3,2,M,1,1.0472
161,16.1,0,0,0,3,7,6,3,2,M,1,1.0472
162,16.2,0,0,0,3,7,6,3,2,M,1,1.0472
163,16.3,0,0,0,3,7,6,3,2,M,1,1.0472
164,16.4,0,0,0,3,7,6,3,2,M,1,1.0472
165,16.5,0,0,0,3,7,6,3,2,M,1,1.0472
166,16.6,0,0,0,3,7,6,3,2,M,1,1.0472
167,16.7,0,0,0,3,7,6,3,2,M,1,1.0472
168,16.8,0,0,0,3,7,6,3,2,M,1,1.0472
169,16.9,0,0,0,3,7,6,3,2,M,1,1.0472
170,17,0,0,0,3,7,6,3,2,M,1,1.0472
171,17.1,0,0,0,3,7,6,3,2,M,1,1.0472
172,17.2,0,0,0,3,7,6,3,2,M,1,1.0472
173,17.3,0,0,0,3,7,6,3,2,M,1,1.0472
174,17.4,0,0,0,3,7,6,3,2,M,1,1.0472
175,17.5,0,0,0,3,7,6,3,2,M,1,1.0472
176,17.6,0,0,0,3,7,6,3,2,M,1,1.0472
177,17.7,0,0,0,3,7,6,3,2,M,1,1.0472
178,17.8,0,0,0,3,7,6,3,2,M,1,1.0472
179,17.9,0,0,0,3,7,6,3,2,M,1,1.0472
180,18,0,0,0,3,7,6,3,2,M,0.5,1.0472
181,18.1,0,0.487721,0.15446,2.95606,7,6,3,2,G1,0.507143,0.529219
182,18.1,1,-0.464944,-0.147247,2.96009,7,6,3,2,G1,0.507143,0.529219
183,18.2,0,0.491748,0.155735,2.95532,7,6,3,2,G1,0.514286,0.537193
184,18.2,1,-0.468976,-0.148523,2.95939,7,6,3,2,G1,0.514286,0.537193
185,18.3,0,0.494003,0.156449,2.95491,7,6,3,2,G1,0.521429,0.544682
186,18.3,1,-0.471234,-0.149239,2.959,7,6,3,2,G1,0.521429,0.544682
187,18.4,0,0.496206,0.157147,2.9545,7,6,3,2,G1,0.528571,0.552162
188,18.4,1,-0.47344,-0.149937,2.95861,7,6,3,2,G1,0.528571,0.552162
189,18.5,0,0.498388,0.157838,2.9541,7,6,3,2,G1,0.535714,0.559642
190,18.5,1,-0.475626,-0.150629,2.95822,7,6,3,2,G1,0.535714,0.559642
191,18.6,0,0.500551,0.158523,2.9537,7,6,3,2,G1,0.542857,0.567122
192,18.6,1,-0.477792,-0.151315,2.95784,7,6,3,2,G1,0.542857,0.567122
193,18.7,0,0.502695,0.159202,2.9533,7,6,3,2,G1,0.55,0.574602
194,18.7,1,-0.479939,-0.151995,2.95746,7,6,3,2,G1,0.55,0.574602
195,18.8,0,0.504821,0.159875,2.9529,7,6,3,2,G1,0.557143,0.582082
196,18.8,1,-0.482067,-0.15267,2.95708,7,6,3,2,G1,0.557143,0.582082
197,18.9,0,0.506928,0.160543,2.9525,7,6,3,2,G1,0.564286,0.589562
198,18.9,1,-0.484178,-0.153338,2.9567,7,6,3,2,G1,0.564286,0.589562
199,19,0,0.509018,0.161205,2.9521,7,6,3,2,G1,0.571429,0.597041
200,19,1,-0.48627,-0.154001,2.95632,7,6,3,2,G1,0.571429,0.597041
201,19.1,0,0.51109,0.161861,2.95171,7,6,3,2,G1,0.578571,0.604521
202,19.1,1,-0.488345,-0.154658,2.95594,7,6,3,2,G1,0.578571,0.604521
203,19.2,0,0.513145,0.162512,2.95132,7,6,3,2,G1,0.585714,0.612001
204,19.2,1,-0.490403,-0.15531,2.95557,7,6,3,2,G1,0.585714,0.612001
205,19.3,0,0.515183,0.163157,2.95093,7,6,3,2,G1,0.592857,0.619481
206,19.3,1,-0.492445,-0.155956,2.95519,7,6,3,2,G1,0.592857,0.619481
207,19.4,0,0.517205,0.163798,2.95054,7,6,3,2,G1,0.6,0.626961
208,19.4,1,-0.49447,-0.156597,2.95482,7,6,3,2,G1,0.6,0.626961
209,19.5,0,0.519211,0.164433,2.95015,7,6,3,2,G1,0.607143,0.634441
210,19.5,1,-0.496479,-0.157233,2.95445,7,6,3,2,G1,0.607143,0.634441
211,19.6,0,0.521201,0.165063,2.94976,7,6,3,2,G1,0.614286,0.641921
212,19.6,1,-0.498472,-0.157865,2.95408,7,6,3,2,G1,0.614286,0.641921
213,19.7,0,0.523176,0.165689,2.94938,7,6,3,2,G1,0.621429,0.649401
214,19.7,1,-0.500449,-0.158491,2.95371,7,6,3,2,G1,0.621429,0.649401
215,19.8,0,0.525136,0.166309,2.949,7,6,3,2,G1,0.628571,0.656881
216,19.8,1,-0.502412,-0.159113,2.95335,7,6,3,2,G1,0.628571,0.656881
217,19.9,0,0.527081,0.166925,2.94861,7,6,3,2,G1,0.635714,0.664361
218,19.9,1,-0.504359,-0.159729,2.95298,7,6,3,2,G1,0.635714,0.664361
219,20,0,0.529011,0.167536,2.94823,7,6,3,2,G1,0.642857,0.671841
220,20,1,-0.506292,-0.160342,2.95262,7,6,3,2,G1,0.642857,0.671841
221,20.1,0,0.530927,0.168143,2.94785,7,6,3,2,G1,0.65,0.679321
222,20.1,1,-0.508211,-0.160949,2.95226,7,6,3,2,G1,0.65,0.679321
223,20.2,0,0.532828,0.168745,2.94748,7,6,3,2,G1,0.657143,0.686801
224,20.2,1,-0.510116,-0.161552,2.95189,7,6,3,2,G1,0.657143,0.686801
225,20.3,0,0.534717,0.169343,2.9471,7,6,3,2,G1,0.664286,0.694281
226,20.3,1,-0.512007,-0.162151,2.95153,7,6,3,2,G1,0.664286,0.694281
227,20.4,0,0.536591,0.169937,2.94673,7,6,3,2,G1,0.671429,0.70176
228,20.4,1,-0.513884,-0.162746,2.95118,7,6,3,2,G1,0.671429,0.70176
229,20.5,0,0.538452,0.170526,2.94635,7,6,3,2,G1,0.678571,0.70924
230,20.5,1,-0.515748,-0.163336,2.95082,7,6,3,2,G1,0.678571,0.70924
231,20.6,0,0.5403,0.171112,2.94598,7,6,3,2,G1,0.685714,0.71672
232,20.6,1,-0.517599,-0.163922,2.95046,7,6,3,2,G1,0.685714,0.71672
233,20.7,0,0.542136,0.171693,2.94561,7,6,3,2,G1,0.692857,0.7242
234,20.7,1,-0.519437,-0.164504,2.95011,7,6,3,2,G1,0.692857,0.7242
235,20.8,0,0.543958,0.17227,2.94524,7,6,3,2,G1,0.7,0.73168
236,20.8,1,-0.521263,-0.165083,2.94975,7,6,3,2,G1,0.7,0.73168
237,20.9,0,0.545769,0.172844,2.94487,7,6,3,2,G1,0.707143,0.73916
238,20.9,1,-0.523076,-0.165657,2.9494,7,6,3,2,G1,0.707143,0.73916
239,21,0,0.547567,0.173413,2.9445,7,6,3,2,G1,0.714286,0.74664
240,21,1,-0.524877,-0.166227,2.94905,7,6,3,2,G1,0.714286,0.74664
241,21.1,0,0.549353,0.173979,2.94414,7,6,3,2,G1,0.721429,0.75412
242,21.1,1,-0.526666,-0.166794,2.9487,7,6,3,2,G1,0.721429,0.75412
243,21.2,0,0.551127,0.174541,2.94377,7,6,3,2,G1,0.728571,0.7616
244,21.2,1,-0.528443,-0.167356,2.94835,7,6,3,2,G1,0.728571,0.7616
245,21.3,0,0.55289,0.175099,2.94341,7,6,3,2,G1,0.735714,0.76908
246,21.3,1,-0.530208,-0.167916,2.948,7,6,3,2,G1,0.735714,0.76908
247,21.4,0,0.554641,0.175653,2.94305,7,6,3,2,G1,0.742857,0.77656
248,21.4,1,-0.531962,-0.168471,2.94765,7,6,3,2,G1,0.742857,0.77656
249,21.5,0,0.556381,0.176205,2.94268,7,6,3,2,G1,0.75,0.78404
250,21.5,1,-0.533705,-0.169023,2.9473,7,6,3,2,G1,0.75,0.78404
251,21.6,0,0.55811,0.176752,2.94232,7,6,3,2,G1,0.757143,0.79152
252,21.6,1,-0.535437,-0.169571,2.94696,7,6,3,2,G1,0.757143,0.79152
253,21.7,0,0.559828,0.177296,2.94197,7,6,3,2,G1,0.764286,0.799
254,21.7,1,-0.537158,-0.170116,2.94661,7,6,3,2,G1,0.764286,0.799
255,21.8,0,0.561536,0.177837,2.94161,7,6,3,2,G1,0.771429,0.80648
256,21.8,1,-0.538868,-0.170658,2.94627,7,6,3,2,G1,0.771429,0.80648
257,21.9,0,0.563233,0.178374,2.94125,7,6,3,2,G1,0.778571,0.813959
258,21.9,1,-0.540567,-0.171196,2.94593,7,6,3,2,G1,0.778571,0.813959
259,22,0,0.564919,0.178908,2.94089,7,6,3,2,G1,0.785714,0.821439
260,22,1,-0.542256,-0.171731,2.94558,7,6,3,2,G1,0.785714,0.821439
261,22.1,0,0.566596,0.179439,2.94054,7,6,3,2,G1,0.792857,0.828919
262,22.1,1,-0.543935,-0.172263,2.94524,7,6,3,2,G1,0.792857,0.828919
263,22.2,0,0.568262,0.179967,2.94019,7,6,3,2,G1,0.8,0.836399
264,22.2,1,-0.545604,-0.172791,2.9449,7,6,3,2,G1,0.8,0.836399
265,22.3,0,0.569918,0.180492,2.93983,7,6,3,2,G1,0.807143,0.843879
266,22.3,1,-0.547263,-0.173317,2.94457,7,6,3,2,G1,0.807143,0.843879
267,22.4,0,0.571565,0.181013,2.93948,7,6,3,2,G1,0.814286,0.851359
268,22.4,1,-0.548912,-0.173839,2.94423,7,6,3,2,G1,0.814286,0.851359
269,22.5,0,0.573201,0.181531,2.93913,7,6,3,2,G1,0.821429,0.858839
270,22.5,1,-0.550552,-0.174358,2.94389,7,6,3,2,G1,0.821429,0.858839
271,22.6,0,0.574829,0.182047,2.93878,7,6,3,2,G1,0.828571,0.866319
272,22.6,1,-0.552182,-0.174875,2.94355,7,6,3,2,G1,0.828571,0.866319
273,22.7,0,0.576447,0.182559,2.93843,7,6,3,2,G1,0.835714,0.873799
274,22.7,1,-0.553802,-0.175388,2.94322,7,6,3,2,G1,0.835714,0.873799
275,22.8,0,0.578056,0.183069,2.93808,7,6,3,2,G1,0.842857,0.881279
276,22.8,1,-0.555414,-0.175898,2.94289,7,6,3,2,G1,0.842857,0.881279
277,22.9,0,0.579655,0.183575,2.93774,7,6,3,2,G1,0.85,0.888759
278,22.9,1,-0.557016,-0.176406,2.94255,7,6,3,2,G1,0.85,0.888759
279,23,0,0.581246,0.184079,2.93739,7,6,3,2,G1,0.857143,0.896239
280,23,1,-0.55861,-0.17691,2.94222,7,6,3,2,G1,0.857143,0.896239
281,23.1,0,0.582828,0.18458,2.93705,7,6,3,2,G1,0.864286,0.903719
282,23.1,1,-0.560194,-0.177412,2.94189,7,6,3,2,G1,0.864286,0.903719
283,23.2,0,0.584401,0.185078,2.9367,7,6,3,2,G1,0.871429,0.911199
284,23.2,1,-0.56177,-0.177911,2.94156,7,6,3,2,G1,0.871429,0.911199
285,23.3,0,0.585966,0.185574,2.93636,7,6,3,2,G1,0.878571,0.918679
286,23.3,1,-0.563337,-0.178407,2.94123,7,6,3,2,G1,0.878571,0.918679
287,23.4,0,0.587522,0.186067,2.93602,7,6,3,2,G1,0.885714,0.926158
288,23.4,1,-0.564896,-0.178901,2.9409,7,6,3,2,G1,0.885714,0.926158
289,23.5,0,0.589069,0.186557,2.93568,7,6,3,2,G1,0.892857,0.933638
290,23.5,1,-0.566446,-0.179392,2.94057,7,6,3,2,G1,0.892857,0.933638
291,23.6,0,0.590609,0.187044,2.93534,7,6,3,2,G1,0.9,0.941118
292,23.6,1,-0.567988,-0.17988,2.94024,7,6,3,2,G1,0.9,0.941118
293,23.7,0,0.59214,0.187529,2.935,7,6,3,2,G1,0.907143,0.948598
294,23.7,1,-0.569522,-0.180366,2.93992,7,6,3,2,G1,0.907143,0.948598
295,23.8,0,0.593664,0.188012,2.93466,7,6,3,2,G1,0.914286,0.956078
296,23.8,1,-0.571048,-0.180849,2.93959,7,6,3,2,G1,0.914286,0.956078
297,23.9,0,0.595179,0.188492,2.93432,7,6,3,2,G1,0.921429,0.963558
298,23.9,1,-0.572566,-0.18133,2.93927,7,6,3,2,G1,0.921429,0.963558
299,24,0,0.596686,0.188969,2.93398,7,6,3,2,G1,0.928571,0.971038
300,24,1,-0.574076,-0.181808,2.93894,7,6,3,2,G1,0.928571,0.971038
301,24.1,0,0.598186,0.189444,2.93365,7,6,3,2,G1,0.935714,0.978518
302,24.1,1,-0.575578,-0.182284,2.93862,7,6,3,2,G1,0.935714,0.978518
303,24.2,0,0.599678,0.189917,2.93331,7,6,3,2,G1,0.942857,0.985998
304,24.2,1,-0.577073,-0.182757,2.9383,7,6,3,2,G1,0.942857,0.985998
305,24.3,0,0.601163,0.190387,2.93298,7,6,3,2,G1,0.95,0.993478
306,24.3,1,-0.57856,-0.183228,2.93797,7,6,3,2,G1,0.95,0.993478
307,24.4,0,0.60264,0.190855,2.93264,7,6,3,2,G1,0.957143,1.00096
308,24.4,1,-0.580039,-0.183697,2.93765,7,6,3,2,G1,0.957143,1.00096
309,24.5,0,0.60411,0.19132,2.93231,7,6,3,2,G1,0.964286,1.00844
310,24.5,1,-0.581512,-0.184163,2.93733,7,6,3,2,G1,0.964286,1.00844
311,24.6,0,0.605572,0.191783,2.93198,7,6,3,2,G1,0.971429,1.01592
312,24.6,1,-0.582977,-0.184627,2.93701,7,6,3,2,G1,0.971429,1.01592
313,24.7,0,0.607028,0.192244,2.93165,7,6,3,2,G1,0.978571,1.0234
314,24.7,1,-0.584435,-0.185089,2.9367,7,6,3,2,G1,0.978571,1.0234
315,24.8,0,0.608476,0.192703,2.93132,7,6,3,2,G1,0.985714,1.03088
316,24.8,1,-0.585885,-0.185548,2.93638,7,6,3,2,G1,0.985714,1.03088
317,24.9,0,0.609917,0.193159,2.93099,7,6,3,2,G1,0.992857,1.03836
318,24.9,1,-0.587329,-0.186006,2.93606,7,6,3,2,G1,0.992857,1.03836
319,25,0,0.611352,0.193613,2.93066,7,6,3,2,S,1,1.04584
320,25,1,-0.588766,-0.186461,2.93574,7,6,3,2,S,1,1.04584
321,25.1,0,0.61184,0.193768,2.93055,7,6,3,2,S,1,1.04719
322,25.1,1,-0.589255,-0.186616,2.93564,7,6,3,2,S,1,1.04719
323,25.2,0,0.61185,0.193771,2.93055,7,6,3,2,S,1,1.0472
324,25.2,1,-0.589265,-0.186619,2.93564,7,6,3,2,S,1,1.0472
325,25.3,0,0.61185,0.193771,2.93055,7,6,3,2,S,1,1.0472
326,25.3,1,-0.589265,-0.186619,2.93564,7,6,3,2,S,1,1.0472
327,25.4,0,0.61185,0.193771,2.93055,7,6,3,2,S,1,1.0472
328,25.4,1,-0.589265,-0.186619,2.93564,7,6,3,2,S,1,1.0472
329,25.5,0,0.61185,0.193771,2.93055,7,6,3,2,S,1,1.0472
330,25.5,1,-0.589265,-0.186619,2.93564,7,6,3,2,S,1,1.0472
331,25.6,0,0.61185,0.193771,2.93055,7,6,3,2,S,1,1.0472
332,25.6,1,-0.589265,-0.186619,2.93564,7,6,3,2,S,1,1.0472
333,25.7,0,0.61185,0.193771,2.93055,7,6,3,2,S,1,1.0472
334,25.7,1,-0.589265,-0.186619,2.93564,7,6,3,2,S,1,1.0472
335,25.8,0,0.61185,0.193771,2.93055,7,6,3,2,S,1,1.0472
336,25.8,1,-0.589265,-0.186619,2.93564,7,6,3,2,S,1,1.0472
337,25.9,0,0.61185,0.193771,2.93055,7,6,3,2,S,1,1.0472
338,25.9,1,-0.589265,-0.186619,2.93564,7,6,3,2,S,1,1.0472
339,26,0,0.61185,0.193771,2.93055,7,6,3,2,S,1,1.0472
340,26,1,-0.589265,-0.186619,2.93564,7,6,3,2,S,1,1.0472
341,26.1,0,0.61185,0.193771,2.93055,7,6,3,2,S,1,1.0472
342,26.1,1,-0.589265,-0.186619,2.93564,7,6,3,2,S,1,1.0472
343,26.2,0,0.61185,0.193771,2.93055,7,6,3,2,S,1,1.0472
344,26.2,1,-0.589265,-0.186619,2.93564,7,6,3,2,S,1,1.0472
345,26.3,0,0.61185,0.193771,2.93055,7,6,3,2,S,1,1.0472
346,26.3,1,-0.589265,-0.186619,2.93564,7,6,3,2,S,1,1.0472
347,26.4,0,0.61185,0.193771,2.93055,7,6,3,2,S,1,1.0472
348,26.4,1,-0.589265,-0.186619,2.93564,7,6,3,2,S,1,1.0472
349,26.5,0,0.61185,0.193771,2.93055,7,6,3,2,S,1,1.0472
350,26.5,1,-0.589265,-0.186619,2.93564,7,6,3,2,S,1,1.0472
351,26.6,0,0.61185,0.193771,2.93055,7,6,3,2,S,1,1.0472
352,26.6,1,-0.589265,-0.186619,2.93564,7,6,3,2,S,1,1.0472
353,26.7,0,0.61185,0.193771,2.93055,7,6,3,2,S,1,1.0472
354,26.7,1,-0.589265,-0.186619,2.93564,7,6,3,2,S,1,1.0472
355,26.8,0,0.61185,0.193771,2.93055,7,6,3,2,S,1,1.0472
356,26.8,1,-0.589265,-0.186619,2.93564,7,6,3,2,S,1,1.0472
357,26.9,0,0.61185,0.193771,2.93055,7,6,3,2,S,1,1.0472
358,26.9,1,-0.589265,-0.186619,2.93564,7,6,3,2,S,1,1.0472
359,27,0,0.61185,0.193771,2.93055,7,6,3,2,S,1,1.0472
360,27,1,-0.589265,-0.186619,2.93564,7,6,3,2,S,1,1.0472
361,27.1,0,0.61185,0.193771,2.93055,7,6,3,2,S,1,1.0472
362,27.1,1,-0.589265,-0.186619,2.93564,7,6,3,2,S,1,1.0472
363,27.2,0,0.61185,0.193771,2.93055,7,6,3,2,S,1,1.0472
364,27.2,1,-0.589265,-0.186619,2.93564,7,6,3,2,S,1,1.0472
365,27.3,0,0.61185,0.193771,2.93055,7,6,3,2,S,1,1.0472
366,27.3,1,-0.589265,-0.186619,2.93564,7,6,3,2,S,1,1.0472
367,27.4,0,0.61185,0.193771,2.93055,7,6,3,2,S,1,1.0472
368,27.4,1,-0.589265,-0.186619,2.93564,7,6,3,2,S,1,1.0472
369,27.5,0,0.61185,0.193771,2.93055,7,6,3,2,S,1,1.0472
370,27.5,1,-0.589265,-0.186619,2.93564,7,6,3,2,S,1,1.0472
371,27.6,0,0.61185,0.193771,2.93055,7,6,3,2,S,1,1.0472
372,27.6,1,-0.589265,-0.186619,2.93564,7,6,3,2,S,1,1.0472
373,27.7,0,0.61185,0.193771,2.93055,7,6,3,2,S,1,1.0472
374,27.7,1,-0.589265,-0.186619,2.93564,7,6,3,2,S,1,1.0472
375,27.8,0,0.61185,0.193771,2.93055,7,6,3,2,S,1,1.0472
376,27.8,1,-0.589265,-0.186619,2.93564,7,6,3,2,S,1,1.0472
377,27.9,0,0.61185,0.193771,2.93055,7,6,3,2,S,1,1.0472
378,27.9,1,-0.589265,-0.186619,2.93564,7,6,3,2,S,1,1.0472
379,28,0,0.61185,0.193771,2.93055,7,6,3,2,S,1,1.0472
380,28,1,-0.589265,-0.186619,2.93564,7,6,3,2,S,1,1.0472
381,28.1,0,0.61185,0.193771,2.93055,7,6,3,2,S,1,1.0472
382,28.1,1,-0.589265,-0.186619,2.93564,7,6,3,2,S,1,1.0472
383,28.2,0,0.61185,0.193771,2.93055,7,6,3,2,S,1,1.0472
384,28.2,1,-0.589265,-0.186619,2.93564,7,6,3,2,S,1,1.0472
385,28.3,0,0.61185,0.193771,2.93055,7,6,3,2,S,1,1.0472
386,28.3,1,-0.589265,-0.186619,2.93564,7,6,3,2,S,1,1.0472
387,28.4,0,0.61185,0.193771,2.93055,7,6,3,2,S,1,1.0472
388,28.4,1,-0.589265,-0.186619,2.93564,7,6,3,2,S,1,1.0472
389,28.5,0,0.61185,0.193771,2.93055,7,6,3,2,S,1,1.0472
390,28.5,1,-0.589265,-0.186619,2.93564,7,6,3,2,S,1,1.0472
391,28.6,0,0.61185,0.193771,2.93055,7,6,3,2,S,1,1.0472
392,28.6,1,-0.589265,-0.186619,2.93564,7,6,3,2,S,1,1.0472
393,28.7,0,0.61185,0.193771,2.93055,7,6,3,2,S,1,1.0472
394,28.7,1,-0.589265,-0.186619,2.93564,7,6,3,2,S,1,1.0472
395,28.8,0,0.61185,0.193771,2.93055,7,6,3,2,S,1,1.0472
396,28.8,1,-0.589265,-0.186619,2.93564,7,6,3,2,S,1,1.0472
397,28.9,0,0.61185,0.193771,2.93055,7,6,3,2,S,1,1.0472
398,28.9,1,-0.589265,-0.186619,2.93564,7,6,3,2,S,1,1.0472
399,29,0,0.61185,0.193771,2.93055,7,6,3,2,S,1,1.0472
400,29,1,-0.589265,-0.186619,2.93564,7,6,3,2,S,1,1.0472
401,29.1,0,0.61185,0.193771,2.93055,7,6,3,2,S,1,1.0472
402,29.1,1,-0.589265,-0.186619,2.93564,7,6,3,2,S,1,1.0472
403,29.2,0,0.61185,0.193771,2.93055,7,6,3,2,S,1,1.0472
404,29.2,1,-0.589265,-0.186619,2.93564,7,6,3,2,S,1,1.0472
405,29.3,0,0.61185,0.193771,2.93055,7,6,3,2,S,1,1.0472
406,29.3,1,-0.589265,-0.186619,2.93564,7,6,3,2,S,1,1.0472
407,29.4,0,0.61185,0.193771,2.93055,7,6,3,2,S,1,1.0472
408,29.4,1,-0.589265,-0.186619,2.93564,7,6,3,2,S,1,1.0472
409,29.5,0,0.61185,0.193771,2.93055,7,6,3,2,S,1,1.0472
410,29.5,1,-0.589265,-0.186619,2.93564,7,6,3,2,S,1,1.0472
411,29.6,0,0.61185,0.193771,2.93055,7,6,3,2,S,1,1.0472
412,29.6,1,-0.589265,-0.186619,2.93564,7,6,3,2,S,1,1.0472
413,29.7,0,0.61185,0.193771,2.93055,7,6,3,2,S,1,1.0472
414,29.7,1,-0.589265,-0.186619,2.93564,7,6,3,2,S,1,1.0472
415,29.8,0,0.61185,0.193771,2.93055,7,6,3,2,S,1,1.0472
416,29.8,1,-0.589265,-0.186619,2.93564,7,6,3,2,S,1,1.0472
417,29.9,0,0.61185,0.193771,2.93055,7,6,3,2,S,1,1.0472
418,29.9,1,-0.589265,-0.186619,2.93564,7,6,3,2,S,1,1.0472
419,30,0,0.61185,0.193771,2.93055,7,6,3,2,S,1,1.0472
420,30,1,-0.589265,-0.186619,2.93564,7,6,3,2,S,1,1.0472
421,30.1,0,0.61185,0.193771,2.93055,7,6,3,2,S,1,1.0472
422,30.1,1,-0.589265,-0.186619,2.93564,7,6,3,2,S,1,1.0472
423,30.2,0,0.61185,0.193771,2.93055,7,6,3,2,S,1,1.0472
424,30.2,1,-0.589265,-0.186619,2.93564,7,6,3,2,S,1,1.0472
425,30.3,0,0.61185,0.193771,2.93055,7,6,3,2,S,1,1.0472
426,30.3,1,-0.589265,-0.186619,2.93564,7,6,3,2,S,1,1.0472
427,30.4,0,0.61185,0.193771,2.93055,7,6,3,2,S,1,1.0472
428,30.4,1,-0.589265,-0.186619,2.93564,7,6,3,2,S,1,1.0472
429,30.5,0,0.61185,0.193771,2.93055,7,6,3,2,S,1,1.0472
430,30.5,1,-0.589265,-0.186619,2.93564,7,6,3,2,S,1,1.0472
431,30.6,0,0.61185,0.193771,2.93055,7,6,3,2,S,1,1.0472
432,30.6,1,-0.589265,-0.186619,2.93564,7,6,3,2,S,1,1.0472
433,30.7,0,0.61185,0.193771,2.93055,7,6,3,2,S,1,1.0472
434,30.7,1,-0.589265,-0.186619,2.93564,7,6,3,2,S,1,1.0472
435,30.8,0,0.61185,0.193771,2.93055,7,6,3,2,S,1,1.0472
436,30.8,1,-0.589265,-0.186619,2.93564,7,6,3,2,S,1,1.0472
437,30.9,0,0.61185,0.193771,2.93055,7,6,3,2,S,1,1.0472
438,30.9,1,-0.589265,-0.186619,2.93564,7,6,3,2,S,1,1.0472
439,31,0,0.61185,0.193771,2.93055,7,6,3,2,G2,1,1.0472
440,31,1,-0.589265,-0.186619,2.93564,7,6,3,2,G2,1,1.0472
441,31.1,0,0.61185,0.193771,2.93055,7,6,3,2,G2,1,1.0472
442,31.1,1,-0.589265,-0.186619,2.93564,7,6,3,2,G2,1,1.0472
443,31.2,0,0.61185,0.193771,2.93055,7,6,3,2,G2,1,1.0472
444,31.2,1,-0.589265,-0.186619,2.93564,7,6,3,2,G2,1,1.0472
445,31.3,0,0.61185,0.193771,2.93055,7,6,3,2,G2,1,1.0472
446,31.3,1,-0.589265,-0.186619,2.93564,7,6,3,2,G2,1,1.0472
447,31.4,0,0.61185,0.193771,2.93055,7,6,3,2,G2,1,1.0472
448,31.4,1,-0.589265,-0.186619,2.93564,7,6,3,2,G2,1,1.0472
449,31.5,0,0.61185,0.193771,2.93055,7,6,3,2,G2,1,1.0472
450,31.5,1,-0.589265,-0.186619,2.93564,7,6,3,2,G2,1,1.0472
451,31.6,0,0.61185,0.193771,2.93055,7,6,3,2,G2,1,1.0472
452,31.6,1,-0.589265,-0.186619,2.93564,7,6,3,2,G2,1,1.0472
453,31.7,0,0.61185,0.193771,2.93055,7,6,3,2,G2,1,1.0472
454,31.7,1,-0.589265,-0.186619,2.93564,7,6,3,2,G2,1,1.0472
455,31.8,0,0.61185,0.193771,2.93055,7,6,3,2,G2,1,1.0472
456,31.8,1,-0.589265,-0.186619,2.93564,7,6,3,2,G2,1,1.0472
457,31.9,0,0.61185,0.193771,2.93055,7,6,3,2,G2,1,1.0472
458,31.9,1,-0.589265,-0.186619,2.93564,7,6,3,2,G2,1,1.0472
459,32,0,0.61185,0.193771,2.93055,7,6,3,2,G2,1,1.0472
460,32,1,-0.589265,-0.186619,2.93564,7,6,3,2,G2,1,1.0472
461,32.1,0,0.61185,0.193771,2.93055,7,6,3,2,G2,1,1.0472
462,32.1,1,-0.589265,-0.186619,2.93564,7,6,3,2,G2,1,1.0472
463,32.2,0,0.61185,0.193771,2.93055,7,6,3,2,G2,1,1.0472
464,32.2,1,-0.589265,-0.186619,2.93564,7,6,3,2,G2,1,1.0472
465,32.3,0,0.61185,0.193771,2.93055,7,6,3,2,G2,1,1.0472
466,32.3,1,-0.589265,-0.186619,2.93564,7,6,3,2,G2,1,1.0472
467,32.4,0,0.61185,0.193771,2.93055,7,6,3,2,G2,1,1.0472
468,32.4,1,-0.589265,-0.186619,2.93564,7,6,3,2,G2,1,1.0472
469,32.5,0,0.61185,0.193771,2.93055,7,6,3,2,G2,1,1.0472
470,32.5,1,-0.589265,-0.186619,2.93564,7,6,3,2,G2,1,1.0472
471,32.6,0,0.61185,0.193771,2.93055,7,6,3,2,G2,1,1.0472
472,32.6,1,-0.589265,-0.186619,2.93564,7,6,3,2,G2,1,1.0472
473,32.7,0,0.61185,0.193771,2.93055,7,6,3,2,G2,1,1.0472
474,32.7,1,-0.589265,-0.186619,2.93564,7,6,3,2,G2,1,1.0472
475,32.8,0,0.61185,0.193771,2.93055,7,6,3,2,G2,1,1.0472
476,32.8,1,-0.589265,-0.186619,2.93564,7,6,3,2,G2,1,1.0472
477,32.9,0,0.61185,0.193771,2.93055,7,6,3,2,G2,1,1.0472
478,32.9,1,-0.589265,-0.186619,2.93564,7,6,3,2,G2,1,1.0472
479,33,0,0.61185,0.193771,2.93055,7,6,3,2,G2,1,1.0472
480,33,1,-0.589265,-0.186619,2.93564,7,6,3,2,G2,1,1.0472
481,33.1,0,0.61185,0.193771,2.93055,7,6,3,2,G2,1,1.0472
482,33.1,1,-0.589265,-0.186619,2.93564,7,6,3,2,G2,1,1.0472
483,33.2,0,0.61185,0.193771,2.93055,7,6,3,2,G2,1,1.0472
484,33.2,1,-0.589265,-0.186619,2.93564,7,6,3,2,G2,1,1.0472
485,33.3,0,0.61185,0.193771,2.93055,7,6,3,2,G2,1,1.0472
486,33.3,1,-0.589265,-0.186619,2.93564,7,6,3,2,G2,1,1.0472
487,33.4,0,0.61185,0.193771,2.93055,7,6,3,2,G2,1,1.0472
488,33.4,1,-0.589265,-0.186619,2.93564,7,6,3,2,G2,1,1.0472
489,33.5,0,0.61185,0.193771,2.93055,7,6,3,2,G2,1,1.0472
490,33.5,1,-0.589265,-0.186619,2.93564,7,6,3,2,G2,1,1.0472
491,33.6,0,0.61185,0.193771,2.93055,7,6,3,2,G2,1,1.0472
492,33.6,1,-0.589265,-0.186619,2.93564,7,6,3,2,G2,1,1.0472
493,33.7,0,0.61185,0.193771,2.93055,7,6,3,2,G2,1,1.0472
494,33.7,1,-0.589265,-0.186619,2.93564,7,6,3,2,G2,1,1.0472
495,33.8,0,0.61185,0.193771,2.93055,7,6,3,2,G2,1,1.0472
496,33.8,1,-0.589265,-0.186619,2.93564,7,6,3,2,G2,1,1.0472
497,33.9,0,0.61185,0.193771,2.93055,7,6,3,2,G2,1,1.0472
498,33.9,1,-0.589265,-0.186619,2.93564,7,6,3,2,G2,1,1.0472
499,34,0,0.61185,0.193771,2.93055,7,6,3,2,M,1,1.0472
500,34,1,-0.589265,-0.186619,2.93564,7,6,3,2,M,1,1.0472
501,34.1,0,0.61185,0.193771,2.93055,7,6,3,2,M,1,1.0472
502,34.1,1,-0.589265,-0.186619,2.93564,7,6,3,2,M,1,1.0472
503,34.2,0,0.61185,0.193771,2.93055,7,6,3,2,M,1,1.0472
504,34.2,1,-0.589265,-0.186619,2.93564,7,6,3,2,M,1,1.0472
505,34.3,0,0.61185,0.193771,2.93055,7,6,3,2,M,1,1.0472
506,34.3,1,-0.589265,-0.186619,2.93564,7,6,3,2,M,1,1.0472
507,34.4,0,0.61185,0.193771,2.93055,7,6,3,2,M,1,1.0472
508,34.4,1,-0.589265,-0.186619,2.93564,7,6,3,2,M,1,1.0472
509,34.5,0,0.61185,0.193771,2.93055,7,6,3,2,M,1,1.0472
510,34.5,1,-0.589265,-0.186619,2.93564,7,6,3,2,M,1,1.0472
511,34.6,0,0.61185,0.193771,2.93055,7,6,3,2,M,1,1.0472
512,34.6,1,-0.589265,-0.186619,2.93564,7,6,3,2,M,1,1.0472
513,34.7,0,0.61185,0.193771,2.93055,7,6,3,2,M,1,1.0472
514,34.7,1,-0.589265,-0.186619,2.93564,7,6,3,2,M,1,1.0472
515,34.8,0,0.61185,0.193771,2.93055,7,6,3,2,M,1,1.0472
516,34.8,1,-0.589265,-0.186619,2.93564,7,6,3,2,M,1,1.0472
517,34.9,0,0.61185,0.193771,2.93055,7,6,3,2,M,1,1.0472
518,34.9,1,-0.589265,-0.186619,2.93564,7,6,3,2,M,1,1.0472
519,35,0,0.61185,0.193771,2.93055,7,6,3,2,M,1,1.0472
520,35,1,-0.589265,-0.186619,2.93564,7,6,3,2,M,1,1.0472
521,35.1,0,0.61185,0.193771,2.93055,7,6,3,2,M,1,1.0472
522,35.1,1,-0.589265,-0.186619,2.93564,7,6,3,2,M,1,1.0472
523,35.2,0,0.61185,0.193771,2.93055,7,6,3,2,M,1,1.0472
524,35.2,1,-0.589265,-0.186619,2.93564,7,6,3,2,M,1,1.0472
525,35.3,0,0.61185,0.193771,2.93055,7,6,3,2,M,1,1.0472
526,35.3,1,-0.589265,-0.186619,2.93564,7,6,3,2,M,1,1.0472
527,35.4,0,0.61185,0.193771,2.93055,7,6,3,2,M,1,1.0472
528,35.4,1,-0.589265,-0.186619,2.93564,7,6,3,2,M,1,1.0472
529,35.5,0,0.61185,0.193771,2.93055,7,6,3,2,M,1,1.0472
530,35.5,1,-0.589265,-0.186619,2.93564,7,6,3,2,M,1,1.0472
531,35.6,0,0.61185,0.193771,2.93055,7,6,3,2,M,1,1.0472
532,35.6,1,-0.589265,-0.186619,2.93564,7,6,3,2,M,1,1.0472
533,35.7,0,0.61185,0.193771,2.93055,7,6,3,2,M,1,1.0472
534,35.7,1,-0.589265,-0.186619,2.93564,7,6,3,2,M,1,1.0472
535,35.8,0,0.61185,0.193771,2.93055,7,6,3,2,M,1,1.0472
536,35.8,1,-0.589265,-0.186619,2.93564,7,6,3,2,M,1,1.0472
537,35.9,0,0.61185,0.193771,2.93055,7,6,3,2,M,1,1.0472
538,35.9,1,-0.589265,-0.186619,2.93564,7,6,3,2,M,1,1.0472
539,36,0,0.61185,0.193771,2.93055,7,6,3,2,M,0.5,1.0472
540,36,1,-0.589265,-0.186619,2.93564,7,6,3,2,M,0.5,1.0472
541,36.1,0,0.782834,0.683609,2.81422,7,6,3,2,G1,0.507143,0.529314
542,36.1,1,-0.296879,0.227064,2.97663,7,6,3,2,G1,0.507143,0.525639
543,36.1,2,0.550741,-0.281517,2.93555,7,6,3,2,G1,0.507143,0.527391
544,36.1,3,-0.925961,-0.513888,2.80687,7,6,3,2,G1,0.507143,0.527559
545,36.2,0,0.783359,0.68624,2.81344,7,6,3,2,G1,0.514286,0.537258
546,36.2,1,-0.297725,0.240543,2.97548,7,6,3,2,G1,0.514286,0.536964
547,36.2,2,0.558161,-0.289192,2.9334,7,6,3,2,G1,0.514286,0.537096
548,36.2,3,-0.932636,-0.522179,2.80313,7,6,3,2,G1,0.514286,0.537126
549,36.3,0,0.783702,0.68803,2.8129,7,6,3,2,G1,0.521429,0.544715
550,36.3,1,-0.29803,0.24397,2.97517,7,6,3,2,G1,0.521429,0.544561
551,36.3,2,0.559771,-0.292337,2.93278,7,6,3,2,G1,0.521429,0.544611
552,36.3,3,-0.934271,-0.524242,2.8022,7,6,3,2,G1,0.521429,0.544664
553,36.4,0,0.784059,0.689915,2.81234,7,6,3,2,G1,0.528571,0.552193
554,36.4,1,-0.29827,0.247064,2.97489,7,6,3,2,G1,0.528571,0.552047
555,36.4,2,0.56112,-0.295442,2.93221,7,6,3,2,G1,0.528571,0.552093
556,36.4,3,-0.935746,-0.526114,2.80135,7,6,3,2,G1,0.528571,0.552146
557,36.5,0,0.784409,0.691787,2.81178,7,6,3,2,G1,0.535714,0.559673
558,36.5,1,-0.298496,0.250117,2.97462,7,6,3,2,G1,0.535714,0.559529
559,36.5,2,0.562434,-0.298518,2.93165,7,6,3,2,G1,0.535714,0.559575
560,36.5,3,-0.937195,-0.527962,2.80052,7,6,3,2,G1,0.535714,0.559627
561,36.6,0,0.784752,0.693639,2.81123,7,6,3,2,G1,0.542857,0.567154
562,36.6,1,-0.298712,0.25314,2.97434,7,6,3,2,G1,0.542857,0.56701
563,36.6,2,0.563724,-0.301564,2.93109,7,6,3,2,G1,0.542857,0.567056
564,36.6,3,-0.938621,-0.52979,2.7997,7,6,3,2,G1,0.542857,0.567108
565,36.7,0,0.785086,0.695472,2.81069,7,6,3,2,G1,0.55,0.574634
566,36.7,1,-0.298919,0.256135,2.97406,7,6,3,2,G1,0.55,0.574492
567,36.7,2,0.564992,-0.304581,2.93053,7,6,3,2,G1,0.55,0.574538
568,36.7,3,-0.940027,-0.5316,2.79888,7,6,3,2,G1,0.55,0.574588
569,36.8,0,0.785413,0.697286,2.81015,7,6,3,2,G1,0.557143,0.582114
570,36.8,1,-0.299118,0.259102,2.97378,7,6,3,2,G1,0.557143,0.581974
571,36.8,2,0.566238,-0.30757,2.92998,7,6,3,2,G1,0.557143,0.582019
572,36.8,3,-0.941412,-0.533392,2.79808,7,6,3,2,G1,0.557143,0.582069
573,36.9,0,0.785733,0.699082,2.80961,7,6,3,2,G1,0.564286,0.589595
574,36.9,1,-0.299307,0.262042,2.97351,7,6,3,2,G1,0.564286,0.589456
575,36.9,2,0.567462,-0.31053,2.92943,7,6,3,2,G1,0.564286,0.589501
576,36.9,3,-0.942776,-0.535167,2.79728,7,6,3,2,G1,0.564286,0.589549
577,37,0,0.786046,0.70086,2.80908,7,6,3,2,G1,0.571429,0.597075
578,37,1,-0.299488,0.264956,2.97323,7,6,3,2,G1,0.571429,0.596937
579,37,2,0.568665,-0.313463,2.92888,7,6,3,2,G1,0.571429,0.596982
580,37,3,-0.944122,-0.536924,2.79649,7,6,3,2,G1,0.571429,0.59703
581,37.1,0,0.786352,0.702621,2.80855,7,6,3,2,G1,0.578571,0.604555
582,37.1,1,-0.299662,0.267843,2.97296,7,6,3,2,G1,0.578571,0.604419
583,37.1,2,0.569849,-0.31637,2.92834,7,6,3,2,G1,0.578571,0.604463
584,37.1,3,-0.945449,-0.538665,2.7957,7,6,3,2,G1,0.578571,0.604511
585,37.2,0,0.786651,0.704364,2.80803,7,6,3,2,G1,0.585714,0.612035
586,37.2,1,-0.299827,0.270705,2.97268,7,6,3,2,G1,0.585714,0.6119
587,37.2,2,0.571013,-0.319251,2.9278,7,6,3,2,G1,0.585714,0.611945
588,37.2,3,-0.946757,-0.54039,2.79493,7,6,3,2,G1,0.585714,0.611991
589,37.3,0,0.786944,0.706092,2.80752,7,6,3,2,G1,0.592857,0.619516
590,37.3,1,-0.299985,0.273542,2.9724,7,6,3,2,G1,0.592857,0.619382
591,37.3,2,0.572158,-0.322105,2.92727,7,6,3,2,G1,0.592857,0.619426
592,37.3,3,-0.948048,-0.542099,2.79416,7,6,3,2,G1,0.592857,0.619472
593,37.4,0,0.787231,0.707803,2.80701,7,6,3,2,G1,0.6,0.626996
594,37.4,1,-0.300135,0.276354,2.97213,7,6,3,2,G1,0.6,0.626863
595,37.4,2,0.573284,-0.324935,2.92673,7,6,3,2,G1,0.6,0.626907
596,37.4,3,-0.949322,-0.543792,2.7934,7,6,3,2,G1,0.6,0.626952
597,37.5,0,0.787512,0.709498,2.8065,7,6,3,2,G1,0.607143,0.634476
598,37.5,1,-0.300279,0.279142,2.97185,7,6,3,2,G1,0.607143,0.634345
599,37.5,2,0.574392,-0.327741,2.9262,7,6,3,2,G1,0.607143,0.634388
600,37.5,3,-0.950579,-0.54547,2.79264,7,6,3,2,G1,0.607143,0.634433
601,37.6,0,0.787788,0.711179,2.806,7,6,3,2,G1,0.614286,0.641956
602,37.6,1,-0.300415,0.281906,2.97158,7,6,3,2,G1,0.614286,0.641826
603,37.6,2,0.575483,-0.330522,2.92568,7,6,3,2,G1,0.614286,0.641869
604,37.6,3,-0.951819,-0.547133,2.7919,7,6,3,2,G1,0.614286,0.641913
605,37.7,0,0.788057,0.712844,2.8055,7,6,3,2,G1,0.621429,0.649437
606,37.7,1,-0.300545,0.284648,2.9713,7,6,3,2,G1,0.621429,0.649307
607,37.7,2,0.576556,-0.33328,2.92515,7,6,3,2,G1,0.621429,0.649351
608,37.7,3,-0.953043,-0.548782,2.79116,7,6,3,2,G1,0.621429,0.649394
609,37.8,0,0.788322,0.714495,2.805,7,6,3,2,G1,0.628571,0.656917
610,37.8,1,-0.300668,0.287367,2.97103,7,6,3,2,G1,0.628571,0.656789
611,37.8,2,0.577613,-0.336015,2.92463,7,6,3,2,G1,0.628571,0.656832
612,37.8,3,-0.954252,-0.550417,2.79042,7,6,3,2,G1,0.628571,0.656874
613,37.9,0,0.788581,0.716131,2.80451,7,6,3,2,G1,0.635714,0.664397
614,37.9,1,-0.300785,0.290063,2.97076,7,6,3,2,G1,0.635714,0.66427
615,37.9,2,0.578654,-0.338728,2.92411,7,6,3,2,G1,0.635714,0.664313
616,37.9,3,-0.955446,-0.552037,2.78969,7,6,3,2,G1,0.635714,0.664354
617,38,0,0.788835,0.717753,2.80403,7,6,3,2,G1,0.642857,0.671877
618,38,1,-0.300896,0.292738,2.97048,7,6,3,2,G1,0.642857,0.671751
619,38,2,0.579679,-0.341418,2.92359,7,6,3,2,G1,0.642857,0.671794
620,38,3,-0.956625,-0.553644,2.78897,7,6,3,2,G1,0.642857,0.671835
621,38.1,0,0.789084,0.719362,2.80354,7,6,3,2,G1,0.65,0.679357
622,38.1,1,-0.301,0.295391,2.97021,7,6,3,2,G1,0.65,0.679233
623,38.1,2,0.580688,-0.344086,2.92308,7,6,3,2,G1,0.65,0.679275
624,38.1,3,-0.95779,-0.555238,2.78825,7,6,3,2,G1,0.65,0.679315
625,38.2,0,0.789328,0.720958,2.80307,7,6,3,2,G1,0.657143,0.686837
626,38.2,1,-0.301099,0.298023,2.96994,7,6,3,2,G1,0.657143,0.686714
627,38.2,2,0.581683,-0.346734,2.92257,7,6,3,2,G1,0.657143,0.686756
628,38.2,3,-0.958941,-0.556819,2.78754,7,6,3,2,G1,0.657143,0.686796
629,38.3,0,0.789568,0.72254,2.80259,7,6,3,2,G1,0.664286,0.694318
630,38.3,1,-0.301193,0.300635,2.96966,7,6,3,2,G1,0.664286,0.694195
631,38.3,2,0.582662,-0.34936,2.92206,7,6,3,2,G1,0.664286,0.694237
632,38.3,3,-0.960078,-0.558387,2.78684,7,6,3,2,G1,0.664286,0.694276
633,38.4,0,0.789803,0.72411,2.80212,7,6,3,2,G1,0.671429,0.701798
634,38.4,1,-0.30128,0.303226,2.96939,7,6,3,2,G1,0.671429,0.701676
635,38.4,2,0.583628,-0.351966,2.92156,7,6,3,2,G1,0.671429,0.701718
636,38.4,3,-0.961202,-0.559942,2.78614,7,6,3,2,G1,0.671429,0.701756
637,38.5,0,0.790034,0.725667,2.80165,7,6,3,2,G1,0.678571,0.709278
638,38.5,1,-0.301363,0.305797,2.96912,7,6,3,2,G1,0.678571,0.709157
639,38.5,2,0.584579,-0.354552,2.92105,7,6,3,2,G1,0.678571,0.709199
640,38.5,3,-0.962313,-0.561485,2.78544,7,6,3,2,G1,0.678571,0.709237
641,38.6,0,0.79026,0.727211,2.80119,7,6,3,2,G1,0.685714,0.716758
642,38.6,1,-0.30144,0.308349,2.96885,7,6,3,2,G1,0.685714,0.716639
643,38.6,2,0.585517,-0.357118,2.92055,7,6,3,2,G1,0.685714,0.71668
644,38.6,3,-0.963411,-0.563017,2.78475,7,6,3,2,G1,0.685714,0.716717
645,38.7,0,0.790482,0.728744,2.80073,7,6,3,2,G1,0.692857,0.724238
646,38.7,1,-0.301512,0.310882,2.96858,7,6,3,2,G1,0.692857,0.72412
647,38.7,2,0.586441,-0.359664,2.92006,7,6,3,2,G1,0.692857,0.72416
648,38.7,3,-0.964497,-0.564536,2.78407,7,6,3,2,G1,0.692857,0.724197
649,38.8,0,0.7907,0.730265,2.80027,7,6,3,2,G1,0.7,0.731718
650,38.8,1,-0.301579,0.313395,2.9683,7,6,3,2,G1,0.7,0.731601
651,38.8,2,0.587352,-0.362192,2.91956,7,6,3,2,G1,0.7,0.731641
652,38.8,3,-0.96557,-0.566044,2.78339,7,6,3,2,G1,0.7,0.731678
653,38.9,0,0.790915,0.731775,2.79981,7,6,3,2,G1,0.707143,0.739198
654,38.9,1,-0.301642,0.31589,2.96803,7,6,3,2,G1,0.707143,0.739082
655,38.9,2,0.588251,-0.364701,2.91907,7,6,3,2,G1,0.707143,0.739122
656,38.9,3,-0.966632,-0.56754,2.78272,7,6,3,2,G1,0.707143,0.739158
657,39,0,0.791125,0.733273,2.79936,7,6,3,2,G1,0.714286,0.746679
658,39,1,-0.301699,0.318367,2.96776,7,6,3,2,G1,0.714286,0.746563
659,39,2,0.589137,-0.367192,2.91858,7,6,3,2,G1,0.714286,0.746603
660,39,3,-0.967683,-0.569026,2.78205,7,6,3,2,G1,0.714286,0.746638
661,39.1,0,0.791331,0.73476,2.79891,7,6,3,2,G1,0.721429,0.754159
662,39.1,1,-0.301752,0.320826,2.96749,7,6,3,2,G1,0.721429,0.754044
663,39.1,2,0.590011,-0.369664,2.91809,7,6,3,2,G1,0.721429,0.754084
664,39.1,3,-0.968721,-0.5705,2.78139,7,6,3,2,G1,0.721429,0.754119
665,39.2,0,0.791534,0.736237,2.79847,7,6,3,2,G1,0.728571,0.761639
666,39.2,1,-0.301801,0.323267,2.96722,7,6,3,2,G1,0.728571,0.761525
667,39.2,2,0.590873,-0.372119,2.9176,7,6,3,2,G1,0.728571,0.761565
668,39.2,3,-0.969749,-0.571964,2.78073,7,6,3,2,G1,0.728571,0.761599
669,39.3,0,0.791734,0.737702,2.79803,7,6,3,2,G1,0.735714,0.769119
670,39.3,1,-0.301845,0.325691,2.96695,7,6,3,2,G1,0.735714,0.769006
671,39.3,2,0.591723,-0.374556,2.91712,7,6,3,2,G1,0.735714,0.769045
672,39.3,3,-0.970766,-0.573417,2.78007,7,6,3,2,G1,0.735714,0.769079
673,39.4,0,0.79193,0.739158,2.79759,7,6,3,2,G1,0.742857,0.776599
674,39.4,1,-0.301885,0.328098,2.96668,7,6,3,2,G1,0.742857,0.776487
675,39.4,2,0.592562,-0.376976,2.91663,7,6,3,2,G1,0.742857,0.776526
676,39.4,3,-0.971773,-0.57486,2.77942,7,6,3,2,G1,0.742857,0.77656
677,39.5,0,0.792122,0.740603,2.79715,7,6,3,2,G1,0.75,0.784079
678,39.5,1,-0.301921,0.330488,2.96642,7,6,3,2,G1,0.75,0.783968
679,39.5,2,0.59339,-0.37938,2.91615,7,6,3,2,G1,0.75,0.784007
680,39.5,3,-0.972769,-0.576293,2.77878,7,6,3,2,G1,0.75,0.78404
681,39.6,0,0.792311,0.742037,2.79672,7,6,3,2,G1,0.757143,0.791559
682,39.6,1,-0.301953,0.332861,2.96615,7,6,3,2,G1,0.757143,0.791449
683,39.6,2,0.594207,-0.381767,2.91568,7,6,3,2,G1,0.757143,0.791488
684,39.6,3,-0.973755,-0.577715,2.77814,7,6,3,2,G1,0.757143,0.79152
685,39.7,0,0.792497,0.743463,2.79629,7,6,3,2,G1,0.764286,0.799039
686,39.7,1,-0.301981,0.335218,2.96588,7,6,3,2,G1,0.764286,0.79893
687,39.7,2,0.595014,-0.384137,2.9152,7,6,3,2,G1,0.764286,0.798968
688,39.7,3,-0.974731,-0.579128,2.7775,7,6,3,2,G1,0.764286,0.799001
689,39.8,0,0.79268,0.744878,2.79586,7,6,3,2,G1,0.771429,0.806519
690,39.8,1,-0.302006,0.337559,2.96561,7,6,3,2,G1,0.771429,0.806411
691,39.8,2,0.59581,-0.386491,2.91473,7,6,3,2,G1,0.771429,0.806449
692,39.8,3,-0.975697,-0.580532,2.77687,7,6,3,2,G1,0.771429,0.806481
693,39.9,0,0.79286,0.746284,2.79543,7,6,3,2,G1,0.778571,0.813999
694,39.9,1,-0.302026,0.339885,2.96534,7,6,3,2,G1,0.778571,0.813892
695,39.9,2,0.596595,-0.38883,2.91426,7,6,3,2,G1,0.778571,0.81393
696,39.9,3,-0.976654,-0.581926,2.77624,7,6,3,2,G1,0.778571,0.813961
697,40,0,0.793036,0.74768,2.79501,7,6,3,2,G1,0.785714,0.821479
698,40,1,-0.302043,0.342195,2.96508,7,6,3,2,G1,0.785714,0.821372
699,40,2,0.597371,-0.391153,2.91379,7,6,3,2,G1,0.785714,0.821411
700,40,3,-0.977601,-0.58331,2.77562,7,6,3,2,G1,0.785714,0.821441
701,40.1,0,0.79321,0.749068,2.79459,7,6,3,2,G1,0.792857,0.82896
702,40.1,1,-0.302056,0.344489,2.96481,7,6,3,2,G1,0.792857,0.828853
703,40.1,2,0.598137,-0.393461,2.91332,7,6,3,2,G1,0.792857,0.828891
704,40.1,3,-0.97854,-0.584686,2.775,7,6,3,2,G1,0.792857,0.828922
705,40.2,0,0.793381,0.750446,2.79417,7,6,3,2,G1,0.8,0.83644
706,40.2,1,-0.302066,0.346769,2.96454,7,6,3,2,G1,0.8,0.836334
707,40.2,2,0.598893,-0.395754,2.91285,7,6,3,2,G1,0.8,0.836372
708,40.2,3,-0.979469,-0.586052,2.77438,7,6,3,2,G1,0.8,0.836402
709,40.3,0,0.793549,0.751815,2.79375,7,6,3,2,G1,0.807143,0.84392
710,40.3,1,-0.302072,0.349033,2.96428,7,6,3,2,G1,0.807143,0.843815
711,40.3,2,0.59964,-0.398032,2.91239,7,6,3,2,G1,0.807143,0.843853
712,40.3,3,-0.98039,-0.58741,2.77377,7,6,3,2,G1,0.807143,0.843882
713,40.4,0,0.793715,0.753176,2.79334,7,6,3,2,G1,0.814286,0.8514
714,40.4,1,-0.302075,0.351283,2.96401,7,6,3,2,G1,0.814286,0.851296
715,40.4,2,0.600378,-0.400295,2.91193,7,6,3,2,G1,0.814286,0.851333
716,40.4,3,-0.981301,-0.588759,2.77316,7,6,3,2,G1,0.814286,0.851362
717,40.5,0,0.793877,0.754528,2.79293,7,6,3,2,G1,0.821429,0.85888
718,40.5,1,-0.302075,0.353519,2.96374,7,6,3,2,G1,0.821429,0.858777
719,40.5,2,0.601106,-0.402544,2.91147,7,6,3,2,G1,0.821429,0.858814
720,40.5,3,-0.982205,-0.590099,2.77255,7,6,3,2,G1,0.821429,0.858842
721,40.6,0,0.795423,0.75615,2.79205,7,6,3,2,G1,0.828571,0.866239
722,40.6,1,-0.303139,0.355345,2.96342,7,6,3,2,G1,0.828571,0.866037
723,40.6,2,0.601718,-0.404461,2.91107,7,6,3,2,G1,0.828571,0.866391
724,40.6,3,-0.983306,-0.591739,2.77181,7,6,3,2,G1,0.828571,0.866221
725,40.7,0,0.797608,0.757767,2.79099,7,6,3,2,G1,0.835714,0.873697
726,40.7,1,-0.304384,0.357154,2.96307,7,6,3,2,G1,0.835714,0.873471
727,40.7,2,0.602188,-0.405992,2.91076,7,6,3,2,G1,0.835714,0.873892
728,40.7,3,-0.984675,-0.593786,2.77089,7,6,3,2,G1,0.835714,0.873675
729,40.8,0,0.799904,0.759374,2.78989,7,6,3,2,G1,0.842857,0.881173
730,40.8,1,-0.305645,0.358966,2.96272,7,6,3,2,G1,0.842857,0.880942
731,40.8,2,0.602621,-0.407439,2.91047,7,6,3,2,G1,0.842857,0.881377
732,40.8,3,-0.986093,-0.595916,2.76993,7,6,3,2,G1,0.842857,0.88115
733,40.9,0,0.802211,0.760968,2.7888,7,6,3,2,G1,0.85,0.888652
734,40.9,1,-0.306904,0.36077,2.96237,7,6,3,2,G1,0.85,0.888422
735,40.9,2,0.603042,-0.408863,2.91018,7,6,3,2,G1,0.85,0.888858
736,40.9,3,-0.98751,-0.598052,2.76896,7,6,3,2,G1,0.85,0.888629
737,41,0,0.80451,0.762551,2.7877,7,6,3,2,G1,0.857143,0.896132
738,41,1,-0.308158,0.362567,2.96202,7,6,3,2,G1,0.857143,0.895902
739,41,2,0.603454,-0.410276,2.9099,7,6,3,2,G1,0.857143,0.896338
740,41,3,-0.988914,-0.600181,2.768,7,6,3,2,G1,0.857143,0.896109
741,41.1,0,0.806795,0.764123,2.78661,7,6,3,2,G1,0.864286,0.903612
742,41.1,1,-0.309406,0.364355,2.96167,7,6,3,2,G1,0.864286,0.903383
743,41.1,2,0.603859,-0.411681,2.90962,7,6,3,2,G1,0.864286,0.903818
744,41.1,3,-0.990304,-0.602297,2.76704,7,6,3,2,G1,0.864286,0.90359
745,41.2,0,0.809067,0.765683,2.78552,7,6,3,2,G1,0.871429,0.911092
746,41.2,1,-0.310648,0.366135,2.96132,7,6,3,2,G1,0.871429,0.910864
747,41.2,2,0.604258,-0.413078,2.90934,7,6,3,2,G1,0.871429,0.911298
748,41.2,3,-0.991681,-0.604402,2.76609,7,6,3,2,G1,0.871429,0.91107
749,41.3,0,0.811325,0.767232,2.78444,7,6,3,2,G1,0.878571,0.918572
750,41.3,1,-0.311884,0.367907,2.96098,7,6,3,2,G1,0.878571,0.918345
751,41.3,2,0.60465,-0.414468,2.90906,7,6,3,2,G1,0.878571,0.918778
752,41.3,3,-0.993043,-0.606494,2.76515,7,6,3,2,G1,0.878571,0.918551
753,41.4,0,0.81357,0.768769,2.78336,7,6,3,2,G1,0.885714,0.926052
754,41.4,1,-0.313114,0.36967,2.96063,7,6,3,2,G1,0.885714,0.925826
755,41.4,2,0.605036,-0.41585,2.90878,7,6,3,2,G1,0.885714,0.926257
756,41.4,3,-0.994392,-0.608574,2.7642,7,6,3,2,G1,0.885714,0.926031
757,41.5,0,0.815802,0.770296,2.78229,7,6,3,2,G1,0.892857,0.933532
758,41.5,1,-0.314338,0.371425,2.96028,7,6,3,2,G1,0.892857,0.933306
759,41.5,2,0.605415,-0.417225,2.9085,7,6,3,2,G1,0.892857,0.933737
760,41.5,3,-0.995727,-0.610643,2.76327,7,6,3,2,G1,0.892857,0.933511
761,41.6,0,0.81802,0.771813,2.78121,7,6,3,2,G1,0.9,0.941012
762,41.6,1,-0.315557,0.373173,2.95993,7,6,3,2,G1,0.9,0.940787
763,41.6,2,0.605789,-0.418593,2.90823,7,6,3,2,G1,0.9,0.941217
764,41.6,3,-0.997048,-0.6127,2.76233,7,6,3,2,G1,0.9,0.940992
765,41.7,0,0.820225,0.773318,2.78015,7,6,3,2,G1,0.907143,0.948492
766,41.7,1,-0.31677,0.374912,2.95958,7,6,3,2,G1,0.907143,0.948268
767,41.7,2,0.606156,-0.419955,2.90796,7,6,3,2,G1,0.907143,0.948697
768,41.7,3,-0.998357,-0.614745,2.76141,7,6,3,2,G1,0.907143,0.948472
769,41.8,0,0.822418,0.774814,2.77908,7,6,3,2,G1,0.914286,0.955972
770,41.8,1,-0.317978,0.376643,2.95923,7,6,3,2,G1,0.914286,0.955749
771,41.8,2,0.606518,-0.421309,2.90769,7,6,3,2,G1,0.914286,0.956176
772,41.8,3,-0.999653,-0.616779,2.76049,7,6,3,2,G1,0.914286,0.955953
773,41.9,0,0.824598,0.776298,2.77802,7,6,3,2,G1,0.921429,0.963452
774,41.9,1,-0.31918,0.378367,2.95888,7,6,3,2,G1,0.921429,0.963229
775,41.9,2,0.606873,-0.422657,2.90742,7,6,3,2,G1,0.921429,0.963656
776,41.9,3,-1.00094,-0.618802,2.75957,7,6,3,2,G1,0.921429,0.963433
777,42,0,0.826766,0.777773,2.77696,7,6,3,2,G1,0.928571,0.970932
778,42,1,-0.320377,0.380083,2.95853,7,6,3,2,G1,0.928571,0.97071
779,42,2,0.607223,-0.423997,2.90715,7,6,3,2,G1,0.928571,0.971136
780,42,3,-1.00221,-0.620813,2.75865,7,6,3,2,G1,0.928571,0.970913
781,42.1,0,0.828921,0.779238,2.77591,7,6,3,2,G1,0.935714,0.978412
782,42.1,1,-0.321568,0.381792,2.95818,7,6,3,2,G1,0.935714,0.978191
783,42.1,2,0.607567,-0.425331,2.90688,7,6,3,2,G1,0.935714,0.978616
784,42.1,3,-1.00347,-0.622814,2.75775,7,6,3,2,G1,0.935714,0.978394
785,42.2,0,0.831064,0.780693,2.77486,7,6,3,2,G1,0.942857,0.985892
786,42.2,1,-0.322755,0.383493,2.95783,7,6,3,2,G1,0.942857,0.985671
787,42.2,2,0.607906,-0.426659,2.90662,7,6,3,2,G1,0.942857,0.986095
788,42.2,3,-1.00471,-0.624804,2.75684,7,6,3,2,G1,0.942857,0.985874
789,42.3,0,0.833195,0.782139,2.77381,7,6,3,2,G1,0.95,0.993373
790,42.3,1,-0.323936,0.385187,2.95748,7,6,3,2,G1,0.95,0.993152
791,42.3,2,0.60824,-0.42798,2.90635,7,6,3,2,G1,0.95,0.993575
792,42.3,3,-1.00595,-0.626783,2.75594,7,6,3,2,G1,0.95,0.993355
793,42.4,0,0.835314,0.783574,2.77277,7,6,3,2,G1,0.957143,1.00085
794,42.4,1,-0.325111,0.386873,2.95713,7,6,3,2,G1,0.957143,1.00063
795,42.4,2,0.608568,-0.429295,2.90609,7,6,3,2,G1,0.957143,1.00105
796,42.4,3,-1.00717,-0.628752,2.75505,7,6,3,2,G1,0.957143,1.00083
797,42.5,0,0.837422,0.785001,2.77173,7,6,3,2,G1,0.964286,1.00833
798,42.5,1,-0.326282,0.388552,2.95678,7,6,3,2,G1,0.964286,1.00811
799,42.5,2,0.608891,-0.430603,2.90583,7,6,3,2,G1,0.964286,1.00853
800,42.5,3,-1.00838,-0.63071,2.75416,7,6,3,2,G1,0.964286,1.00832
801,42.6,0,0.839518,0.786417,2.7707,7,6,3,2,G1,0.971429,1.01581
802,42.6,1,-0.327448,0.390224,2.95643,7,6,3,2,G1,0.971429,1.01559
803,42.6,2,0.609208,-0.431905,2.90557,7,6,3,2,G1,0.971429,1.01601
804,42.6,3,-1.00958,-0.632658,2.75327,7,6,3,2,G1,0.971429,1.0158
805,42.7,0,0.841603,0.787825,2.76966,7,6,3,2,G1,0.978571,1.02329
806,42.7,1,-0.328608,0.391888,2.95609,7,6,3,2,G1,0.978571,1.02307
807,42.7,2,0.609521,-0.433201,2.90531,7,6,3,2,G1,0.978571,1.02349
808,42.7,3,-1.01077,-0.634595,2.75239,7,6,3,2,G1,0.978571,1.02328
809,42.8,0,0.843676,0.789224,2.76863,7,6,3,2,G1,0.985714,1.03077
810,42.8,1,-0.329764,0.393546,2.95574,7,6,3,2,G1,0.985714,1.03056
811,42.8,2,0.609829,-0.434491,2.90505,7,6,3,2,G1,0.985714,1.03097
812,42.8,3,-1.01195,-0.636523,2.75151,7,6,3,2,G1,0.985714,1.03076
813,42.9,0,0.845739,0.790614,2.76761,7,6,3,2,G1,0.992857,1.03825
814,42.9,1,-0.330915,0.395196,2.95539,7,6,3,2,G1,0.992857,1.03804
815,42.9,2,0.610132,-0.435775,2.9048,7,6,3,2,G1,0.992857,1.03845
816,42.9,3,-1.01311,-0.638441,2.75064,7,6,3,2,G1,0.992857,1.03824
817,43,0,0.84779,0.791995,2.76659,7,6,3,2,S,1,1.04573
818,43,1,-0.332061,0.39684,2.95504,7,6,3,2,S,1,1.04552
819,43,2,0.61043,-0.437053,2.90454,7,6,3,2,S,1,1.04593
820,43,3,-1.01427,-0.640349,2.74977,7,6,3,2,S,1,1.04572
821,43.1,0,0.848763,0.792428,2.76616,7,6,3,2,S,1,1.04716
822,43.1,1,-0.332466,0.397489,2.95491,7,6,3,2,S,1,1.04711
823,43.1,2,0.610475,-0.437286,2.9045,7,6,3,2,S,1,1.0472
824,43.1,3,-1.01483,-0.641273,2.74934,7,6,3,2,S,1,1.04716
825,43.2,0,0.848898,0.792469,2.76612,7,6,3,2,S,1,1.04719
826,43.2,1,-0.332519,0.397559,2.95489,7,6,3,2,S,1,1.04719
827,43.2,2,0.610475,-0.437286,2.9045,7,6,3,2,S,1,1.0472
828,43.2,3,-1.0149,-0.641393,2.7493,7,6,3,2,S,1,1.04719
829,43.3,0,0.848914,0.792473,2.76611,7,6,3,2,S,1,1.0472
830,43.3,1,-0.332526,0.397568,2.95489,7,6,3,2,S,1,1.0472
831,43.3,2,0.610475,-0.437286,2.9045,7,6,3,2,S,1,1.0472
832,43.3,3,-1.01491,-0.641408,2.74928,7,6,3,2,S,1,1.0472
833,43.4,0,0.848917,0.792474,2.76611,7,6,3,2,S,1,1.0472
834,43.4,1,-0.332527,0.39757,2.95489,7,6,3,2,S,1,1.0472
835,43.4,2,0.610475,-0.437286,2.9045,7,6,3,2,S,1,1.0472
836,43.4,3,-1.01491,-0.64141,2.74928,7,6,3,2,S,1,1.0472
837,43.5,0,0.848917,0.792474,2.76611,7,6,3,2,S,1,1.0472
838,43.5,1,-0.332527,0.39757,2.95489,7,6,3,2,S,1,1.0472
839,43.5,2,0.610475,-0.437286,2.9045,7,6,3,2,S,1,1.0472
840,43.5,3,-1.01491,-0.64141,2.74928,7,6,3,2,S,1,1.0472
841,43.6,0,0.848917,0.792474,2.76611,7,6,3,2,S,1,1.0472
842,43.6,1,-0.332527,0.39757,2.95489,7,6,3,2,S,1,1.0472
843,43.6,2,0.610475,-0.437286,2.9045,7,6,3,2,S,1,1.0472
844,43.6,3,-1.01491,-0.64141,2.74928,7,6,3,2,S,1,1.0472
845,43.7,0,0.848917,0.792474,2.76611,7,6,3,2,S,1,1.0472
846,43.7,1,-0.332527,0.39757,2.95489,7,6,3,2,S,1,1.0472
847,43.7,2,0.610475,-0.437286,2.9045,7,6,3,2,S,1,1.0472
848,43.7,3,-1.01491,-0.64141,2.74928,7,6,3,2,S,1,1.0472
849,43.8,0,0.848917,0.792474,2.76611,7,6,3,2,S,1,1.0472
850,43.8,1,-0.332527,0.39757,2.95489,7,6,3,2,S,1,1.0472
851,43.8,2,0.610475,-0.437286,2.9045,7,6,3,2,S,1,1.0472
852,43.8,3,-1.01491,-0.64141,2.74928,7,6,3,2,S,1,1.0472
853,43.9,0,0.848917,0.792474,2.76611,7,6,3,2,S,1,1.0472
854,43.9,1,-0.332527,0.39757,2.95489,7,6,3,2,S,1,1.0472
855,43.9,2,0.610475,-0.437286,2.9045,7,6,3,2,S,1,1.0472
856,43.9,3,-1.01491,-0.64141,2.74928,7,6,3,2,S,1,1.0472
857,44,0,0.848917,0.792474,2.76611,7,6,3,2,S,1,1.0472
858,44,1,-0.332527,0.39757,2.95489,7,6,3,2,S,1,1.0472
859,44,2,0.610475,-0.437286,2.9045,7,6,3,2,S,1,1.0472
860,44,3,-1.01491,-0.64141,2.74928,7,6,3,2,S,1,1.0472
861,44.1,0,0.848917,0.792474,2.76611,7,6,3,2,S,1,1.0472
862,44.1,1,-0.332527,0.39757,2.95489,7,6,3,2,S,1,1.0472
863,44.1,2,0.610475,-0.437286,2.9045,7,6,3,2,S,1,1.0472
864,44.1,3,-1.01491,-0.64141,2.74928,7,6,3,2,S,1,1.0472
865,44.2,0,0.848917,0.792474,2.76611,7,6,3,2,S,1,1.0472
866,44.2,1,-0.332527,0.39757,2.95489,7,6,3,2,S,1,1.0472
867,44.2,2,0.610475,-0.437286,2.9045,7,6,3,2,S,1,1.0472
868,44.2,3,-1.01491,-0.64141,2.74928,7,6,3,2,S,1,1.0472
869,44.3,0,0.848917,0.792474,2.76611,7,6,3,2,S,1,1.0472
870,44.3,1,-0.332527,0.39757,2.95489,7,6,3,2,S,1,1.0472
871,44.3,2,0.610475,-0.437286,2.9045,7,6,3,2,S,1,1.0472
872,44.3,3,-1.01491,-0.64141,2.74928,7,6,3,2,S,1,1.0472
873,44.4,0,0.848917,0.792474,2.76611,7,6,3,2,S,1,1.0472
874,44.4,1,-0.332527,0.39757,2.95489,7,6,3,2,S,1,1.0472
875,44.4,2,0.610475,-0.437286,2.9045,7,6,3,2,S,1,1.0472
876,44.4,3,-1.01491,-0.64141,2.74928,7,6,3,2,S,1,1.0472
877,44.5,0,0.848917,0.792474,2.76611,7,6,3,2,S,1,1.0472
878,44.5,1,-0.332527,0.39757,2.95489,7,6,3,2,S,1,1.0472
879,44.5,2,0.610475,-0.437286,2.9045,7,6,3,2,S,1,1.0472
880,44.5,3,-1.01491,-0.64141,2.74928,7,6,3,2,S,1,1.0472
881,44.6,0,0.848917,0.792474,2.76611,7,6,3,2,S,1,1.0472
882,44.6,1,-0.332527,0.39757,2.95489,7,6,3,2,S,1,1.0472
883,44.6,2,0.610475,-0.437286,2.9045,7,6,3,2,S,1,1.0472
884,44.6,3,-1.01491,-0.64141,2.74928,7,6,3,2,S,1,1.0472
885,44.7,0,0.848917,0.792474,2.76611,7,6,3,2,S,1,1.0472
886,44.7,1,-0.332527,0.39757,2.95489,7,6,3,2,S,1,1.0472
887,44.7,2,0.610475,-0.437286,2.9045,7,6,3,2,S,1,1.0472
888,44.7,3,-1.01491,-0.64141,2.74928,7,6,3,2,S,1,1.0472
889,44.8,0,0.848917,0.792474,2.76611,7,6,3,2,S,1,1.0472
890,44.8,1,-0.332527,0.39757,2.95489,7,6,3,2,S,1,1.0472
891,44.8,2,0.610475,-0.437286,2.9045,7,6,3,2,S,1,1.0472
892,44.8,3,-1.01491,-0.64141,2.74928,7,6,3,2,S,1,1.0472
893,44.9,0,0.848917,0.792474,2.76611,7,6,3,2,S,1,1.0472
894,44.9,1,-0.332527,0.39757,2.95489,7,6,3,2,S,1,1.0472
895,44.9,2,0.610475,-0.437286,2.9045,7,6,3,2,S,1,1.0472
896,44.9,3,-1.01491,-0.64141,2.74928,7,6,3,2,S,1,1.0472
897,45,0,0.848917,0.792474,2.76611,7,6,3,2,S,1,1.0472
898,45,1,-0.332527,0.39757,2.95489,7,6,3,2,S,1,1.0472
899,45,2,0.610475,-0.437286,2.9045,7,6,3,2,S,1,1.0472
900,45,3,-1.01491,-0.64141,2.74928,7,6,3,2,S,1,1.0472
901,45.1,0,0.848917,0.792474,2.76611,7,6,3,2,S,1,1.0472
902,45.1,1,-0.332527,0.39757,2.95489,7,6,3,2,S,1,1.0472
903,45.1,2,0.610475,-0.437286,2.9045,7,6,3,2,S,1,1.0472
904,45.1,3,-1.01491,-0.64141,2.74928,7,6,3,2,S,1,1.0472
905,45.2,0,0.848917,0.792474,2.76611,7,6,3,2,S,1,1.0472
906,45.2,1,-0.332527,0.39757,2.95489,7,6,3,2,S,1,1.0472
907,45.2,2,0.610475,-0.437286,2.9045,7,6,3,2,S,1,1.0472
908,45.2,3,-1.01491,-0.64141,2.74928,7,6,3,2,S,1,1.0472
909,45.3,0,0.848917,0.792474,2.76611,7,6,3,2,S,1,1.0472
910,45.3,1,-0.332527,0.39757,2.95489,7,6,3,2,S,1,1.0472
911,45.3,2,0.610475,-0.437286,2.9045,7,6,3,2,S,1,1.0472
912,45.3,3,-1.01491,-0.64141,2.74928,7,6,3,2,S,1,1.0472
913,45.4,0,0.848917,0.792474,2.76611,7,6,3,2,S,1,1.0472
914,45.4,1,-0.332527,0.39757,2.95489,7,6,3,2,S,1,1.0472
915,45.4,2,0.610475,-0.437286,2.9045,7,6,3,2,S,1,1.0472
916,45.4,3,-1.01491,-0.64141,2.74928,7,6,3,2,S,1,1.0472
917,45.5,0,0.848917,0.792474,2.76611,7,6,3,2,S,1,1.0472
918,45.5,1,-0.332527,0.39757,2.95489,7,6,3,2,S,1,1.0472
919,45.5,2,0.610475,-0.437286,2.9045,7,6,3,2,S,1,1.0472
920,45.5,3,-1.01491,-0.64141,2.74928,7,6,3,2,S,1,1.0472
921,45.6,0,0.848917,0.792474,2.76611,7,6,3,2,S,1,1.0472
922,45.6,1,-0.332527,0.39757,2.95489,7,6,3,2,S,1,1.0472
923,45.6,2,0.610475,-0.437286,2.9045,7,6,3,2,S,1,1.0472
924,45.6,3,-1.01491,-0.64141,2.74928,7,6,3,2,S,1,1.0472
925,45.7,0,0.848917,0.792474,2.76611,7,6,3,2,S,1,1.0472
926,45.7,1,-0.332527,0.39757,2.95489,7,6,3,2,S,1,1.0472
927,45.7,2,0.610475,-0.437286,2.9045,7,6,3,2,S,1,1.0472
928,45.7,3,-1.01491,-0.64141,2.74928,7,6,3,2,S,1,1.0472
929,45.8,0,0.848917,0.792474,2.76611,7,6,3,2,S,1,1.0472
930,45.8,1,-0.332527,0.39757,2.95489,7,6,3,2,S,1,1.0472
931,45.8,2,0.610475,-0.437286,2.9045,7,6,3,2,S,1,1.0472
932,45.8,3,-1.01491,-0.64141,2.74928,7,6,3,2,S,1,1.0472
933,45.9,0,0.848917,0.792474,2.76611,7,6,3,2,S,1,1.0472
934,45.9,1,-0.332527,0.39757,2.95489,7,6,3,2,S,1,1.0472
935,45.9,2,0.610475,-0.437286,2.9045,7,6,3,2,S,1,1.0472
936,45.9,3,-1.01491,-0.64141,2.74928,7,6,3,2,S,1,1.0472
937,46,0,0.848917,0.792474,2.76611,7,6,3,2,S,1,1.0472
938,46,1,-0.332527,0.39757,2.95489,7,6,3,2,S,1,1.0472
939,46,2,0.610475,-0.437286,2.9045,7,6,3,2,S,1,1.0472
940,46,3,-1.01491,-0.64141,2.74928,7,6,3,2,S,1,1.0472
941,46.1,0,0.848917,0.792474,2.76611,7,6,3,2,S,1,1.0472
942,46.1,1,-0.332527,0.39757,2.95489,7,6,3,2,S,1,1.0472
943,46.1,2,0.610475,-0.437286,2.9045,7,6,3,2,S,1,1.0472
944,46.1,3,-1.01491,-0.64141,2.74928,7,6,3,2,S,1,1.0472
945,46.2,0,0.848917,0.792474,2.76611,7,6,3,2,S,1,1.0472
946,46.2,1,-0.332527,0.39757,2.95489,7,6,3,2,S,1,1.0472
947,46.2,2,0.610475,-0.437286,2.9045,7,6,3,2,S,1,1.0472
948,46.2,3,-1.01491,-0.64141,2.74928,7,6,3,2,S,1,1.0472
949,46.3,0,0.848917,0.792474,2.76611,7,6,3,2,S,1,1.0472
950,46.3,1,-0.332527,0.39757,2.95489,7,6,3,2,S,1,1.0472
951,46.3,2,0.610475,-0.437286,2.9045,7,6,3,2,S,1,1.0472
952,46.3,3,-1.01491,-0.64141,2.74928,7,6,3,2,S,1,1.0472
953,46.4,0,0.848917,0.792474,2.76611,7,6,3,2,S,1,1.0472
954,46.4,1,-0.332527,0.39757,2.95489,7,6,3,2,S,1,1.0472
955,46.4,2,0.610475,-0.437286,2.9045,7,6,3,2,S,1,1.0472
956,46.4,3,-1.01491,-0.64141,2.74928,7,6,3,2,S,1,1.0472
957,46.5,0,0.848917,0.792474,2.76611,7,6,3,2,S,1,1.0472
958,46.5,1,-0.332527,0.39757,2.95489,7,6,3,2,S,1,1.0472
959,46.5,2,0.610475,-0.437286,2.9045,7,6,3,2,S,1,1.0472
960,46.5,3,-1.01491,-0.64141,2.74928,7,6,3,2,S,1,1.0472
961,46.6,0,0.848917,0.792474,2.76611,7,6,3,2,S,1,1.0472
962,46.6,1,-0.332527,0.39757,2.95489,7,6,3,2,S,1,1.0472
963,46.6,2,0.610475,-0.437286,2.9045,7,6,3,2,S,1,1.0472
964,46.6,3,-1.01491,-0.64141,2.74928,7,6,3,2,S,1,1.0472
965,46.7,0,0.848917,0.792474,2.76611,7,6,3,2,S,1,1.0472
966,46.7,1,-0.332527,0.39757,2.95489,7,6,3,2,S,1,1.0472
967,46.7,2,0.610475,-0.437286,2.9045,7,6,3,2,S,1,1.0472
968,46.7,3,-1.01491,-0.64141,2.74928,7,6,3,2,S,1,1.0472
969,46.8,0,0.848917,0.792474,2.76611,7,6,3,2,S,1,1.0472
970,46.8,1,-0.332527,0.39757,2.95489,7,6,3,2,S,1,1.0472
971,46.8,2,0.610475,-0.437286,2.9045,7,6,3,2,S,1,1.0472
972,46.8,3,-1.01491,-0.64141,2.74928,7,6,3,2,S,1,1.0472
973,46.9,0,0.848917,0.792474,2.76611,7,6,3,2,S,1,1.0472
974,46.9,1,-0.332527,0.39757,2.95489,7,6,3,2,S,1,1.0472
975,46.9,2,0.610475,-0.437286,2.9045,7,6,3,2,S,1,1.0472
976,46.9,3,-1.01491,-0.64141,2.74928,7,6,3,2,S,1,1.0472
977,47,0,0.848917,0.792474,2.76611,7,6,3,2,S,1,1.0472
978,47,1,-0.332527,0.39757,2.95489,7,6,3,2,S,1,1.0472
979,47,2,0.610475,-0.437286,2.9045,7,6,3,2,S,1,1.0472
980,47,3,-1.01491,-0.64141,2.74928,7,6,3,2,S,1,1.0472
981,47.1,0,0.848917,0.792474,2.76611,7,6,3,2,S,1,1.0472
982,47.1,1,-0.332527,0.39757,2.95489,7,6,3,2,S,1,1.0472
983,47.1,2,0.610475,-0.437286,2.9045,7,6,3,2,S,1,1.0472
984,47.1,3,-1.01491,-0.64141,2.74928,7,6,3,2,S,1,1.0472
985,47.2,0,0.848917,0.792474,2.76611,7,6,3,2,S,1,1.0472
986,47.2,1,-0.332527,0.39757,2.95489,7,6,3,2,S,1,1.0472
987,47.2,2,0.610475,-0.437286,2.9045,7,6,3,2,S,1,1.0472
988,47.2,3,-1.01491,-0.64141,2.74928,7,6,3,2,S,1,1.0472
989,47.3,0,0.848917,0.792474,2.76611,7,6,3,2,S,1,1.0472
990,47.3,1,-0.332527,0.39757,2.95489,7,6,3,2,S,1,1.0472
991,47.3,2,0.610475,-0.437286,2.9045,7,6,3,2,S,1,1.0472
992,47.3,3,-1.01491,-0.64141,2.74928,7,6,3,2,S,1,1.0472
993,47.4,0,0.848917,0.792474,2.76611,7,6,3,2,S,1,1.0472
994,47.4,1,-0.332527,0.39757,2.95489,7,6,3,2,S,1,1.0472
995,47.4,2,0.610475,-0.437286,2.9045,7,6,3,2,S,1,1.0472
996,47.4,3,-1.01491,-0.64141,2.74928,7,6,3,2,S,1,1.0472
997,47.5,0,0.848917,0.792474,2.76611,7,6,3,2,S,1,1.0472
998,47.5,1,-0.332527,0.39757,2.95489,7,6,3,2,S,1,1.0472
999,47.5,2,0.610475,-0.437286,2.9045,7,6,3,2,S,1,1.0472
1000,47.5,3,-1.01491,-0.64141,2.74928,7,6,3,2,S,1,1.0472
1001,47.6,0,0.848917,0.792474,2.76611,7,6,3,2,S,1,1.0472
1002,47.6,1,-0.332527,0.39757,2.95489,7,6,3,2,S,1,1.0472
1003,47.6,2,0.610475,-0.437286,2.9045,7,6,3,2,S,1,1.0472
1004,47.6,3,-1.01491,-0.64141,2.74928,7,6,3,2,S,1,1.0472
1005,47.7,0,0.848917,0.792474,2.76611,7,6,3,2,S,1,1.0472
1006,47.7,1,-0.332527,0.39757,2.95489,7,6,3,2,S,1,1.0472
1007,47.7,2,0.610475,-0.437286,2.9045,7,6,3,2,S,1,1.0472
1008,47.7,3,-1.01491,-0.64141,2.74928,7,6,3,2,S,1,1.0472
1009,47.8,0,0.848917,0.792474,2.76611,7,6,3,2,S,1,1.0472
1010,47.8,1,-0.332527,0.39757,2.95489,7,6,3,2,S,1,1.0472
1011,47.8,2,0.610475,-0.437286,2.9045,7,6,3,2,S,1,1.0472
1012,47.8,3,-1.01491,-0.64141,2.74928,7,6,3,2,S,1,1.0472
1013,47.9,0,0.848917,0.792474,2.76611,7,6,3,2,S,1,1.0472
1014,47.9,1,-0.332527,0.39757,2.95489,7,6,3,2,S,1,1.0472
1015,47.9,2,0.610475,-0.437286,2.9045,7,6,3,2,S,1,1.0472
1016,47.9,3,-1.01491,-0.64141,2.74928,7,6,3,2,S,1,1.0472
1017,48,0,0.848917,0.792474,2.76611,7,6,3,2,S,1,1.0472
1018,48,1,-0.332527,0.39757,2.95489,7,6,3,2,S,1,1.0472
1019,48,2,0.610475,-0.437286,2.9045,7,6,3,2,S,1,1.0472
1020,48,3,-1.01491,-0.64141,2.74928,7,6,3,2,S,1,1.0472
