time (min),distance (um)
0.0,30.0
0.00166667,29.9667
0.00333333,29.9333
0.005,29.9
0.00666667,29.8667
0.00833333,29.8333
0.01,29.8
0.0116667,29.7667
0.0133333,29.7333
0.015,29.7
0.0166667,29.6667
0.0183333,29.6333
0.02,29.6
0.0216667,29.5667
0.0233333,29.5333
0.025,29.5
0.0266667,29.4667
0.0283333,29.4333
0.03,29.4
0.0316667,29.3667
0.0333333,29.3333
0.035,29.3
0.0366667,29.2667
0.0383333,29.2333
0.04,29.2
0.0416667,29.1667
0.0433333,29.1333
0.045,29.1
0.0466667,29.0667
0.0483333,29.0333
0.05,29.0
0.0516667,28.9667
0.0533333,28.9333
0.055,28.9
0.0566667,28.8667
0.0583333,28.8333
0.06,28.8
0.0616667,28.7667
0.0633333,28.7333
0.065,28.7
0.0666667,28.6667
0.0683333,28.6333
0.07,28.6
0.0716667,28.5667
0.0733333,28.5333
0.075,28.5
0.0766667,28.4667
0.0783333,28.4333
0.08,28.4
0.0816667,28.3667
0.0833333,28.3333
0.085,28.3
0.0866667,28.2667
0.0883333,28.2333
0.09,28.2
0.0916667,28.1667
0.0933333,28.1333
0.095,28.1
0.0966667,28.0667
0.0983333,28.0333
0.1,28.0
0.101667,27.9667
0.103333,27.9333
0.105,27.9
0.106667,27.8667
0.108333,27.8333
0.11,27.8
0.111667,27.7667
0.113333,27.7333
0.115,27.7
0.116667,27.6667
0.118333,27.6333
0.12,27.6
0.121667,27.5667
0.123333,27.5333
0.125,27.5
0.126667,27.4667
0.128333,27.4333
0.13,27.4
0.131667,27.3667
0.133333,27.3333
0.135,27.3
0.136667,27.2667
0.138333,27.2333
0.14,27.2
0.141667,27.1667
0.143333,27.1333
0.145,27.1
0.146667,27.0667
0.148333,27.0333
0.15,27.0
0.151667,26.9667
0.153333,26.9333
0.155,26.9
0.156667,26.8667
0.158333,26.8333
0.16,26.8
0.161667,26.7667
0.163333,26.7333
0.165,26.7
0.166667,26.6667
0.168333,26.6333
0.17,26.6
0.171667,26.5667
0.173333,26.5333
0.175,26.5
0.176667,26.4667
0.178333,26.4333
0.18,26.4
0.181667,26.3667
0.183333,26.3333
0.185,26.3
0.186667,26.2667
0.188333,26.2333
0.19,26.2
0.191667,26.1667
0.193333,26.1333
0.195,26.1
0.196667,26.0667
0.198333,26.0333
0.2,26.0
0.201667,25.9667
0.203333,25.9333
0.205,25.9
0.206667,25.8667
0.208333,25.8333
0.21,25.8
0.211667,25.7667
0.213333,25.7333
0.215,25.7
0.216667,25.6667
0.218333,25.6333
0.22,25.6
0.221667,25.5667
0.223333,25.5333
0.225,25.5
0.226667,25.4667
0.228333,25.4333
0.23,25.4
0.231667,25.3667
0.233333,25.3333
0.235,25.3
0.236667,25.2667
0.238333,25.2333
0.24,25.2
0.241667,25.1667
0.243333,25.1333
0.245,25.1
0.246667,25.0667
0.248333,25.0333
0.25,25.0
0.251667,24.9667
0.253333,24.9333
0.255,24.9
0.256667,24.8667
0.258333,24.8333
0.26,24.8
0.261667,24.7667
0.263333,24.7333
0.265,24.7
0.266667,24.6667
0.268333,24.6333
0.27,24.6
0.271667,24.5667
0.273333,24.5333
0.275,24.5
0.276667,24.4667
0.278333,24.4333
0.28,24.4
0.281667,24.3667
0.283333,24.3333
0.285,24.3
0.286667,24.2667
0.288333,24.2333
0.29,24.2
0.291667,24.1667
0.293333,24.1333
0.295,24.1
0.296667,24.0667
0.298333,24.0333
0.3,24.0
0.301667,23.9667
0.303333,23.9333
0.305,23.9
0.306667,23.8667
0.308333,23.8333
0.31,23.8
0.311667,23.7667
0.313333,23.7333
0.315,23.7
0.316667,23.6667
0.318333,23.6333
0.32,23.6
0.321667,23.5667
0.323333,23.5333
0.325,23.5
0.326667,23.4667
0.328333,23.4333
0.33,23.4
0.331667,23.3667
0.333333,23.3333
0.335,23.3
0.336667,23.2667
0.338333,23.2333
0.34,23.2
0.341667,23.1667
0.343333,23.1333
0.345,23.1
0.346667,23.0667
0.348333,23.0333
0.35,23.0
0.351667,22.9667
0.353333,22.9333
0.355,22.9
0.356667,22.8667
0.358333,22.8333
0.36,22.8
0.361667,22.7667
0.363333,22.7333
0.365,22.7
0.366667,22.6667
0.368333,22.6333
0.37,22.6
0.371667,22.5667
0.373333,22.5333
0.375,22.5
0.376667,22.4667
0.378333,22.4333
0.38,22.4
0.381667,22.3667
0.383333,22.3333
0.385,22.3
0.386667,22.2667
0.388333,22.2333
0.39,22.2
0.391667,22.1667
0.393333,22.1333
0.395,22.1
0.396667,22.0667
0.398333,22.0333
0.4,22.0
0.401667,21.9667
0.403333,21.9333
0.405,21.9
0.406667,21.8667
0.408333,21.8333
0.41,21.8
0.411667,21.7667
0.413333,21.7333
0.415,21.7
0.416667,21.6667
0.418333,21.6333
0.42,21.6
0.421667,21.5667
0.423333,21.5333
0.425,21.5
0.426667,21.4667
0.428333,21.4333
0.43,21.4
0.431667,21.3667
0.433333,21.3333
0.435,21.3
0.436667,21.2667
0.438333,21.2333
0.44,21.2
0.441667,21.1667
0.443333,21.1333
0.445,21.1
0.446667,21.0667
0.448333,21.0333
0.45,21.0
0.451667,20.9667
0.453333,20.9333
0.455,20.9
0.456667,20.8667
0.458333,20.8333
0.46,20.8
0.461667,20.7667
0.463333,20.7333
0.465,20.7
0.466667,20.6667
0.468333,20.6333
0.47,20.6
0.471667,20.5667
0.473333,20.5333
0.475,20.5
0.476667,20.4667
0.478333,20.4333
0.48,20.4
0.481667,20.3667
0.483333,20.3333
0.485,20.3
0.486667,20.2667
0.488333,20.2333
0.49,20.2
0.491667,20.1667
0.493333,20.1333
0.495,20.1
0.496667,20.0667
0.498333,20.0333
0.5,20.0
0.501667,19.9667
0.503333,19.9333
0.505,19.9
0.506667,19.8667
0.508333,19.8333
0.51,19.8
0.511667,19.7667
0.513333,19.7333
0.515,19.7
0.516667,19.6667
0.518333,19.6333
0.52,19.6
0.521667,19.5667
0.523333,19.5333
0.525,19.5
0.526667,19.4667
0.528333,19.4333
0.53,19.4
0.531667,19.3667
0.533333,19.3333
0.535,19.3
0.536667,19.2667
0.538333,19.2333
0.54,19.2
0.541667,19.1667
0.543333,19.1333
0.545,19.1
0.546667,19.0667
0.548333,19.0333
0.55,19.0
0.551667,18.9667
0.553333,18.9333
0.555,18.9
0.556667,18.8667
0.558333,18.8333
0.56,18.8
0.561667,18.7667
0.563333,18.7333
0.565,18.7
0.566667,18.6667
0.568333,18.6333
0.57,18.6
0.571667,18.5667
0.573333,18.5333
0.575,18.5
0.576667,18.4667
0.578333,18.4333
0.58,18.4
0.581667,18.3667
0.583333,18.3333
0.585,18.3
0.586667,18.2667
0.588333,18.2333
0.59,18.2
0.591667,18.1667
0.593333,18.1333
0.595,18.1
0.596667,18.0667
0.598333,18.0333
0.6,18.0
0.601667,17.9667
0.603333,17.9333
0.605,17.9
0.606667,17.8667
0.608333,17.8333
0.61,17.8
0.611667,17.7667
0.613333,17.7333
0.615,17.7
0.616667,17.6667
0.618333,17.6333
0.62,17.6
0.621667,17.5667
0.623333,17.5333
0.625,17.5
0.626667,17.4667
0.628333,17.4333
0.63,17.4
0.631667,17.3667
0.633333,17.3333
0.635,17.3
0.636667,17.2667
0.638333,17.2333
0.64,17.2
0.641667,17.1667
0.643333,17.1333
0.645,17.1
0.646667,17.0667
0.648333,17.0333
0.65,17.0
0.651667,16.9667
0.653333,16.9333
0.655,16.9
0.656667,16.8667
0.658333,16.8333
0.66,16.8
0.661667,16.7667
0.663333,16.7333
0.665,16.7
0.666667,16.6667
0.668333,16.6333
0.67,16.6
0.671667,16.5667
0.673333,16.5333
0.675,16.5
0.676667,16.4667
0.678333,16.4333
0.68,16.4
0.681667,16.3667
0.683333,16.3333
0.685,16.3
0.686667,16.2667
0.688333,16.2333
0.69,16.2
0.691667,16.1667
0.693333,16.1333
0.695,16.1
0.696667,16.0667
0.698333,16.0333
0.7,16.0
0.701667,15.9667
0.703333,15.9333
0.705,15.9
0.706667,15.8667
0.708333,15.8333
0.71,15.8
0.711667,15.7667
0.713333,15.7333
0.715,15.7
0.716667,15.6667
0.718333,15.6333
0.72,15.6
0.721667,15.5667
0.723333,15.5333
0.725,15.5
0.726667,15.4667
0.728333,15.4333
0.73,15.4
0.731667,15.3667
0.733333,15.3333
0.735,15.3
0.736667,15.2667
0.738333,15.2333
0.74,15.2
0.741667,15.1667
0.743333,15.1333
0.745,15.1
0.746667,15.0667
0.748333,15.0333
0.75,15.0
0.751667,14.9667
0.753333,14.9333
0.755,14.9
0.756667,14.8667
0.758333,14.8333
0.76,14.8
0.761667,14.7667
0.763333,14.7333
0.765,14.7
0.766667,14.6667
0.768333,14.6333
0.77,14.6
0.771667,14.5667
0.773333,14.5333
0.775,14.5
0.776667,14.4667
0.778333,14.4333
0.78,14.4
0.781667,14.3667
0.783333,14.3333
0.785,14.3
0.786667,14.2667
0.788333,14.2333
0.79,14.2
0.791667,14.1667
0.793333,14.1333
0.795,14.1
0.796667,14.0667
0.798333,14.0333
0.8,14.0
0.801667,13.9667
0.803333,13.9333
0.805,13.9
0.806667,13.8667
0.808333,13.8333
0.81,13.8
0.811667,13.7667
0.813333,13.7333
0.815,13.7
0.816667,13.6667
0.818333,13.6333
0.82,13.6
0.821667,13.5667
0.823333,13.5333
0.825,13.5
0.826667,13.4667
0.828333,13.4333
0.83,13.4
0.831667,13.3667
0.833333,13.3333
0.835,13.3
0.836667,13.2667
0.838333,13.2333
0.84,13.2
0.841667,13.1667
0.843333,13.1333
0.845,13.1
0.846667,13.0667
0.848333,13.0333
0.85,13.0
0.851667,12.9667
0.853333,12.9333
0.855,12.9
0.856667,12.8667
0.858333,12.8333
0.86,12.8
0.861667,12.7667
0.863333,12.7333
0.865,12.7
0.866667,12.6667
0.868333,12.6333
0.87,12.6
0.871667,12.5667
0.873333,12.5333
0.875,12.5
0.876667,12.4667
0.878333,12.4333
0.88,12.4
0.881667,12.3667
0.883333,12.3333
0.885,12.3
0.886667,12.2667
0.888333,12.2333
0.89,12.2
0.891667,12.1667
0.893333,12.1333
0.895,12.1
0.896667,12.0667
0.898333,12.0333
0.9,12.0
0.901667,11.9667
0.903333,11.9333
0.905,11.9
0.906667,11.8667
0.908333,11.8333
0.91,11.8
0.911667,11.7667
0.913333,11.7333
0.915,11.7
0.916667,11.6667
0.918333,11.6333
0.92,11.6
0.921667,11.5667
0.923333,11.5333
0.925,11.5
0.926667,11.4667
0.928333,11.4333
0.93,11.4
0.931667,11.3667
0.933333,11.3333
0.935,11.3
0.936667,11.2667
0.938333,11.2333
0.94,11.2
0.941667,11.1667
0.943333,11.1333
0.945,11.1
0.946667,11.0667
0.948333,11.0333
0.95,11.0
0.951667,10.9667
0.953333,10.9333
0.955,10.9
0.956667,10.8667
0.958333,10.8333
0.96,10.8
0.961667,10.7667
0.963333,10.7333
0.965,10.7
0.966667,10.6667
0.968333,10.6333
0.97,10.6
0.971667,10.5667
0.973333,10.5333
0.975,10.5
0.976667,10.4667
0.978333,10.4333
0.98,10.4
0.981667,10.3667
0.983333,10.3333
0.985,10.3
0.986667,10.2667
0.988333,10.2333
0.99,10.2
0.991667,10.1667
0.993333,10.1333
0.995,10.1
0.996667,10.0667
0.998333,10.0333
1.0,10.0
1.00167,9.96667
1.00333,9.93333
1.005,9.9
1.00667,9.86667
1.00833,9.83333
1.01,9.8
1.01167,9.76667
1.01333,9.73333
1.015,9.7
1.01667,9.66667
1.01833,9.63333
1.02,9.6
1.02167,9.56667
1.02333,9.53333
1.025,9.5
1.02667,9.46667
1.02833,9.43333
1.03,9.4
1.03167,9.36667
1.03333,9.33333
1.035,9.3
1.03667,9.26667
1.03833,9.23333
1.04,9.2
1.04167,9.16667
1.04333,9.13333
1.045,9.1
1.04667,9.06667
1.04833,9.03333
1.05,9.0
1.05167,8.97035
1.05333,8.97401
1.055,8.97765
1.05667,8.98128
1.05833,8.98488
1.06,8.98847
1.06167,8.99203
1.06333,8.99558
1.065,8.99911
1.06667,9.00262
1.06833,9.00612
1.07,9.00959
1.07167,9.01305
1.07333,9.01649
1.075,9.01991
1.07667,9.02332
1.07833,9.0267
1.08,9.03007
1.08167,9.03343
1.08333,9.03676
1.085,9.04008
1.08667,9.04338
1.08833,9.04667
1.09,9.04994
1.09167,9.05319
1.09333,9.05642
1.095,9.05964
1.09667,9.06285
1.09833,9.06603
1.1,9.0692
1.10167,9.07236
1.10333,9.0755
1.105,9.07862
1.10667,9.08173
1.10833,9.08482
1.11,9.0879
1.11167,9.09096
1.11333,9.09401
1.115,9.09704
1.11667,9.10005
1.11833,9.10306
1.12,9.10604
1.12167,9.10901
1.12333,9.11197
1.125,9.11492
1.12667,9.11784
1.12833,9.12076
1.13,9.12366
1.13167,9.12654
1.13333,9.12942
1.135,9.13227
1.13667,9.13512
1.13833,9.13795
1.14,9.14073
1.14167,9.14351
1.14333,9.14627
1.145,9.14901
1.14667,9.15174
1.14833,9.15446
1.15,9.15717
1.15167,9.15986
1.15333,9.16254
1.155,9.16521
1.15667,9.16786
1.15833,9.1705
1.16,9.17313
1.16167,9.17575
1.16333,9.17835
1.165,9.18094
1.16667,9.18352
1.16833,9.18608
1.17,9.18864
1.17167,9.19118
1.17333,9.19371
1.175,9.19623
1.17667,9.19874
1.17833,9.20123
1.18,9.20371
1.18167,9.20618
1.18333,9.20864
1.185,9.21109
1.18667,9.21353
1.18833,9.21595
1.19,9.21837
1.19167,9.22077
1.19333,9.22316
1.195,9.22554
1.19667,9.22791
1.19833,9.23027
1.2,9.23261
1.20167,9.23495
1.20333,9.23728
1.205,9.23959
1.20667,9.2419
1.20833,9.24419
1.21,9.24647
1.21167,9.24874
1.21333,9.25101
1.215,9.25326
1.21667,9.2555
1.21833,9.25773
1.22,9.25995
1.22167,9.26216
1.22333,9.26436
1.225,9.26656
1.22667,9.26874
1.22833,9.27091
1.23,9.27307
1.23167,9.27522
1.23333,9.27736
1.235,9.27949
1.23667,9.28162
1.23833,9.28373
1.24,9.28583
1.24167,9.28793
1.24333,9.29001
1.245,9.29209
1.24667,9.29416
1.24833,9.29621
1.25,9.29826
1.25167,9.3003
1.25333,9.30233
1.255,9.30435
1.25667,9.30636
1.25833,9.30836
1.26,9.31036
1.26167,9.31234
1.26333,9.31432
1.265,9.31629
1.26667,9.31825
1.26833,9.3202
1.27,9.32214
1.27167,9.32407
1.27333,9.326
1.275,9.32792
1.27667,9.32982
1.27833,9.33172
1.28,9.33362
1.28167,9.3355
1.28333,9.33737
1.285,9.33924
1.28667,9.3411
1.28833,9.34295
1.29,9.3448
1.29167,9.34663
1.29333,9.34846
1.295,9.35028
1.29667,9.35209
1.29833,9.35389
1.3,9.35569
1.30167,9.35748
1.30333,9.35926
1.305,9.36103
1.30667,9.3628
1.30833,9.36455
1.31,9.36631
1.31167,9.36805
1.31333,9.36978
1.315,9.37151
1.31667,9.37323
1.31833,9.37495
1.32,9.37665
1.32167,9.37835
1.32333,9.38005
1.325,9.38173
1.32667,9.38341
1.32833,9.38508
1.33,9.38674
1.33167,9.3884
1.33333,9.39005
1.335,9.39169
1.33667,9.39333
1.33833,9.39496
1.34,9.39658
1.34167,9.3982
1.34333,9.39981
1.345,9.40141
1.34667,9.40301
1.34833,9.4046
1.35,9.40618
1.35167,9.40776
1.35333,9.40933
1.355,9.41089
1.35667,9.41245
1.35833,9.414
1.36,9.41554
1.36167,9.41708
1.36333,9.41861
1.365,9.42013
1.36667,9.42165
1.36833,9.42316
1.37,9.42467
1.37167,9.42617
1.37333,9.42767
1.375,9.42915
1.37667,9.43064
1.37833,9.43211
1.38,9.43358
1.38167,9.43505
1.38333,9.4365
1.385,9.43796
1.38667,9.4394
1.38833,9.44084
1.39,9.44228
1.39167,9.44371
1.39333,9.44513
1.395,9.44655
1.39667,9.44796
1.39833,9.44937
1.4,9.45077
1.40167,9.45216
1.40333,9.45355
1.405,9.45494
1.40667,9.45631
1.40833,9.45769
1.41,9.45906
1.41167,9.46041
1.41333,9.46175
1.415,9.46308
1.41667,9.46441
1.41833,9.46574
1.42,9.46706
1.42167,9.46837
1.42333,9.46968
1.425,9.47099
1.42667,9.47228
1.42833,9.47358
1.43,9.47487
1.43167,9.47615
1.43333,9.47743
1.435,9.4787
1.43667,9.47997
1.43833,9.48123
1.44,9.48249
1.44167,9.48374
1.44333,9.48499
1.445,9.48624
1.44667,9.48747
1.44833,9.48871
1.45,9.48994
1.45167,9.49116
1.45333,9.49238
1.455,9.4936
1.45667,9.49481
1.45833,9.49601
1.46,9.49721
1.46167,9.49841
1.46333,9.4996
1.465,9.50079
1.46667,9.50197
1.46833,9.50315
1.47,9.50432
1.47167,9.50549
1.47333,9.50666
1.475,9.50782
1.47667,9.50898
1.47833,9.51013
1.48,9.51127
1.48167,9.51242
1.48333,9.51356
1.485,9.51469
1.48667,9.51582
1.48833,9.51695
1.49,9.51807
1.49167,9.51919
1.49333,9.5203
1.495,9.52141
1.49667,9.52251
1.49833,9.52361
1.5,9.52471
1.50167,9.5258
1.50333,9.52689
1.505,9.52798
1.50667,9.52906
1.50833,9.53014
1.51,9.53121
1.51167,9.53228
1.51333,9.53334
1.515,9.5344
1.51667,9.53546
1.51833,9.53651
1.52,9.53756
1.52167,9.53861
1.52333,9.53965
1.525,9.54069
1.52667,9.54172
1.52833,9.54275
1.53,9.54378
1.53167,9.5448
1.53333,9.54582
1.535,9.54683
1.53667,9.54785
1.53833,9.54885
1.54,9.54986
1.54167,9.55086
1.54333,9.55186
1.545,9.55285
1.54667,9.55384
1.54833,9.55483
1.55,9.55581
1.55167,9.55679
1.55333,9.55776
1.555,9.55874
1.55667,9.5597
1.55833,9.56067
1.56,9.56163
1.56167,9.56259
1.56333,9.56355
1.565,9.5645
1.56667,9.56544
1.56833,9.56639
1.57,9.56733
1.57167,9.56827
1.57333,9.5692
1.575,9.57014
1.57667,9.57106
1.57833,9.57199
1.58,9.57291
1.58167,9.57383
1.58333,9.57475
1.585,9.57566
1.58667,9.57657
1.58833,9.57747
1.59,9.57837
1.59167,9.57927
1.59333,9.58017
1.595,9.58106
1.59667,9.58195
1.59833,9.58284
1.6,9.58372
1.60167,9.5846
1.60333,9.58548
1.605,9.58636
1.60667,9.58723
1.60833,9.5881
1.61,9.58896
1.61167,9.58983
1.61333,9.59069
1.615,9.59154
1.61667,9.5924
1.61833,9.59325
1.62,9.59409
1.62167,9.59494
1.62333,9.59578
1.625,9.59662
1.62667,9.59746
1.62833,9.59829
1.63,9.59912
1.63167,9.59995
1.63333,9.60077
1.635,9.6016
1.63667,9.60242
1.63833,9.60323
1.64,9.60405
1.64167,9.60486
1.64333,9.60567
1.645,9.60647
1.64667,9.60727
1.64833,9.60807
1.65,9.60887
1.65167,9.60967
1.65333,9.61046
1.655,9.61125
1.65667,9.61204
1.65833,9.61282
1.66,9.6136
1.66167,9.61438
1.66333,9.61516
1.665,9.61593
1.66667,9.6167
1.66833,9.61747
1.67,9.61824
1.67167,9.619
1.67333,9.61976
1.675,9.62052
1.67667,9.62128
1.67833,9.62203
1.68,9.62278
1.68167,9.62353
1.68333,9.62428
1.685,9.62502
1.68667,9.62576
1.68833,9.6265
1.69,9.62724
1.69167,9.62797
1.69333,9.6287
1.695,9.62943
1.69667,9.63016
1.69833,9.63088
1.7,9.6316
1.70167,9.63232
1.70333,9.63303
1.705,9.63374
1.70667,9.63445
1.70833,9.63516
1.71,9.63586
1.71167,9.63657
1.71333,9.63727
1.715,9.63796
1.71667,9.63866
1.71833,9.63935
1.72,9.64004
1.72167,9.64073
1.72333,9.64141
1.725,9.64209
1.72667,9.64276
1.72833,9.64342
1.73,9.64408
1.73167,9.64474
1.73333,9.6454
1.735,9.64605
1.73667,9.64671
1.73833,9.64736
1.74,9.64801
1.74167,9.64865
1.74333,9.6493
1.745,9.64994
1.74667,9.65058
1.74833,9.65122
1.75,9.65185
1.75167,9.65249
1.75333,9.65312
1.755,9.65375
1.75667,9.65438
1.75833,9.65501
1.76,9.65563
1.76167,9.65625
1.76333,9.65687
1.765,9.65749
1.76667,9.6581
1.76833,9.65871
1.77,9.65932
1.77167,9.65993
1.77333,9.66053
1.775,9.66114
1.77667,9.66174
1.77833,9.66233
1.78,9.66293
1.78167,9.66352
1.78333,9.66411
1.785,9.6647
1.78667,9.66528
1.78833,9.66587
1.79,9.66645
1.79167,9.66703
1.79333,9.66761
1.795,9.66819
1.79667,9.66876
1.79833,9.66933
1.8,9.6699
1.80167,9.67047
1.80333,9.67103
1.805,9.6716
1.80667,9.67216
1.80833,9.67272
1.81,9.67339
1.81167,9.67395
1.81333,9.67451
1.815,9.67506
1.81667,9.67562
1.81833,9.67617
1.82,9.67683
1.82167,9.67739
1.82333,9.67796
1.825,9.67851
1.82667,9.67907
1.82833,9.67963
1.83,9.68017
1.83167,9.68071
1.83333,9.68136
1.835,9.68199
1.83667,9.68262
1.83833,9.68324
1.84,9.68386
1.84167,9.68448
1.84333,9.6851
1.845,9.68571
1.84667,9.68632
1.84833,9.68693
1.85,9.68754
1.85167,9.68815
1.85333,9.68875
1.855,9.68936
1.85667,9.68996
1.85833,9.69056
1.86,9.69116
1.86167,9.69175
1.86333,9.69235
1.865,9.69294
1.86667,9.69353
1.86833,9.69412
1.87,9.69471
1.87167,9.69529
1.87333,9.69588
1.875,9.69646
1.87667,9.69704
1.87833,9.69762
1.88,9.6982
1.88167,9.69877
1.88333,9.69935
1.885,9.69992
1.88667,9.70049
1.88833,9.70106
1.89,9.70163
1.89167,9.70219
1.89333,9.70276
1.895,9.70332
1.89667,9.70388
1.89833,9.70444
1.9,9.705
1.90167,9.70555
1.90333,9.70611
1.905,9.70666
1.90667,9.70721
1.90833,9.70776
1.91,9.70831
1.91167,9.70886
1.91333,9.7094
1.915,9.70995
1.91667,9.71049
1.91833,9.71103
1.92,9.71157
1.92167,9.71211
1.92333,9.71264
1.925,9.71318
1.92667,9.71371
1.92833,9.71424
1.93,9.71477
1.93167,9.7153
1.93333,9.71583
1.935,9.71635
1.93667,9.71687
1.93833,9.7174
1.94,9.71792
1.94167,9.71844
1.94333,9.71896
1.945,9.71947
1.94667,9.71999
1.94833,9.7205
1.95,9.72101
1.95167,9.72153
1.95333,9.72204
1.955,9.72254
1.95667,9.72305
1.95833,9.72356
1.96,9.72406
1.96167,9.72456
1.96333,9.72506
1.965,9.72556
1.96667,9.72606
1.96833,9.72656
1.97,9.72705
1.97167,9.72755
1.97333,9.72804
1.975,9.72853
1.97667,9.72902
1.97833,9.72951
1.98,9.73
1.98167,9.73049
1.98333,9.73097
1.985,9.73145
1.98667,9.73194
1.98833,9.73242
1.99,9.7329
1.99167,9.73338
1.99333,9.73385
1.995,9.73433
1.99667,9.7348
1.99833,9.73528
2.0,9.73575
2.00167,9.73622
2.00333,9.73669
2.005,9.73715
2.00667,9.73762
2.00833,9.73809
2.01,9.73855
2.01167,9.73901
2.01333,9.73948
2.015,9.73994
2.01667,9.7404
2.01833,9.74085
2.02,9.74131
2.02167,9.74177
2.02333,9.74222
2.025,9.74267
2.02667,9.74313
2.02833,9.74358
2.03,9.74403
2.03167,9.74447
2.03333,9.74492
2.035,9.74537
2.03667,9.74581
2.03833,9.74626
2.04,9.7467
2.04167,9.74714
2.04333,9.74758
2.045,9.74802
2.04667,9.74846
2.04833,9.74889
2.05,9.74933
2.05167,9.74976
2.05333,9.75019
2.055,9.75063
2.05667,9.75106
2.05833,9.75149
2.06,9.75192
2.06167,9.75234
2.06333,9.75277
2.065,9.75319
2.06667,9.75362
2.06833,9.75404
2.07,9.75446
2.07167,9.75488
2.07333,9.7553
2.075,9.75572
2.07667,9.75614
2.07833,9.75656
2.08,9.75697
2.08167,9.75738
2.08333,9.7578
2.085,9.75821
2.08667,9.75862
2.08833,9.75903
2.09,9.75944
2.09167,9.75985
2.09333,9.76025
2.095,9.76063
2.09667,9.76101
2.09833,9.76138
2.1,9.76176
2.10167,9.76213
2.10333,9.76249
2.105,9.76285
2.10667,9.76321
2.10833,9.76356
2.11,9.76392
2.11167,9.76427
2.11333,9.76462
2.115,9.76497
2.11667,9.76531
2.11833,9.76564
2.12,9.76594
2.12167,9.76625
2.12333,9.76655
2.125,9.76686
2.12667,9.76716
2.12833,9.76746
2.13,9.76776
2.13167,9.76806
2.13333,9.76836
2.135,9.76865
2.13667,9.76895
2.13833,9.76924
2.14,9.76954
2.14167,9.76983
2.14333,9.77012
2.145,9.77041
2.14667,9.7707
2.14833,9.77099
2.15,9.77128
2.15167,9.77157
2.15333,9.77185
2.155,9.77214
2.15667,9.77242
2.15833,9.77271
2.16,9.77299
2.16167,9.77334
2.16333,9.77365
2.165,9.77396
2.16667,9.77427
2.16833,9.77457
2.17,9.77488
2.17167,9.77518
2.17333,9.77548
2.175,9.77578
2.17667,9.77608
2.17833,9.77637
2.18,9.77666
2.18167,9.77695
2.18333,9.77724
2.185,9.77753
2.18667,9.77781
2.18833,9.77809
2.19,9.77837
2.19167,9.77866
2.19333,9.77894
2.195,9.77921
2.19667,9.77949
2.19833,9.77977
2.2,9.78005
2.20167,9.78032
2.20333,9.78059
2.205,9.78086
2.20667,9.78113
2.20833,9.7814
2.21,9.78167
2.21167,9.78193
2.21333,9.7822
2.215,9.78254
2.21667,9.7828
2.21833,9.78306
2.22,9.78332
2.22167,9.78358
2.22333,9.78384
2.225,9.7841
2.22667,9.78444
2.22833,9.7847
2.23,9.78496
2.23167,9.78522
2.23333,9.78548
2.235,9.78574
2.23667,9.78599
2.23833,9.78625
2.24,9.7865
2.24167,9.78686
2.24333,9.78714
2.245,9.78741
2.24667,9.78768
2.24833,9.78794
2.25,9.7882
2.25167,9.78847
2.25333,9.78873
2.255,9.78908
2.25667,9.78934
2.25833,9.78968
2.26,9.78993
2.26167,9.79018
2.26333,9.79042
2.265,9.79067
2.26667,9.79091
2.26833,9.79125
2.27,9.7915
2.27167,9.79175
2.27333,9.792
2.275,9.79225
2.27667,9.79249
2.27833,9.79273
2.28,9.79296
2.28167,9.7932
2.28333,9.79354
2.285,9.79377
2.28667,9.79401
2.28833,9.79424
2.29,9.79447
2.29167,9.79471
2.29333,9.79494
2.295,9.79517
2.29667,9.7955
2.29833,9.79573
2.3,9.79606
2.30167,9.79629
2.30333,9.79662
2.305,9.79685
2.30667,9.79707
2.30833,9.7973
2.31,9.79753
2.31167,9.79775
2.31333,9.79798
2.315,9.7982
2.31667,9.79843
2.31833,9.79865
2.32,9.79897
2.32167,9.7992
2.32333,9.79942
2.325,9.79964
2.32667,9.79986
2.32833,9.80019
2.33,9.8004
2.33167,9.80072
2.33333,9.80097
2.335,9.80121
2.33667,9.80143
2.33833,9.80172
2.34,9.80194
2.34167,9.80215
2.34333,9.80237
2.345,9.80258
2.34667,9.80288
2.34833,9.80313
2.35,9.80337
2.35167,9.80361
2.35333,9.80383
2.355,9.80404
2.35667,9.80425
2.35833,9.80446
2.36,9.80467
2.36167,9.80488
2.36333,9.80508
2.365,9.80528
2.36667,9.80549
2.36833,9.80569
2.37,9.80589
2.37167,9.80609
2.37333,9.80629
2.375,9.80649
2.37667,9.80669
2.37833,9.80689
2.38,9.80717
2.38167,9.80738
2.38333,9.80758
2.385,9.80778
2.38667,9.80798
2.38833,9.80818
2.39,9.80838
2.39167,9.80857
2.39333,9.80876
2.395,9.80895
2.39667,9.80914
2.39833,9.80933
2.4,9.80952
2.40167,9.80979
2.40333,9.80997
2.405,9.81015
2.40667,9.81033
2.40833,9.81051
2.41,9.81069
2.41167,9.81087
2.41333,9.81105
2.415,9.81123
2.41667,9.81141
2.41833,9.81158
2.42,9.81176
2.42167,9.81194
2.42333,9.81211
2.425,9.81229
2.42667,9.81246
2.42833,9.81263
2.43,9.81281
2.43167,9.81298
2.43333,9.81315
2.435,9.81332
2.43667,9.8135
2.43833,9.81367
2.44,9.81384
2.44167,9.81401
2.44333,9.81426
2.445,9.81446
2.44667,9.81465
2.44833,9.81484
2.45,9.81513
2.45167,9.81533
2.45333,9.81552
2.455,9.8157
2.45667,9.81589
2.45833,9.81608
2.46,9.81626
2.46167,9.81654
2.46333,9.81674
2.465,9.81694
2.46667,9.81714
2.46833,9.81733
2.47,9.81753
2.47167,9.81772
2.47333,9.818
2.475,9.81819
2.47667,9.81838
2.47833,9.81857
2.48,9.81876
2.48167,9.81894
2.48333,9.81913
2.485,9.81931
2.48667,9.81949
2.48833,9.81967
2.49,9.81985
2.49167,9.82003
2.49333,9.82021
2.495,9.82039
2.49667,9.82057
2.49833,9.82075
2.5,9.82092
2.50167,9.8211
2.50333,9.82137
2.505,9.82156
2.50667,9.82174
2.50833,9.82191
2.51,9.82208
2.51167,9.82225
2.51333,9.82242
2.515,9.82269
2.51667,9.82286
2.51833,9.82312
2.52,9.82329
2.52167,9.82346
2.52333,9.82362
2.525,9.82379
2.52667,9.82395
2.52833,9.82422
2.53,9.82438
2.53167,9.82455
2.53333,9.82472
2.535,9.82489
2.53667,9.82515
2.53833,9.82534
2.54,9.8255
2.54167,9.82566
2.54333,9.82582
2.545,9.82608
2.54667,9.82625
2.54833,9.82641
2.55,9.82658
2.55167,9.82674
2.55333,9.827
2.555,9.82726
2.55667,9.82742
2.55833,9.82758
2.56,9.82773
2.56167,9.82789
2.56333,9.82805
2.565,9.8283
2.56667,9.82846
2.56833,9.82862
2.57,9.82887
2.57167,9.8291
2.57333,9.82925
2.575,9.82941
2.57667,9.82956
2.57833,9.82971
2.58,9.82986
2.58167,9.83001
2.58333,9.83015
2.585,9.8303
2.58667,9.83044
2.58833,9.83058
2.59,9.83072
2.59167,9.83087
2.59333,9.831
2.595,9.83114
2.59667,9.83128
2.59833,9.83142
2.6,9.83164
2.60167,9.83182
2.60333,9.83199
2.605,9.83215
2.60667,9.8323
2.60833,9.83245
2.61,9.8326
2.61167,9.83275
2.61333,9.8329
2.615,9.83304
2.61667,9.83319
2.61833,9.83334
2.62,9.83349
2.62167,9.83363
2.62333,9.83388
2.625,9.83402
2.62667,9.83417
2.62833,9.83431
2.63,9.83446
2.63167,9.8346
2.63333,9.83475
2.635,9.83489
2.63667,9.83503
2.63833,9.83518
2.64,9.83532
2.64167,9.83546
2.64333,9.8356
2.645,9.83574
2.64667,9.83588
2.64833,9.83612
2.65,9.83628
2.65167,9.83642
2.65333,9.83656
2.655,9.8367
2.65667,9.83683
2.65833,9.83697
2.66,9.83711
2.66167,9.83725
2.66333,9.83739
2.665,9.83752
2.66667,9.83776
2.66833,9.83789
2.67,9.83803
2.67167,9.83817
2.67333,9.8383
2.675,9.83853
2.67667,9.83868
2.67833,9.83882
2.68,9.83896
2.68167,9.83909
2.68333,9.83922
2.685,9.83936
2.68667,9.83949
2.68833,9.83962
2.69,9.83975
2.69167,9.83998
2.69333,9.84012
2.695,9.84025
2.69667,9.84038
2.69833,9.8406
2.7,9.84073
2.70167,9.84086
2.70333,9.84099
2.705,9.84112
2.70667,9.84135
2.70833,9.84148
2.71,9.8416
2.71167,9.84173
2.71333,9.84186
2.715,9.84199
2.71667,9.84221
2.71833,9.84237
2.72,9.84251
2.72167,9.84264
2.72333,9.84277
2.725,9.8429
2.72667,9.84303
2.72833,9.84316
2.73,9.84329
2.73167,9.84342
2.73333,9.84355
2.735,9.84367
2.73667,9.8438
2.73833,9.84402
2.74,9.84415
2.74167,9.84427
2.74333,9.84439
2.745,9.84452
2.74667,9.84464
2.74833,9.84477
2.75,9.84489
2.75167,9.84511
2.75333,9.84524
2.755,9.84536
2.75667,9.84549
2.75833,9.84562
2.76,9.84574
2.76167,9.84586
2.76333,9.84599
2.765,9.84611
2.76667,9.84623
2.76833,9.84636
2.77,9.84648
2.77167,9.8466
2.77333,9.84672
2.775,9.84684
2.77667,9.84696
2.77833,9.84708
2.78,9.8472
2.78167,9.84732
2.78333,9.84744
2.785,9.84756
2.78667,9.84768
2.78833,9.8478
2.79,9.848
2.79167,9.84815
2.79333,9.84829
2.795,9.8485
2.79667,9.84863
2.79833,9.84874
2.8,9.84886
2.80167,9.84897
2.80333,9.84908
2.805,9.8492
2.80667,9.84931
2.80833,9.84942
2.81,9.84953
2.81167,9.84974
2.81333,9.8499
2.815,9.85007
2.81667,9.85023
2.81833,9.85037
2.82,9.8505
2.82167,9.85061
2.82333,9.85073
2.825,9.85083
2.82667,9.85094
2.82833,9.85105
2.83,9.85115
2.83167,9.85125
2.83333,9.85135
2.835,9.85146
2.83667,9.85156
2.83833,9.85165
2.84,9.85175
2.84167,9.85185
2.84333,9.85194
2.845,9.85204
2.84667,9.85213
2.84833,9.85222
2.85,9.85231
2.85167,9.85239
2.85333,9.85248
2.855,9.85257
2.85667,9.85265
2.85833,9.85274
2.86,9.85293
2.86167,9.85306
2.86333,9.85319
2.865,9.85331
2.86667,9.85344
2.86833,9.85357
2.87,9.85369
2.87167,9.85382
2.87333,9.85394
2.875,9.85407
2.87667,9.8542
2.87833,9.85432
2.88,9.85452
2.88167,9.8546
2.88333,9.85469
2.885,9.85477
2.88667,9.85485
2.88833,9.85493
2.89,9.85501
2.89167,9.85509
2.89333,9.85517
2.895,9.85525
2.89667,9.85532
2.89833,9.8554
2.9,9.85548
2.90167,9.85556
2.90333,9.85563
2.905,9.85571
2.90667,9.85578
2.90833,9.85586
2.91,9.85593
2.91167,9.856
2.91333,9.85608
2.915,9.85615
2.91667,9.85622
2.91833,9.8563
2.92,9.85636
2.92167,9.85643
2.92333,9.8565
2.925,9.85656
2.92667,9.85663
2.92833,9.85669
2.93,9.85676
2.93167,9.85682
2.93333,9.85689
2.935,9.85695
2.93667,9.85702
2.93833,9.85708
2.94,9.85725
2.94167,9.85735
2.94333,9.85745
2.945,9.85754
2.94667,9.85764
2.94833,9.85783
2.95,9.85793
2.95167,9.85803
2.95333,9.85822
2.955,9.85832
2.95667,9.85842
2.95833,9.85861
2.96,9.85871
2.96167,9.8588
2.96333,9.85889
2.965,9.85899
2.96667,9.85908
2.96833,9.85917
2.97,9.85936
2.97167,9.85955
2.97333,9.85965
2.975,9.85975
2.97667,9.85984
2.97833,9.85993
2.98,9.86002
2.98167,9.86011
2.98333,9.8602
2.985,9.86039
2.98667,9.86048
2.98833,9.86057
2.99,9.86075
2.99167,9.86085
2.99333,9.86103
2.995,9.86112
2.99667,9.86121
2.99833,9.8613
3.0,9.86138
3.00167,9.86147
3.00333,9.86156
3.005,9.86165
3.00667,9.86173
3.00833,9.86182
3.01,9.86191
3.01167,9.86199
3.01333,9.86208
3.015,9.86216
3.01667,9.86225
3.01833,9.86233
3.02,9.86242
3.02167,9.86251
3.02333,9.86259
3.025,9.86267
3.02667,9.86276
3.02833,9.86294
3.03,9.86303
3.03167,9.86311
3.03333,9.86319
3.035,9.86328
3.03667,9.86336
3.03833,9.86344
3.04,9.86353
3.04167,9.86361
3.04333,9.86379
3.045,9.86387
3.04667,9.86396
3.04833,9.86404
3.05,9.86412
3.05167,9.8642
3.05333,9.86428
3.055,9.86436
3.05667,9.86445
3.05833,9.86462
3.06,9.86471
3.06167,9.86479
3.06333,9.86487
3.065,9.86495
3.06667,9.86512
3.06833,9.8652
3.07,9.86529
3.07167,9.86537
3.07333,9.86545
3.075,9.86553
3.07667,9.8657
3.07833,9.86581
3.08,9.86589
3.08167,9.86597
3.08333,9.86605
3.085,9.86623
3.08667,9.86631
3.08833,9.86638
3.09,9.86646
3.09167,9.86654
3.09333,9.86662
3.095,9.8667
3.09667,9.86678
3.09833,9.86685
3.1,9.86693
3.10167,9.8671
3.10333,9.86718
3.105,9.86726
3.10667,9.86743
3.10833,9.86751
3.11,9.86759
3.11167,9.86767
3.11333,9.86774
3.115,9.86782
3.11667,9.8679
3.11833,9.86797
3.12,9.86805
3.12167,9.86812
3.12333,9.8682
3.125,9.86827
3.12667,9.86835
3.12833,9.86852
3.13,9.8686
3.13167,9.86877
3.13333,9.86886
3.135,9.86894
3.13667,9.86901
3.13833,9.86908
3.14,9.86915
3.14167,9.86932
3.14333,9.8694
3.145,9.86947
3.14667,9.86954
3.14833,9.86961
3.15,9.86968
3.15167,9.86976
3.15333,9.86992
3.155,9.87
3.15667,9.87007
3.15833,9.87014
3.16,9.87021
3.16167,9.87028
3.16333,9.87035
3.165,9.87052
3.16667,9.87059
3.16833,9.87066
3.17,9.87073
3.17167,9.8708
3.17333,9.87087
3.175,9.87094
3.17667,9.87101
3.17833,9.87108
3.18,9.87115
3.18167,9.87122
3.18333,9.87129
3.185,9.87136
3.18667,9.87143
3.18833,9.8715
3.19,9.87157
3.19167,9.87163
3.19333,9.8717
3.195,9.87177
3.19667,9.87184
3.19833,9.87191
3.2,9.87207
3.20167,9.87211
3.20333,9.87215
3.205,9.87219
3.20667,9.87222
3.20833,9.87226
3.21,9.87229
3.21167,9.87232
3.21333,9.87235
3.215,9.87238
3.21667,9.87241
3.21833,9.87244
3.22,9.87247
3.22167,9.8725
3.22333,9.87253
3.225,9.87256
3.22667,9.87259
3.22833,9.87261
3.23,9.87264
3.23167,9.87267
3.23333,9.8727
3.235,9.87273
3.23667,9.87276
3.23833,9.87279
3.24,9.87282
3.24167,9.87285
3.24333,9.87288
3.245,9.8729
3.24667,9.87293
3.24833,9.87296
3.25,9.87299
3.25167,9.87302
3.25333,9.87304
3.255,9.87307
3.25667,9.8731
3.25833,9.87313
3.26,9.87315
3.26167,9.87318
3.26333,9.87321
3.265,9.87323
3.26667,9.87326
3.26833,9.87329
3.27,9.87331
3.27167,9.87334
3.27333,9.87337
3.275,9.87339
3.27667,9.87342
3.27833,9.87344
3.28,9.87347
3.28167,9.8735
3.28333,9.87352
3.285,9.87355
3.28667,9.87357
3.28833,9.8736
3.29,9.87363
3.29167,9.87365
3.29333,9.87368
3.295,9.8737
3.29667,9.87373
3.29833,9.87375
3.3,9.87378
3.30167,9.8738
3.30333,9.87394
3.305,9.87402
3.30667,9.87409
3.30833,9.87416
3.31,9.87422
3.31167,9.87429
3.31333,9.87435
3.315,9.87442
3.31667,9.87448
3.31833,9.87455
3.32,9.87461
3.32167,9.87477
3.32333,9.87493
3.325,9.87509
3.32667,9.87523
3.32833,9.87536
3.33,9.87549
3.33167,9.87562
3.33333,9.87575
3.335,9.87587
3.33667,9.876
3.33833,9.87612
3.34,9.87625
3.34167,9.87637
3.34333,9.87649
3.345,9.87661
3.34667,9.87673
3.34833,9.87685
3.35,9.87697
3.35167,9.87709
3.35333,9.87721
3.355,9.87733
3.35667,9.87745
3.35833,9.87757
3.36,9.87769
3.36167,9.87781
3.36333,9.87792
3.365,9.87804
3.36667,9.87816
3.36833,9.87828
3.37,9.8784
3.37167,9.87851
3.37333,9.87863
3.375,9.87875
3.37667,9.87886
3.37833,9.87898
3.38,9.87909
3.38167,9.8792
3.38333,9.87931
3.385,9.87942
3.38667,9.87953
3.38833,9.87963
3.39,9.87973
3.39167,9.87983
3.39333,9.87993
3.395,9.88002
3.39667,9.8801
3.39833,9.88016
3.4,9.88023
3.40167,9.88029
3.40333,9.88043
3.405,9.88049
3.40667,9.88054
3.40833,9.88059
3.41,9.88064
3.41167,9.88079
3.41333,9.88084
3.415,9.88099
3.41667,9.88105
3.41833,9.8811
3.42,9.88115
3.42167,9.8812
3.42333,9.88125
3.425,9.88131
3.42667,9.88136
3.42833,9.88141
3.43,9.88146
3.43167,9.88151
3.43333,9.88156
3.435,9.88161
3.43667,9.88166
3.43833,9.88172
3.44,9.88177
3.44167,9.88182
3.44333,9.88187
3.445,9.88192
3.44667,9.88197
3.44833,9.88202
3.45,9.88207
3.45167,9.88212
3.45333,9.88217
3.455,9.88222
3.45667,9.88227
3.45833,9.88231
3.46,9.88236
3.46167,9.88241
3.46333,9.88246
3.465,9.88251
3.46667,9.88256
3.46833,9.88261
3.47,9.88266
3.47167,9.8828
3.47333,9.88286
3.475,9.88291
3.47667,9.88297
3.47833,9.88302
3.48,9.88317
3.48167,9.88322
3.48333,9.88327
3.485,9.88331
3.48667,9.88336
3.48833,9.88341
3.49,9.88346
3.49167,9.88351
3.49333,9.88356
3.495,9.88361
3.49667,9.88366
3.49833,9.88371
3.5,9.88375
3.50167,9.8838
3.50333,9.88395
3.505,9.88399
3.50667,9.88404
3.50833,9.88409
3.51,9.88414
3.51167,9.88418
3.51333,9.88423
3.515,9.88428
3.51667,9.88432
3.51833,9.88437
3.52,9.88442
3.52167,9.88446
3.52333,9.88451
3.525,9.88456
3.52667,9.8846
3.52833,9.88465
3.53,9.8847
3.53167,9.88474
3.53333,9.88479
3.535,9.88484
3.53667,9.88488
3.53833,9.88493
3.54,9.88497
3.54167,9.88502
3.54333,9.88506
3.545,9.88511
3.54667,9.88516
3.54833,9.88529
3.55,9.88538
3.55167,9.88545
3.55333,9.88553
3.555,9.8856
3.55667,9.88567
3.55833,9.88575
3.56,9.88582
3.56167,9.88589
3.56333,9.88597
3.565,9.88598
3.56667,9.886
3.56833,9.88601
3.57,9.88602
3.57167,9.88603
3.57333,9.88605
3.575,9.88606
3.57667,9.88606
3.57833,9.88607
3.58,9.88608
3.58167,9.88608
3.58333,9.88609
3.585,9.88609
3.58667,9.8861
3.58833,9.88611
3.59,9.88611
3.59167,9.88612
3.59333,9.88612
3.595,9.88613
3.59667,9.88613
3.59833,9.88613
3.6,9.88614
3.60167,9.88614
3.60333,9.88614
3.605,9.88614
3.60667,9.88614
3.60833,9.88613
3.61,9.88613
3.61167,9.88612
3.61333,9.88612
3.615,9.88611
3.61667,9.8861
3.61833,9.88609
3.62,9.88607
3.62167,9.88606
3.62333,9.88605
3.625,9.88603
3.62667,9.88602
3.62833,9.886
3.63,9.88598
3.63167,9.88596
3.63333,9.88594
3.635,9.88593
3.63667,9.88591
3.63833,9.88589
3.64,9.88587
3.64167,9.88586
3.64333,9.88584
3.645,9.88582
3.64667,9.8858
3.64833,9.88579
3.65,9.88577
3.65167,9.88575
3.65333,9.88574
3.655,9.88572
3.65667,9.8857
3.65833,9.88568
3.66,9.88567
3.66167,9.88565
3.66333,9.88563
3.665,9.88562
3.66667,9.8856
3.66833,9.88558
3.67,9.88557
3.67167,9.88555
3.67333,9.88553
3.675,9.88552
3.67667,9.8855
3.67833,9.88548
3.68,9.88547
3.68167,9.88545
3.68333,9.88543
3.685,9.88542
3.68667,9.8854
3.68833,9.88538
3.69,9.88537
3.69167,9.88535
3.69333,9.88533
3.695,9.88532
3.69667,9.8853
3.69833,9.88528
3.7,9.88527
3.70167,9.88525
3.70333,9.88524
3.705,9.88522
3.70667,9.8852
3.70833,9.88519
3.71,9.88517
3.71167,9.88516
3.71333,9.88514
3.715,9.88512
3.71667,9.88511
3.71833,9.88509
3.72,9.88508
3.72167,9.88506
3.72333,9.88504
3.725,9.88503
3.72667,9.88501
3.72833,9.885
3.73,9.88498
3.73167,9.88497
3.73333,9.88495
3.735,9.88494
3.73667,9.88492
3.73833,9.88491
3.74,9.88489
3.74167,9.88488
3.74333,9.88486
3.745,9.88485
3.74667,9.88483
3.74833,9.88482
3.75,9.8848
3.75167,9.88479
3.75333,9.88477
3.755,9.88476
3.75667,9.88474
3.75833,9.88473
3.76,9.88471
3.76167,9.8847
3.76333,9.88468
3.765,9.88467
3.76667,9.88465
3.76833,9.88464
3.77,9.88462
3.77167,9.88461
3.77333,9.88459
3.775,9.88458
3.77667,9.88457
3.77833,9.88455
3.78,9.88454
3.78167,9.88452
3.78333,9.88451
3.785,9.88449
3.78667,9.88448
3.78833,9.88447
3.79,9.88445
3.79167,9.88444
3.79333,9.88442
3.795,9.88441
3.79667,9.8844
3.79833,9.88438
3.8,9.88437
3.80167,9.88435
3.80333,9.88434
3.805,9.88432
3.80667,9.88431
3.80833,9.8843
3.81,9.88428
3.81167,9.88427
3.81333,9.88425
3.815,9.88424
3.81667,9.88423
3.81833,9.88421
3.82,9.8842
3.82167,9.88419
3.82333,9.88417
3.825,9.88416
3.82667,9.88414
3.82833,9.88413
3.83,9.88412
3.83167,9.8841
3.83333,9.88409
3.835,9.88408
3.83667,9.88406
3.83833,9.88405
3.84,9.88404
3.84167,9.88402
3.84333,9.88401
3.845,9.884
3.84667,9.88398
3.84833,9.88397
3.85,9.88396
3.85167,9.88395
3.85333,9.88393
3.855,9.88392
3.85667,9.88391
3.85833,9.88389
3.86,9.88388
3.86167,9.88387
3.86333,9.88386
3.865,9.88384
3.86667,9.88383
3.86833,9.88382
3.87,9.8838
3.87167,9.88379
3.87333,9.88378
3.875,9.88377
3.87667,9.88375
3.87833,9.88374
3.88,9.88373
3.88167,9.88372
3.88333,9.8837
3.885,9.88369
3.88667,9.88368
3.88833,9.88367
3.89,9.88365
3.89167,9.88364
3.89333,9.88363
3.895,9.88362
3.89667,9.8836
3.89833,9.88359
3.9,9.88358
3.90167,9.88357
3.90333,9.88356
3.905,9.88354
3.90667,9.88353
3.90833,9.88352
3.91,9.88351
3.91167,9.8835
3.91333,9.88348
3.915,9.88347
3.91667,9.88346
3.91833,9.88345
3.92,9.88344
3.92167,9.88343
3.92333,9.88341
3.925,9.8834
3.92667,9.88339
3.92833,9.88338
3.93,9.88337
3.93167,9.88336
3.93333,9.88334
3.935,9.88333
3.93667,9.88332
3.93833,9.88331
3.94,9.8833
3.94167,9.88329
3.94333,9.88328
3.945,9.88327
3.94667,9.88325
3.94833,9.88324
3.95,9.88323
3.95167,9.88322
3.95333,9.88321
3.955,9.8832
3.95667,9.88319
3.95833,9.88318
3.96,9.88317
3.96167,9.88316
3.96333,9.88314
3.965,9.88313
3.96667,9.88312
3.96833,9.88311
3.97,9.8831
3.97167,9.88309
3.97333,9.88308
3.975,9.88307
3.97667,9.88306
3.97833,9.88305
3.98,9.88304
3.98167,9.88303
3.98333,9.88302
3.985,9.88301
3.98667,9.88299
3.98833,9.88298
3.99,9.88297
3.99167,9.88296
3.99333,9.88295
3.995,9.88294
3.99667,9.88293
3.99833,9.88292
4.0,9.88291
4.00167,9.8829
4.00333,9.88289
4.005,9.88288
4.00667,9.88287
4.00833,9.88286
4.01,9.88285
4.01167,9.88284
4.01333,9.88283
4.015,9.88282
4.01667,9.88281
4.01833,9.8828
4.02,9.88279
4.02167,9.88278
4.02333,9.88277
4.025,9.88276
4.02667,9.88275
4.02833,9.88274
4.03,9.88273
4.03167,9.88272
4.03333,9.88271
4.035,9.8827
4.03667,9.88269
4.03833,9.88268
4.04,9.88267
4.04167,9.88266
4.04333,9.88265
4.045,9.88264
4.04667,9.88263
4.04833,9.88262
4.05,9.88261
4.05167,9.8826
4.05333,9.88259
4.055,9.88258
4.05667,9.88257
4.05833,9.88256
4.06,9.88255
4.06167,9.88254
4.06333,9.88253
4.065,9.88253
4.06667,9.88252
4.06833,9.88251
4.07,9.8825
4.07167,9.88249
4.07333,9.88248
4.075,9.88247
4.07667,9.88246
4.07833,9.88245
4.08,9.88244
4.08167,9.88243
4.08333,9.88242
4.085,9.88241
4.08667,9.8824
4.08833,9.8824
4.09,9.88239
4.09167,9.88238
4.09333,9.88237
4.095,9.88236
4.09667,9.88235
4.09833,9.88234
4.1,9.88233
4.10167,9.88232
4.10333,9.88232
4.105,9.88231
4.10667,9.8823
4.10833,9.88229
4.11,9.88228
4.11167,9.88227
4.11333,9.88226
4.115,9.88225
4.11667,9.88224
4.11833,9.88223
4.12,9.88223
4.12167,9.88222
4.12333,9.88221
4.125,9.8822
4.12667,9.88219
4.12833,9.88218
4.13,9.88217
4.13167,9.88216
4.13333,9.88215
4.135,9.88215
4.13667,9.88214
4.13833,9.88213
4.14,9.88212
4.14167,9.88211
4.14333,9.8821
4.145,9.88209
4.14667,9.88209
4.14833,9.88208
4.15,9.88207
4.15167,9.88206
4.15333,9.88205
4.155,9.88204
4.15667,9.88203
4.15833,9.88203
4.16,9.88202
4.16167,9.88201
4.16333,9.882
4.165,9.88199
4.16667,9.88199
4.16833,9.88198
4.17,9.88197
4.17167,9.88196
4.17333,9.88195
4.175,9.88194
4.17667,9.88194
4.17833,9.88193
4.18,9.88192
4.18167,9.88191
4.18333,9.8819
4.185,9.8819
4.18667,9.88189
4.18833,9.88188
4.19,9.88187
4.19167,9.88187
4.19333,9.88186
4.195,9.88185
4.19667,9.88184
4.19833,9.88183
4.2,9.88183
4.20167,9.88182
4.20333,9.88181
4.205,9.8818
4.20667,9.8818
4.20833,9.88179
4.21,9.88178
4.21167,9.88177
4.21333,9.88177
4.215,9.88176
4.21667,9.88175
4.21833,9.88174
4.22,9.88174
4.22167,9.88173
4.22333,9.88172
4.225,9.88171
4.22667,9.88171
4.22833,9.8817
4.23,9.88169
4.23167,9.88168
4.23333,9.88168
4.235,9.88167
4.23667,9.88166
4.23833,9.88166
4.24,9.88165
4.24167,9.88164
4.24333,9.88163
4.245,9.88163
4.24667,9.88162
4.24833,9.88161
4.25,9.88161
4.25167,9.8816
4.25333,9.88159
4.255,9.88159
4.25667,9.88158
4.25833,9.88157
4.26,9.88157
4.26167,9.88156
4.26333,9.88155
4.265,9.88155
4.26667,9.88154
4.26833,9.88153
4.27,9.88152
4.27167,9.88152
4.27333,9.88151
4.275,9.88151
4.27667,9.8815
4.27833,9.88149
4.28,9.88149
4.28167,9.88148
4.28333,9.88147
4.285,9.88147
4.28667,9.88146
4.28833,9.88145
4.29,9.88145
4.29167,9.88144
4.29333,9.88143
4.295,9.88143
4.29667,9.88142
4.29833,9.88141
4.3,9.88141
4.30167,9.8814
4.30333,9.88139
4.305,9.88139
4.30667,9.88138
4.30833,9.88137
4.31,9.88137
4.31167,9.88136
4.31333,9.88135
4.315,9.88135
4.31667,9.88134
4.31833,9.88133
4.32,9.88133
4.32167,9.88132
4.32333,9.88131
4.325,9.88131
4.32667,9.8813
4.32833,9.88129
4.33,9.88129
4.33167,9.88128
4.33333,9.88127
4.335,9.88127
4.33667,9.88126
4.33833,9.88126
4.34,9.88125
4.34167,9.88124
4.34333,9.88124
4.345,9.88123
4.34667,9.88122
4.34833,9.88122
4.35,9.88121
4.35167,9.88121
4.35333,9.8812
4.355,9.88119
4.35667,9.88119
4.35833,9.88118
4.36,9.88118
4.36167,9.88117
4.36333,9.88116
4.365,9.88116
4.36667,9.88115
4.36833,9.88115
4.37,9.88114
4.37167,9.88113
4.37333,9.88113
4.375,9.88112
4.37667,9.88112
4.37833,9.88111
4.38,9.8811
4.38167,9.8811
4.38333,9.88109
4.385,9.88109
4.38667,9.88108
4.38833,9.88107
4.39,9.88107
4.39167,9.88106
4.39333,9.88106
4.395,9.88105
4.39667,9.88104
4.39833,9.88104
4.4,9.88103
4.40167,9.88103
4.40333,9.88102
4.405,9.88102
4.40667,9.88101
4.40833,9.881
4.41,9.881
4.41167,9.88099
4.41333,9.88099
4.415,9.88098
4.41667,9.88097
4.41833,9.88097
4.42,9.88096
4.42167,9.88096
4.42333,9.88095
4.425,9.88095
4.42667,9.88094
4.42833,9.88094
4.43,9.88093
4.43167,9.88092
4.43333,9.88092
4.435,9.88091
4.43667,9.88091
4.43833,9.8809
4.44,9.8809
4.44167,9.88089
4.44333,9.88089
4.445,9.88088
4.44667,9.88088
4.44833,9.88087
4.45,9.88086
4.45167,9.88086
4.45333,9.88085
4.455,9.88085
4.45667,9.88084
4.45833,9.88084
4.46,9.88083
4.46167,9.88083
4.46333,9.88082
4.465,9.88082
4.46667,9.88081
4.46833,9.88081
4.47,9.8808
4.47167,9.8808
4.47333,9.88079
4.475,9.88079
4.47667,9.88078
4.47833,9.88078
4.48,9.88077
4.48167,9.88077
4.48333,9.88076
4.485,9.88076
4.48667,9.88075
4.48833,9.88075
4.49,9.88074
4.49167,9.88074
4.49333,9.88073
4.495,9.88073
4.49667,9.88072
4.49833,9.88072
4.5,9.88071
4.50167,9.88071
4.50333,9.8807
4.505,9.8807
4.50667,9.88069
4.50833,9.88069
4.51,9.88068
4.51167,9.88068
4.51333,9.88067
4.515,9.88067
4.51667,9.88066
4.51833,9.88066
4.52,9.88065
4.52167,9.88065
4.52333,9.88064
4.525,9.88064
4.52667,9.88063
4.52833,9.88063
4.53,9.88063
4.53167,9.88062
4.53333,9.88062
4.535,9.88061
4.53667,9.88061
4.53833,9.8806
4.54,9.8806
4.54167,9.88059
4.54333,9.88059
4.545,9.88058
4.54667,9.88058
4.54833,9.88057
4.55,9.88057
4.55167,9.88056
4.55333,9.88056
4.555,9.88056
4.55667,9.88055
4.55833,9.88055
4.56,9.88054
4.56167,9.88054
4.56333,9.88053
4.565,9.88053
4.56667,9.88052
4.56833,9.88052
4.57,9.88052
4.57167,9.88051
4.57333,9.88051
4.575,9.8805
4.57667,9.8805
4.57833,9.88049
4.58,9.88049
4.58167,9.88048
4.58333,9.88048
4.585,9.88048
4.58667,9.88047
4.58833,9.88047
4.59,9.88046
4.59167,9.88046
4.59333,9.88045
4.595,9.88045
4.59667,9.88045
4.59833,9.88044
4.6,9.88044
4.60167,9.88043
4.60333,9.88043
4.605,9.88043
4.60667,9.88042
4.60833,9.88042
4.61,9.88041
4.61167,9.88041
4.61333,9.8804
4.615,9.8804
4.61667,9.8804
4.61833,9.88039
4.62,9.88039
4.62167,9.88038
4.62333,9.88038
4.625,9.88038
4.62667,9.88037
4.62833,9.88037
4.63,9.88036
4.63167,9.88036
4.63333,9.88036
4.635,9.88035
4.63667,9.88035
4.63833,9.88035
4.64,9.88034
4.64167,9.88034
4.64333,9.88033
4.645,9.88033
4.64667,9.88033
4.64833,9.88032
4.65,9.88032
4.65167,9.88031
4.65333,9.88031
4.655,9.88031
4.65667,9.8803
4.65833,9.8803
4.66,9.8803
4.66167,9.88029
4.66333,9.88029
4.665,9.88028
4.66667,9.88028
4.66833,9.88028
4.67,9.88027
4.67167,9.88027
4.67333,9.88027
4.675,9.88026
4.67667,9.88026
4.67833,9.88025
4.68,9.88025
4.68167,9.88025
4.68333,9.88024
4.685,9.88024
4.68667,9.88024
4.68833,9.88023
4.69,9.88023
4.69167,9.88023
4.69333,9.88022
4.695,9.88022
4.69667,9.88022
4.69833,9.88021
4.7,9.88021
4.70167,9.8802
4.70333,9.8802
4.705,9.8802
4.70667,9.88019
4.70833,9.88019
4.71,9.88019
4.71167,9.88018
4.71333,9.88018
4.715,9.88018
4.71667,9.88017
4.71833,9.88017
4.72,9.88017
4.72167,9.88016
4.72333,9.88016
4.725,9.88016
4.72667,9.88015
4.72833,9.88015
4.73,9.88015
4.73167,9.88014
4.73333,9.88014
4.735,9.88014
4.73667,9.88013
4.73833,9.88013
4.74,9.88013
4.74167,9.88012
4.74333,9.88012
4.745,9.88012
4.74667,9.88011
4.74833,9.88011
4.75,9.88011
4.75167,9.8801
4.75333,9.8801
4.755,9.8801
4.75667,9.88009
4.75833,9.88009
4.76,9.88009
4.76167,9.88008
4.76333,9.88008
4.765,9.88008
4.76667,9.88007
4.76833,9.88007
4.77,9.88007
4.77167,9.88006
4.77333,9.88006
4.775,9.88006
4.77667,9.88006
4.77833,9.88005
4.78,9.88005
4.78167,9.88005
4.78333,9.88004
4.785,9.88004
4.78667,9.88004
4.78833,9.88003
4.79,9.88003
4.79167,9.88003
4.79333,9.88002
4.795,9.88002
4.79667,9.88002
4.79833,9.88002
4.8,9.88001
4.80167,9.88001
4.80333,9.88001
4.805,9.88
4.80667,9.88
4.80833,9.88
4.81,9.87999
4.81167,9.87999
4.81333,9.87999
4.815,9.87999
4.81667,9.87998
4.81833,9.87998
4.82,9.87998
4.82167,9.87997
4.82333,9.87997
4.825,9.87997
4.82667,9.87996
4.82833,9.87996
4.83,9.87996
4.83167,9.87996
4.83333,9.87995
4.835,9.87995
4.83667,9.87995
4.83833,9.87994
4.84,9.87994
4.84167,9.87994
4.84333,9.87994
4.845,9.87993
4.84667,9.87993
4.84833,9.87993
4.85,9.87993
4.85167,9.87992
4.85333,9.87992
4.855,9.87992
4.85667,9.87991
4.85833,9.87991
4.86,9.87991
4.86167,9.87991
4.86333,9.8799
4.865,9.8799
4.86667,9.8799
4.86833,9.8799
4.87,9.87989
4.87167,9.87989
4.87333,9.87989
4.875,9.87988
4.87667,9.87988
4.87833,9.87988
4.88,9.87988
4.88167,9.87987
4.88333,9.87987
4.885,9.87987
4.88667,9.87987
4.88833,9.87986
4.89,9.87986
4.89167,9.87986
4.89333,9.87986
4.895,9.87985
4.89667,9.87985
4.89833,9.87985
4.9,9.87984
4.90167,9.87984
4.90333,9.87984
4.905,9.87984
4.90667,9.87983
4.90833,9.87983
4.91,9.87983
4.91167,9.87983
4.91333,9.87982
4.915,9.87982
4.91667,9.87982
4.91833,9.87982
4.92,9.87981
4.92167,9.87981
4.92333,9.87981
4.925,9.87981
4.92667,9.8798
4.92833,9.8798
4.93,9.8798
4.93167,9.8798
4.93333,9.87979
4.935,9.87979
4.93667,9.87979
4.93833,9.87979
4.94,9.87978
4.94167,9.87978
4.94333,9.87978
4.945,9.87978
4.94667,9.87977
4.94833,9.87977
4.95,9.87977
4.95167,9.87977
4.95333,9.87976
4.955,9.87976
4.95667,9.87976
4.95833,9.87976
4.96,9.87975
4.96167,9.87975
4.96333,9.87975
4.965,9.87975
4.96667,9.87974
4.96833,9.87974
4.97,9.87974
4.97167,9.87974
4.97333,9.87973
4.975,9.87973
4.97667,9.87973
4.97833,9.87973
4.98,9.87972
4.98167,9.87972
4.98333,9.87972
4.985,9.87972
4.98667,9.87971
4.98833,9.87971
4.99,9.87971
4.99167,9.87971
4.99333,9.8797
4.995,9.8797
4.99667,9.8797
4.99833,9.8797
5.0,9.8797
5.00167,9.87969
5.00333,9.87969
5.005,9.87969
5.00667,9.87969
5.00833,9.87968
5.01,9.87968
5.01167,9.87968
5.01333,9.87968
5.015,9.87967
5.01667,9.87967
5.01833,9.87967
5.02,9.87967
5.02167,9.87967
5.02333,9.87966
5.025,9.87966
5.02667,9.87966
5.02833,9.87966
5.03,9.87965
5.03167,9.87965
5.03333,9.87965
5.035,9.87965
5.03667,9.87965
5.03833,9.87964
5.04,9.87964
5.04167,9.87964
5.04333,9.87964
5.045,9.87964
5.04667,9.87963
5.04833,9.87963
5.05,9.87963
5.05167,9.87963
5.05333,9.87962
5.055,9.87962
5.05667,9.87962
5.05833,9.87962
5.06,9.87962
5.06167,9.87961
5.06333,9.87961
5.065,9.87961
5.06667,9.87961
5.06833,9.87961
5.07,9.8796
5.07167,9.8796
5.07333,9.8796
5.075,9.8796
5.07667,9.8796
5.07833,9.87959
5.08,9.87959
5.08167,9.87959
5.08333,9.87959
5.085,9.87959
5.08667,9.87958
5.08833,9.87958
5.09,9.87958
5.09167,9.87958
5.09333,9.87958
5.095,9.87957
5.09667,9.87957
5.09833,9.87957
5.1,9.87957
5.10167,9.87957
5.10333,9.87956
5.105,9.87956
5.10667,9.87956
5.10833,9.87956
5.11,9.87956
5.11167,9.87955
5.11333,9.87955
5.115,9.87955
5.11667,9.87955
5.11833,9.87955
5.12,9.87954
5.12167,9.87954
5.12333,9.87954
5.125,9.87954
5.12667,9.87954
5.12833,9.87954
5.13,9.87953
5.13167,9.87953
5.13333,9.87953
5.135,9.87953
5.13667,9.87953
5.13833,9.87952
5.14,9.87952
5.14167,9.87952
5.14333,9.87952
5.145,9.87952
5.14667,9.87952
5.14833,9.87951
5.15,9.87951
5.15167,9.87951
5.15333,9.87951
5.155,9.87951
5.15667,9.87951
5.15833,9.8795
5.16,9.8795
5.16167,9.8795
5.16333,9.8795
5.165,9.8795
5.16667,9.87949
5.16833,9.87949
5.17,9.87949
5.17167,9.87949
5.17333,9.87949
5.175,9.87949
5.17667,9.87948
5.17833,9.87948
5.18,9.87948
5.18167,9.87948
5.18333,9.87948
5.185,9.87948
5.18667,9.87947
5.18833,9.87947
5.19,9.87947
5.19167,9.87947
5.19333,9.87947
5.195,9.87946
5.19667,9.87946
5.19833,9.87946
5.2,9.87946
5.20167,9.87946
5.20333,9.87946
5.205,9.87945
5.20667,9.87945
5.20833,9.87945
5.21,9.87945
5.21167,9.87945
5.21333,9.87945
5.215,9.87944
5.21667,9.87944
5.21833,9.87944
5.22,9.87944
5.22167,9.87944
5.22333,9.87944
5.225,9.87943
5.22667,9.87943
5.22833,9.87943
5.23,9.87943
5.23167,9.87943
5.23333,9.87943
5.235,9.87943
5.23667,9.87942
5.23833,9.87942
5.24,9.87942
5.24167,9.87942
5.24333,9.87942
5.245,9.87942
5.24667,9.87941
5.24833,9.87941
5.25,9.87941
5.25167,9.87941
5.25333,9.87941
5.255,9.87941
5.25667,9.8794
5.25833,9.8794
5.26,9.8794
5.26167,9.8794
5.26333,9.8794
5.265,9.8794
5.26667,9.8794
5.26833,9.87939
5.27,9.87939
5.27167,9.87939
5.27333,9.87939
5.275,9.87939
5.27667,9.87939
5.27833,9.87939
5.28,9.87938
5.28167,9.87938
5.28333,9.87938
5.285,9.87938
5.28667,9.87938
5.28833,9.87938
5.29,9.87937
5.29167,9.87937
5.29333,9.87937
5.295,9.87937
5.29667,9.87937
5.29833,9.87937
5.3,9.87937
5.30167,9.87936
5.30333,9.87936
5.305,9.87936
5.30667,9.87936
5.30833,9.87936
5.31,9.87936
5.31167,9.87936
5.31333,9.87936
5.315,9.87935
5.31667,9.87935
5.31833,9.87935
5.32,9.87935
5.32167,9.87935
5.32333,9.87935
5.325,9.87935
5.32667,9.87934
5.32833,9.87934
5.33,9.87934
5.33167,9.87934
5.33333,9.87934
5.335,9.87934
5.33667,9.87934
5.33833,9.87934
5.34,9.87933
5.34167,9.87933
5.34333,9.87933
5.345,9.87933
5.34667,9.87933
5.34833,9.87933
5.35,9.87933
5.35167,9.87933
5.35333,9.87932
5.355,9.87932
5.35667,9.87932
5.35833,9.87932
5.36,9.87932
5.36167,9.87932
5.36333,9.87932
5.365,9.87932
5.36667,9.87931
5.36833,9.87931
5.37,9.87931
5.37167,9.87931
5.37333,9.87931
5.375,9.87931
5.37667,9.87931
5.37833,9.87931
5.38,9.87931
5.38167,9.8793
5.38333,9.8793
5.385,9.8793
5.38667,9.8793
5.38833,9.8793
5.39,9.8793
5.39167,9.8793
5.39333,9.8793
5.395,9.87929
5.39667,9.87929
5.39833,9.87929
5.4,9.87929
5.40167,9.87929
5.40333,9.87929
5.405,9.87929
5.40667,9.87929
5.40833,9.87929
5.41,9.87928
5.41167,9.87928
5.41333,9.87928
5.415,9.87928
5.41667,9.87928
5.41833,9.87928
5.42,9.87928
5.42167,9.87928
5.42333,9.87928
5.425,9.87928
5.42667,9.87927
5.42833,9.87927
5.43,9.87927
5.43167,9.87927
5.43333,9.87927
5.435,9.87927
5.43667,9.87927
5.43833,9.87927
5.44,9.87927
5.44167,9.87926
5.44333,9.87926
5.445,9.87926
5.44667,9.87926
5.44833,9.87926
5.45,9.87926
5.45167,9.87926
5.45333,9.87926
5.455,9.87926
5.45667,9.87926
5.45833,9.87925
5.46,9.87925
5.46167,9.87925
5.46333,9.87925
5.465,9.87925
5.46667,9.87925
5.46833,9.87925
5.47,9.87925
5.47167,9.87925
5.47333,9.87925
5.475,9.87924
5.47667,9.87924
5.47833,9.87924
5.48,9.87924
5.48167,9.87924
5.48333,9.87924
5.485,9.87924
5.48667,9.87924
5.48833,9.87924
5.49,9.87924
5.49167,9.87923
5.49333,9.87923
5.495,9.87923
5.49667,9.87923
5.49833,9.87923
5.5,9.87923
5.50167,9.87923
5.50333,9.87923
5.505,9.87923
5.50667,9.87922
5.50833,9.87922
5.51,9.87922
5.51167,9.87922
5.51333,9.87922
5.515,9.87922
5.51667,9.87922
5.51833,9.87922
5.52,9.87922
5.52167,9.87922
5.52333,9.87922
5.525,9.87921
5.52667,9.87921
5.52833,9.87921
5.53,9.87921
5.53167,9.87921
5.53333,9.87921
5.535,9.87921
5.53667,9.87921
5.53833,9.87921
5.54,9.87921
5.54167,9.87921
5.54333,9.8792
5.545,9.8792
5.54667,9.8792
5.54833,9.8792
5.55,9.8792
5.55167,9.8792
5.55333,9.8792
5.555,9.8792
5.55667,9.8792
5.55833,9.8792
5.56,9.8792
5.56167,9.8792
5.56333,9.87919
5.565,9.87919
5.56667,9.87919
5.56833,9.87919
5.57,9.87919
5.57167,9.87919
5.57333,9.87919
5.575,9.87919
5.57667,9.87919
5.57833,9.87919
5.58,9.87919
5.58167,9.87919
5.58333,9.87919
5.585,9.87918
5.58667,9.87918
5.58833,9.87918
5.59,9.87918
5.59167,9.87918
5.59333,9.87918
5.595,9.87918
5.59667,9.87918
5.59833,9.87918
5.6,9.87918
5.60167,9.87918
5.60333,9.87918
5.605,9.87918
5.60667,9.87918
5.60833,9.87917
5.61,9.87917
5.61167,9.87917
5.61333,9.87917
5.615,9.87917
5.61667,9.87917
5.61833,9.87917
5.62,9.87917
5.62167,9.87917
5.62333,9.87917
5.625,9.87917
5.62667,9.87917
5.62833,9.87917
5.63,9.87916
5.63167,9.87916
5.63333,9.87916
5.635,9.87916
5.63667,9.87916
5.63833,9.87916
5.64,9.87916
5.64167,9.87916
5.64333,9.87916
5.645,9.87916
5.64667,9.87916
5.64833,9.87916
5.65,9.87916
5.65167,9.87916
5.65333,9.87916
5.655,9.87915
5.65667,9.87915
5.65833,9.87915
5.66,9.87915
5.66167,9.87915
5.66333,9.87915
5.665,9.87915
5.66667,9.87915
5.66833,9.87915
5.67,9.87915
5.67167,9.87915
5.67333,9.87915
5.675,9.87915
5.67667,9.87915
5.67833,9.87915
5.68,9.87915
5.68167,9.87914
5.68333,9.87914
5.685,9.87914
5.68667,9.87914
5.68833,9.87914
5.69,9.87914
5.69167,9.87914
5.69333,9.87914
5.695,9.87914
5.69667,9.87914
5.69833,9.87914
5.7,9.87914
5.70167,9.87914
5.70333,9.87914
5.705,9.87914
5.70667,9.87914
5.70833,9.87914
5.71,9.87913
5.71167,9.87913
5.71333,9.87913
5.715,9.87913
5.71667,9.87913
5.71833,9.87913
5.72,9.87913
5.72167,9.87913
5.72333,9.87913
5.725,9.87913
5.72667,9.87913
5.72833,9.87913
5.73,9.87913
5.73167,9.87913
5.73333,9.87913
5.735,9.87913
5.73667,9.87912
5.73833,9.87912
5.74,9.87912
5.74167,9.87912
5.74333,9.87912
5.745,9.87912
5.74667,9.87912
5.74833,9.87912
5.75,9.87912
5.75167,9.87912
5.75333,9.87912
5.755,9.87912
5.75667,9.87912
5.75833,9.87912
5.76,9.87912
5.76167,9.87911
5.76333,9.87911
5.765,9.87911
5.76667,9.87911
5.76833,9.87911
5.77,9.87911
5.77167,9.87911
5.77333,9.87911
5.775,9.87911
5.77667,9.87911
5.77833,9.87911
5.78,9.87911
5.78167,9.87911
5.78333,9.87911
5.785,9.87911
5.78667,9.87911
5.78833,9.8791
5.79,9.8791
5.79167,9.8791
5.79333,9.8791
5.795,9.8791
5.79667,9.8791
5.79833,9.8791
5.8,9.8791
5.80167,9.8791
5.80333,9.8791
5.805,9.8791
5.80667,9.8791
5.80833,9.8791
5.81,9.8791
5.81167,9.8791
5.81333,9.8791
5.815,9.8791
5.81667,9.87909
5.81833,9.87909
5.82,9.87909
5.82167,9.87909
5.82333,9.87909
5.825,9.87909
5.82667,9.87909
5.82833,9.87909
5.83,9.87909
5.83167,9.87909
5.83333,9.87909
5.835,9.87909
5.83667,9.87909
5.83833,9.87909
5.84,9.87909
5.84167,9.87909
5.84333,9.87909
5.845,9.87909
5.84667,9.87908
5.84833,9.87908
5.85,9.87908
5.85167,9.87908
5.85333,9.87908
5.855,9.87908
5.85667,9.87908
5.85833,9.87908
5.86,9.87908
5.86167,9.87908
5.86333,9.87908
5.865,9.87908
5.86667,9.87908
5.86833,9.87908
5.87,9.87908
5.87167,9.87908
5.87333,9.87908
5.875,9.87908
5.87667,9.87908
5.87833,9.87907
5.88,9.87907
5.88167,9.87907
5.88333,9.87907
5.885,9.87907
5.88667,9.87907
5.88833,9.87907
5.89,9.87907
5.89167,9.87907
5.89333,9.87907
5.895,9.87907
5.89667,9.87907
5.89833,9.87907
5.9,9.87907
5.90167,9.87907
5.90333,9.87907
5.905,9.87907
5.90667,9.87907
5.90833,9.87907
5.91,9.87907
5.91167,9.87906
5.91333,9.87906
5.915,9.87906
5.91667,9.87906
5.91833,9.87906
5.92,9.87906
5.92167,9.87906
5.92333,9.87906
5.925,9.87906
5.92667,9.87906
5.92833,9.87906
5.93,9.87906
5.93167,9.87906
5.93333,9.87906
5.935,9.87906
5.93667,9.87906
5.93833,9.87906
5.94,9.87906
5.94167,9.87906
5.94333,9.87906
5.945,9.87906
5.94667,9.87906
5.94833,9.87905
5.95,9.87905
5.95167,9.87905
5.95333,9.87905
5.955,9.87905
5.95667,9.87905
5.95833,9.87905
5.96,9.87905
5.96167,9.87905
5.96333,9.87905
5.965,9.87905
5.96667,9.87905
5.96833,9.87905
5.97,9.87905
5.97167,9.87905
5.97333,9.87905
5.975,9.87905
5.97667,9.87905
5.97833,9.87905
5.98,9.87904
5.98167,9.87904
5.98333,9.87904
5.985,9.87904
5.98667,9.87904
5.98833,9.87904
5.99,9.87904
5.99167,9.87904
5.99333,9.87904
5.995,9.87904
5.99667,9.87904
5.99833,9.87904
6.0,9.87904
6.00167,9.87904
6.00333,9.87904
6.005,9.87904
6.00667,9.87904
6.00833,9.87904
6.01,9.87904
6.01167,9.87903
6.01333,9.87903
6.015,9.87903
6.01667,9.87903
6.01833,9.87903
6.02,9.87903
6.02167,9.87903
6.02333,9.87903
6.025,9.87903
6.02667,9.87903
6.02833,9.87903
6.03,9.87903
6.03167,9.87903
6.03333,9.87903
6.035,9.87903
6.03667,9.87903
6.03833,9.87903
6.04,9.87903
6.04167,9.87903
6.04333,9.87902
6.045,9.87902
6.04667,9.87902
6.04833,9.87902
6.05,9.87902
6.05167,9.87902
6.05333,9.87902
6.055,9.87902
6.05667,9.87902
6.05833,9.87902
6.06,9.87902
6.06167,9.87902
6.06333,9.87902
6.065,9.87902
6.06667,9.87902
6.06833,9.87902
6.07,9.87902
6.07167,9.87902
6.07333,9.87902
6.075,9.87902
6.07667,9.87902
6.07833,9.87902
6.08,9.87901
6.08167,9.87901
6.08333,9.87901
6.085,9.87901
6.08667,9.87901
6.08833,9.87901
6.09,9.87901
6.09167,9.87901
6.09333,9.87901
6.095,9.87901
6.09667,9.87901
6.09833,9.87901
6.1,9.87901
6.10167,9.87901
6.10333,9.87901
6.105,9.87901
6.10667,9.87901
6.10833,9.87901
6.11,9.87901
6.11167,9.87901
6.11333,9.87901
6.115,9.87901
6.11667,9.87901
6.11833,9.87901
6.12,9.879
6.12167,9.879
6.12333,9.879
6.125,9.879
6.12667,9.879
6.12833,9.879
6.13,9.879
6.13167,9.879
6.13333,9.879
6.135,9.879
6.13667,9.879
6.13833,9.879
6.14,9.879
6.14167,9.879
6.14333,9.879
6.145,9.879
6.14667,9.879
6.14833,9.879
6.15,9.879
6.15167,9.879
6.15333,9.879
6.155,9.879
6.15667,9.879
6.15833,9.879
6.16,9.879
6.16167,9.87899
6.16333,9.87899
6.165,9.87899
6.16667,9.87899
6.16833,9.87899
6.17,9.87899
6.17167,9.87899
6.17333,9.87899
6.175,9.87899
6.17667,9.87899
6.17833,9.87899
6.18,9.87899
6.18167,9.87899
6.18333,9.87899
6.185,9.87899
6.18667,9.87899
6.18833,9.87899
6.19,9.87899
6.19167,9.87899
6.19333,9.87899
6.195,9.87899
6.19667,9.87899
6.19833,9.87899
6.2,9.87899
6.20167,9.87899
6.20333,9.87899
6.205,9.87899
6.20667,9.87898
6.20833,9.87898
6.21,9.87898
6.21167,9.87898
6.21333,9.87898
6.215,9.87898
6.21667,9.87898
6.21833,9.87898
6.22,9.87898
6.22167,9.87898
6.22333,9.87898
6.225,9.87898
6.22667,9.87898
6.22833,9.87898
6.23,9.87898
6.23167,9.87898
6.23333,9.87898
6.235,9.87898
6.23667,9.87898
6.23833,9.87898
6.24,9.87898
6.24167,9.87898
6.24333,9.87898
6.245,9.87898
6.24667,9.87898
6.24833,9.87898
6.25,9.87898
6.25167,9.87898
6.25333,9.87897
6.255,9.87897
6.25667,9.87897
6.25833,9.87897
6.26,9.87897
6.26167,9.87897
6.26333,9.87897
6.265,9.87897
6.26667,9.87897
6.26833,9.87897
6.27,9.87897
6.27167,9.87897
6.27333,9.87897
6.275,9.87897
6.27667,9.87897
6.27833,9.87897
6.28,9.87897
6.28167,9.87897
6.28333,9.87897
6.285,9.87897
6.28667,9.87897
6.28833,9.87897
6.29,9.87897
6.29167,9.87897
6.29333,9.87897
6.295,9.87897
6.29667,9.87897
6.29833,9.87897
6.3,9.87897
6.30167,9.87896
6.30333,9.87896
6.305,9.87896
6.30667,9.87896
6.30833,9.87896
6.31,9.87896
6.31167,9.87896
6.31333,9.87896
6.315,9.87896
6.31667,9.87896
6.31833,9.87896
6.32,9.87896
6.32167,9.87896
6.32333,9.87896
6.325,9.87896
6.32667,9.87896
6.32833,9.87896
6.33,9.87896
6.33167,9.87896
6.33333,9.87896
6.335,9.87896
6.33667,9.87896
6.33833,9.87896
6.34,9.87896
6.34167,9.87896
6.34333,9.87896
6.345,9.87896
6.34667,9.87896
6.34833,9.87896
6.35,9.87895
6.35167,9.87895
6.35333,9.87895
6.355,9.87895
6.35667,9.87895
6.35833,9.87895
6.36,9.87895
6.36167,9.87895
6.36333,9.87895
6.365,9.87895
6.36667,9.87895
6.36833,9.87895
6.37,9.87895
6.37167,9.87895
6.37333,9.87895
6.375,9.87895
6.37667,9.87895
6.37833,9.87895
6.38,9.87895
6.38167,9.87895
6.38333,9.87895
6.385,9.87895
6.38667,9.87895
6.38833,9.87895
6.39,9.87895
6.39167,9.87895
6.39333,9.87895
6.395,9.87895
6.39667,9.87895
6.39833,9.87895
6.4,9.87895
6.40167,9.87895
6.40333,9.87894
6.405,9.87894
6.40667,9.87894
6.40833,9.87894
6.41,9.87894
6.41167,9.87894
6.41333,9.87894
6.415,9.87894
6.41667,9.87894
6.41833,9.87894
6.42,9.87894
6.42167,9.87894
6.42333,9.87894
6.425,9.87894
6.42667,9.87894
6.42833,9.87894
6.43,9.87894
6.43167,9.87894
6.43333,9.87894
6.435,9.87894
6.43667,9.87894
6.43833,9.87894
6.44,9.87894
6.44167,9.87894
6.44333,9.87894
6.445,9.87894
6.44667,9.87894
6.44833,9.87894
6.45,9.87894
6.45167,9.87894
6.45333,9.87894
6.455,9.87894
6.45667,9.87894
6.45833,9.87894
6.46,9.87894
6.46167,9.87894
6.46333,9.87893
6.465,9.87893
6.46667,9.87893
6.46833,9.87893
6.47,9.87893
6.47167,9.87893
6.47333,9.87893
6.475,9.87893
6.47667,9.87893
6.47833,9.87893
6.48,9.87893
6.48167,9.87893
6.48333,9.87893
6.485,9.87893
6.48667,9.87893
6.48833,9.87893
6.49,9.87893
6.49167,9.87893
6.49333,9.87893
6.495,9.87893
6.49667,9.87893
6.49833,9.87893
6.5,9.87893
6.50167,9.87893
6.50333,9.87893
6.505,9.87893
6.50667,9.87893
6.50833,9.87893
6.51,9.87893
6.51167,9.87893
6.51333,9.87893
6.515,9.87893
6.51667,9.87893
6.51833,9.87893
6.52,9.87893
6.52167,9.87893
6.52333,9.87892
6.525,9.87892
6.52667,9.87892
6.52833,9.87892
6.53,9.87892
6.53167,9.87892
6.53333,9.87892
6.535,9.87892
6.53667,9.87892
6.53833,9.87892
6.54,9.87892
6.54167,9.87892
6.54333,9.87892
6.545,9.87892
6.54667,9.87892
6.54833,9.87892
6.55,9.87892
6.55167,9.87892
6.55333,9.87892
6.555,9.87892
6.55667,9.87892
6.55833,9.87892
6.56,9.87892
6.56167,9.87892
6.56333,9.87892
6.565,9.87892
6.56667,9.87892
6.56833,9.87892
6.57,9.87892
6.57167,9.87892
6.57333,9.87892
6.575,9.87892
6.57667,9.87892
6.57833,9.87892
6.58,9.87892
6.58167,9.87892
6.58333,9.87892
6.585,9.87892
6.58667,9.87891
6.58833,9.87891
6.59,9.87891
6.59167,9.87891
6.59333,9.87891
6.595,9.87891
6.59667,9.87891
6.59833,9.87891
6.6,9.87891
6.60167,9.87891
6.60333,9.87891
6.605,9.87891
6.60667,9.87891
6.60833,9.87891
6.61,9.87891
6.61167,9.87891
6.61333,9.87891
6.615,9.87891
6.61667,9.87891
6.61833,9.87891
6.62,9.87891
6.62167,9.87891
6.62333,9.87891
6.625,9.87891
6.62667,9.87891
6.62833,9.87891
6.63,9.87891
6.63167,9.87891
6.63333,9.87891
6.635,9.87891
6.63667,9.87891
6.63833,9.87891
6.64,9.87891
6.64167,9.87891
6.64333,9.87891
6.645,9.87891
6.64667,9.87891
6.64833,9.8789
6.65,9.8789
6.65167,9.8789
6.65333,9.8789
6.655,9.8789
6.65667,9.8789
6.65833,9.8789
6.66,9.8789
6.66167,9.8789
6.66333,9.8789
6.665,9.8789
6.66667,9.8789
6.66833,9.8789
6.67,9.8789
6.67167,9.8789
6.67333,9.8789
6.675,9.8789
6.67667,9.8789
6.67833,9.8789
6.68,9.8789
6.68167,9.8789
6.68333,9.8789
6.685,9.8789
6.68667,9.8789
6.68833,9.8789
6.69,9.8789
6.69167,9.8789
6.69333,9.8789
6.695,9.8789
6.69667,9.8789
6.69833,9.87889
6.7,9.87889
6.70167,9.87889
6.70333,9.87889
6.705,9.87889
6.70667,9.87889
6.70833,9.87889
6.71,9.87889
6.71167,9.87889
6.71333,9.87889
6.715,9.87889
6.71667,9.87889
6.71833,9.87889
6.72,9.87889
6.72167,9.87889
6.72333,9.87889
6.725,9.87889
6.72667,9.87889
6.72833,9.87889
6.73,9.87889
6.73167,9.87889
6.73333,9.87889
6.735,9.87889
6.73667,9.87889
6.73833,9.87889
6.74,9.87889
6.74167,9.87889
6.74333,9.87889
6.745,9.87889
6.74667,9.87889
6.74833,9.87889
6.75,9.87889
6.75167,9.87889
6.75333,9.87888
6.755,9.87888
6.75667,9.87888
6.75833,9.87888
6.76,9.87888
6.76167,9.87888
6.76333,9.87888
6.765,9.87888
6.76667,9.87888
6.76833,9.87888
6.77,9.87888
6.77167,9.87888
6.77333,9.87888
6.775,9.87888
6.77667,9.87888
6.77833,9.87888
6.78,9.87888
6.78167,9.87888
6.78333,9.87888
6.785,9.87888
6.78667,9.87888
6.78833,9.87888
6.79,9.87888
6.79167,9.87888
6.79333,9.87888
6.795,9.87888
6.79667,9.87888
6.79833,9.87888
6.8,9.87888
6.80167,9.87888
6.80333,9.87888
6.805,9.87888
6.80667,9.87888
6.80833,9.87888
6.81,9.87888
6.81167,9.87888
6.81333,9.87888
6.815,9.87888
6.81667,9.87887
6.81833,9.87887
6.82,9.87887
6.82167,9.87887
6.82333,9.87887
6.825,9.87887
6.82667,9.87887
6.82833,9.87887
6.83,9.87887
6.83167,9.87887
6.83333,9.87887
6.835,9.87887
6.83667,9.87887
6.83833,9.87887
6.84,9.87887
6.84167,9.87887
6.84333,9.87887
6.845,9.87887
6.84667,9.87887
6.84833,9.87887
6.85,9.87887
6.85167,9.87887
6.85333,9.87887
6.855,9.87887
6.85667,9.87887
6.85833,9.87887
6.86,9.87887
6.86167,9.87887
6.86333,9.87887
6.865,9.87887
6.86667,9.87887
6.86833,9.87887
6.87,9.87887
6.87167,9.87887
6.87333,9.87887
6.875,9.87887
6.87667,9.87887
6.87833,9.87887
6.88,9.87887
6.88167,9.87887
6.88333,9.87887
6.885,9.87886
6.88667,9.87886
6.88833,9.87886
6.89,9.87886
6.89167,9.87886
6.89333,9.87886
6.895,9.87886
6.89667,9.87886
6.89833,9.87886
6.9,9.87886
6.90167,9.87886
6.90333,9.87886
6.905,9.87886
6.90667,9.87886
6.90833,9.87886
6.91,9.87886
6.91167,9.87886
6.91333,9.87886
6.915,9.87886
6.91667,9.87886
6.91833,9.87886
6.92,9.87886
6.92167,9.87886
6.92333,9.87886
6.925,9.87886
6.92667,9.87886
6.92833,9.87886
6.93,9.87886
6.93167,9.87886
6.93333,9.87886
6.935,9.87886
6.93667,9.87886
6.93833,9.87886
6.94,9.87886
6.94167,9.87886
6.94333,9.87886
6.945,9.87886
6.94667,9.87886
6.94833,9.87886
6.95,9.87886
6.95167,9.87886
6.95333,9.87886
6.955,9.87886
6.95667,9.87886
6.95833,9.87885
6.96,9.87885
6.96167,9.87885
6.96333,9.87885
6.965,9.87885
6.96667,9.87885
6.96833,9.87885
6.97,9.87885
6.97167,9.87885
6.97333,9.87885
6.975,9.87885
6.97667,9.87885
6.97833,9.87885
6.98,9.87885
6.98167,9.87885
6.98333,9.87885
6.985,9.87885
6.98667,9.87885
6.98833,9.87885
6.99,9.87885
6.99167,9.87885
6.99333,9.87885
6.995,9.87885
6.99667,9.87885
6.99833,9.87885
7.0,9.87885
7.00167,9.87885
7.00333,9.87885
7.005,9.87885
7.00667,9.87885
7.00833,9.87885
7.01,9.87885
7.01167,9.87885
7.01333,9.87885
7.015,9.87885
7.01667,9.87885
7.01833,9.87885
7.02,9.87885
7.02167,9.87885
7.02333,9.87885
7.025,9.87885
7.02667,9.87885
7.02833,9.87885
7.03,9.87885
7.03167,9.87885
7.03333,9.87885
7.035,9.87885
7.03667,9.87885
7.03833,9.87885
7.04,9.87885
7.04167,9.87885
7.04333,9.87885
7.045,9.87885
7.04667,9.87884
7.04833,9.87884
7.05,9.87884
7.05167,9.87884
7.05333,9.87884
7.055,9.87884
7.05667,9.87884
7.05833,9.87884
7.06,9.87884
7.06167,9.87884
7.06333,9.87884
7.065,9.87884
7.06667,9.87884
7.06833,9.87884
7.07,9.87884
7.07167,9.87884
7.07333,9.87884
7.075,9.87884
7.07667,9.87884
7.07833,9.87884
7.08,9.87884
7.08167,9.87884
7.08333,9.87884
7.085,9.87884
7.08667,9.87884
7.08833,9.87884
7.09,9.87884
7.09167,9.87884
7.09333,9.87884
7.095,9.87884
7.09667,9.87884
7.09833,9.87884
7.1,9.87884
7.10167,9.87884
7.10333,9.87884
7.105,9.87884
7.10667,9.87884
7.10833,9.87884
7.11,9.87884
7.11167,9.87884
7.11333,9.87884
7.115,9.87884
7.11667,9.87884
7.11833,9.87884
7.12,9.87884
7.12167,9.87884
7.12333,9.87884
7.125,9.87884
7.12667,9.87884
7.12833,9.87884
7.13,9.87884
7.13167,9.87884
7.13333,9.87884
7.135,9.87884
7.13667,9.87884
7.13833,9.87884
7.14,9.87884
7.14167,9.87884
7.14333,9.87884
7.145,9.87884
7.14667,9.87884
7.14833,9.87884
7.15,9.87884
7.15167,9.87884
7.15333,9.87884
7.155,9.87884
7.15667,9.87883
7.15833,9.87883
7.16,9.87883
7.16167,9.87883
7.16333,9.87883
7.165,9.87883
7.16667,9.87883
7.16833,9.87883
7.17,9.87883
7.17167,9.87883
7.17333,9.87883
7.175,9.87883
7.17667,9.87883
7.17833,9.87883
7.18,9.87883
7.18167,9.87883
7.18333,9.87883
7.185,9.87883
7.18667,9.87883
7.18833,9.87883
7.19,9.87883
7.19167,9.87883
7.19333,9.87883
7.195,9.87883
7.19667,9.87883
7.19833,9.87883
7.2,9.87883
7.20167,9.87883
7.20333,9.87883
7.205,9.87883
7.20667,9.87883
7.20833,9.87883
7.21,9.87883
7.21167,9.87883
7.21333,9.87883
7.215,9.87883
7.21667,9.87883
7.21833,9.87883
7.22,9.87883
7.22167,9.87883
7.22333,9.87883
7.225,9.87883
7.22667,9.87883
7.22833,9.87883
7.23,9.87883
7.23167,9.87883
7.23333,9.87883
7.235,9.87883
7.23667,9.87883
7.23833,9.87883
7.24,9.87883
7.24167,9.87883
7.24333,9.87883
7.245,9.87883
7.24667,9.87883
7.24833,9.87883
7.25,9.87883
7.25167,9.87883
7.25333,9.87883
7.255,9.87883
7.25667,9.87883
7.25833,9.87883
7.26,9.87883
7.26167,9.87883
7.26333,9.87883
7.265,9.87883
7.26667,9.87883
7.26833,9.87883
7.27,9.87883
7.27167,9.87883
7.27333,9.87883
7.275,9.87883
7.27667,9.87883
7.27833,9.87883
7.28,9.87883
7.28167,9.87883
7.28333,9.87883
7.285,9.87883
7.28667,9.87883
7.28833,9.87883
7.29,9.87883
7.29167,9.87883
7.29333,9.87883
7.295,9.87883
7.29667,9.87883
7.29833,9.87883
7.3,9.87882
7.30167,9.87882
7.30333,9.87882
7.305,9.87882
7.30667,9.87882
7.30833,9.87882
7.31,9.87882
7.31167,9.87882
7.31333,9.87882
7.315,9.87882
7.31667,9.87882
7.31833,9.87882
7.32,9.87882
7.32167,9.87882
7.32333,9.87882
7.325,9.87882
7.32667,9.87882
7.32833,9.87882
7.33,9.87882
7.33167,9.87882
7.33333,9.87882
7.335,9.87882
7.33667,9.87882
7.33833,9.87882
7.34,9.87882
7.34167,9.87882
7.34333,9.87882
7.345,9.87882
7.34667,9.87882
7.34833,9.87882
7.35,9.87882
7.35167,9.87882
7.35333,9.87882
7.355,9.87882
7.35667,9.87882
7.35833,9.87882
7.36,9.87882
7.36167,9.87882
7.36333,9.87882
7.365,9.87882
7.36667,9.87882
7.36833,9.87882
7.37,9.87882
7.37167,9.87882
7.37333,9.87882
7.375,9.87882
7.37667,9.87882
7.37833,9.87882
7.38,9.87882
7.38167,9.87882
7.38333,9.87882
7.385,9.87882
7.38667,9.87882
7.38833,9.87882
7.39,9.87882
7.39167,9.87882
7.39333,9.87882
7.395,9.87882
7.39667,9.87882
7.39833,9.87882
7.4,9.87882
7.40167,9.87882
7.40333,9.87882
7.405,9.87882
7.40667,9.87882
7.40833,9.87882
7.41,9.87882
7.41167,9.87882
7.41333,9.87882
7.415,9.87882
7.41667,9.87882
7.41833,9.87882
7.42,9.87882
7.42167,9.87882
7.42333,9.87882
7.425,9.87882
7.42667,9.87882
7.42833,9.87882
7.43,9.87882
7.43167,9.87882
7.43333,9.87882
7.435,9.87882
7.43667,9.87882
7.43833,9.87882
7.44,9.87882
7.44167,9.87882
7.44333,9.87882
7.445,9.87882
7.44667,9.87882
7.44833,9.87882
7.45,9.87882
7.45167,9.87882
7.45333,9.87882
7.455,9.87882
7.45667,9.87882
7.45833,9.87882
7.46,9.87882
7.46167,9.87882
7.46333,9.87882
7.465,9.87882
7.46667,9.87882
7.46833,9.87882
7.47,9.87882
7.47167,9.87882
7.47333,9.87882
7.475,9.87882
7.47667,9.87882
7.47833,9.87882
7.48,9.87882
7.48167,9.87882
7.48333,9.87882
7.485,9.87881
7.48667,9.87881
7.48833,9.87881
7.49,9.87881
7.49167,9.87881
7.49333,9.87881
7.495,9.87881
7.49667,9.87881
7.49833,9.87881
7.5,9.87881
7.50167,9.87881
7.50333,9.87881
7.505,9.87881
7.50667,9.87881
7.50833,9.87881
7.51,9.87881
7.51167,9.87881
7.51333,9.87881
7.515,9.87881
7.51667,9.87881
7.51833,9.87881
7.52,9.87881
7.52167,9.87881
7.52333,9.87881
7.525,9.87881
7.52667,9.87881
7.52833,9.87881
7.53,9.87881
7.53167,9.87881
7.53333,9.87881
7.535,9.87881
7.53667,9.87881
7.53833,9.87881
7.54,9.87881
7.54167,9.87881
7.54333,9.87881
7.545,9.87881
7.54667,9.87881
7.54833,9.87881
7.55,9.87881
7.55167,9.87881
7.55333,9.87881
7.555,9.87881
7.55667,9.87881
7.55833,9.87881
7.56,9.87881
7.56167,9.87881
7.56333,9.87881
7.565,9.87881
7.56667,9.87881
7.56833,9.87881
7.57,9.87881
7.57167,9.87881
7.57333,9.87881
7.575,9.87881
7.57667,9.87881
7.57833,9.87881
7.58,9.87881
7.58167,9.87881
7.58333,9.87881
7.585,9.87881
7.58667,9.87881
7.58833,9.87881
7.59,9.87881
7.59167,9.87881
7.59333,9.87881
7.595,9.87881
7.59667,9.87881
7.59833,9.87881
7.6,9.87881
7.60167,9.87881
7.60333,9.87881
7.605,9.87881
7.60667,9.87881
7.60833,9.87881
7.61,9.87881
7.61167,9.87881
7.61333,9.87881
7.615,9.87881
7.61667,9.87881
7.61833,9.87881
7.62,9.87881
7.62167,9.87881
7.62333,9.87881
7.625,9.87881
7.62667,9.87881
7.62833,9.87881
7.63,9.87881
7.63167,9.87881
7.63333,9.87881
7.635,9.8788
7.63667,9.8788
7.63833,9.8788
7.64,9.8788
7.64167,9.8788
7.64333,9.8788
7.645,9.8788
7.64667,9.8788
7.64833,9.8788
7.65,9.8788
7.65167,9.8788
7.65333,9.8788
7.655,9.8788
7.65667,9.8788
7.65833,9.8788
7.66,9.8788
7.66167,9.8788
7.66333,9.8788
7.665,9.8788
7.66667,9.8788
7.66833,9.8788
7.67,9.8788
7.67167,9.8788
7.67333,9.8788
7.675,9.8788
7.67667,9.8788
7.67833,9.8788
7.68,9.8788
7.68167,9.8788
7.68333,9.8788
7.685,9.8788
7.68667,9.8788
7.68833,9.8788
7.69,9.8788
7.69167,9.8788
7.69333,9.8788
7.695,9.8788
7.69667,9.8788
7.69833,9.8788
7.7,9.8788
7.70167,9.8788
7.70333,9.8788
7.705,9.8788
7.70667,9.8788
7.70833,9.8788
7.71,9.8788
7.71167,9.8788
7.71333,9.8788
7.715,9.8788
7.71667,9.8788
7.71833,9.8788
7.72,9.8788
7.72167,9.8788
7.72333,9.8788
7.725,9.8788
7.72667,9.8788
7.72833,9.8788
7.73,9.8788
7.73167,9.8788
7.73333,9.8788
7.735,9.8788
7.73667,9.8788
7.73833,9.8788
7.74,9.8788
7.74167,9.8788
7.74333,9.8788
7.745,9.8788
7.74667,9.8788
7.74833,9.8788
7.75,9.8788
7.75167,9.8788
7.75333,9.8788
7.755,9.8788
7.75667,9.8788
7.75833,9.8788
7.76,9.8788
7.76167,9.8788
7.76333,9.8788
7.765,9.8788
7.76667,9.8788
7.76833,9.8788
7.77,9.8788
7.77167,9.8788
7.77333,9.8788
7.775,9.8788
7.77667,9.8788
7.77833,9.8788
7.78,9.8788
7.78167,9.8788
7.78333,9.8788
7.785,9.8788
7.78667,9.8788
7.78833,9.8788
7.79,9.8788
7.79167,9.8788
7.79333,9.8788
7.795,9.8788
7.79667,9.8788
7.79833,9.8788
7.8,9.87879
7.80167,9.87879
7.80333,9.87879
7.805,9.87879
7.80667,9.87879
7.80833,9.87879
7.81,9.87879
7.81167,9.87879
7.81333,9.87879
7.815,9.87879
7.81667,9.87879
7.81833,9.87879
7.82,9.87879
7.82167,9.87879
7.82333,9.87879
7.825,9.87879
7.82667,9.87879
7.82833,9.87879
7.83,9.87879
7.83167,9.87879
7.83333,9.87879
7.835,9.87879
7.83667,9.87879
7.83833,9.87879
7.84,9.87879
7.84167,9.87879
7.84333,9.87879
7.845,9.87879
7.84667,9.87879
7.84833,9.87879
7.85,9.87879
7.85167,9.87879
7.85333,9.87879
7.855,9.87879
7.85667,9.87879
7.85833,9.87879
7.86,9.87879
7.86167,9.87879
7.86333,9.87879
7.865,9.87879
7.86667,9.87879
7.86833,9.87879
7.87,9.87879
7.87167,9.87879
7.87333,9.87879
7.875,9.87879
7.87667,9.87879
7.87833,9.87879
7.88,9.87879
7.88167,9.87879
7.88333,9.87879
7.885,9.87879
7.88667,9.87879
7.88833,9.87879
7.89,9.87879
7.89167,9.87879
7.89333,9.87879
7.895,9.87879
7.89667,9.87879
7.89833,9.87879
7.9,9.87879
7.90167,9.87879
7.90333,9.87879
7.905,9.87879
7.90667,9.87879
7.90833,9.87879
7.91,9.87879
7.91167,9.87879
7.91333,9.87879
7.915,9.87879
7.91667,9.87879
7.91833,9.87879
7.92,9.87879
7.92167,9.87879
7.92333,9.87879
7.925,9.87879
7.92667,9.87879
7.92833,9.87879
7.93,9.87879
7.93167,9.87879
7.93333,9.87879
7.935,9.87879
7.93667,9.87879
7.93833,9.87879
7.94,9.87879
7.94167,9.87879
7.94333,9.87879
7.945,9.87879
7.94667,9.87879
7.94833,9.87879
7.95,9.87879
7.95167,9.87879
7.95333,9.87879
7.955,9.87879
7.95667,9.87879
7.95833,9.87879
7.96,9.87879
7.96167,9.87879
7.96333,9.87879
7.965,9.87879
7.96667,9.87879
7.96833,9.87879
7.97,9.87879
7.97167,9.87879
7.97333,9.87879
7.975,9.87879
7.97667,9.87879
7.97833,9.87879
7.98,9.87879
7.98167,9.87879
7.98333,9.87879
7.985,9.87879
7.98667,9.87879
7.98833,9.87879
7.99,9.87879
7.99167,9.87879
7.99333,9.87879
7.995,9.87879
7.99667,9.87879
7.99833,9.87879
8.0,9.87879
8.00167,9.87879
8.00333,9.87879
8.005,9.87879
8.00667,9.87879
8.00833,9.87879
8.01,9.87879
8.01167,9.87879
8.01333,9.87879
8.015,9.87879
8.01667,9.87879
8.01833,9.87879
8.02,9.87879
8.02167,9.87879
8.02333,9.87879
8.025,9.87879
8.02667,9.87879
8.02833,9.87879
8.03,9.87879
8.03167,9.87879
8.03333,9.87879
8.035,9.87879
8.03667,9.87879
8.03833,9.87879
8.04,9.87879
8.04167,9.87879
8.04333,9.87879
8.045,9.87879
8.04667,9.87879
8.04833,9.87879
8.05,9.87879
8.05167,9.87878
8.05333,9.87878
8.055,9.87878
8.05667,9.87878
8.05833,9.87878
8.06,9.87878
8.06167,9.87878
8.06333,9.87878
8.065,9.87878
8.06667,9.87878
8.06833,9.87878
8.07,9.87878
8.07167,9.87878
8.07333,9.87878
8.075,9.87878
8.07667,9.87878
8.07833,9.87878
8.08,9.87878
8.08167,9.87878
8.08333,9.87878
8.085,9.87878
8.08667,9.87878
8.08833,9.87878
8.09,9.87878
8.09167,9.87878
8.09333,9.87878
8.095,9.87878
8.09667,9.87878
8.09833,9.87878
8.1,9.87878
8.10167,9.87878
8.10333,9.87878
8.105,9.87878
8.10667,9.87878
8.10833,9.87878
8.11,9.87878
8.11167,9.87878
8.11333,9.87878
8.115,9.87878
8.11667,9.87878
8.11833,9.87878
8.12,9.87878
8.12167,9.87878
8.12333,9.87878
8.125,9.87878
8.12667,9.87878
8.12833,9.87878
8.13,9.87878
8.13167,9.87878
8.13333,9.87878
8.135,9.87878
8.13667,9.87878
8.13833,9.87878
8.14,9.87878
8.14167,9.87878
8.14333,9.87878
8.145,9.87878
8.14667,9.87878
8.14833,9.87878
8.15,9.87878
8.15167,9.87878
8.15333,9.87878
8.155,9.87878
8.15667,9.87878
8.15833,9.87878
8.16,9.87878
8.16167,9.87878
8.16333,9.87878
8.165,9.87878
8.16667,9.87878
8.16833,9.87878
8.17,9.87878
8.17167,9.87878
8.17333,9.87878
8.175,9.87878
8.17667,9.87878
8.17833,9.87878
8.18,9.87878
8.18167,9.87878
8.18333,9.87878
8.185,9.87878
8.18667,9.87878
8.18833,9.87878
8.19,9.87878
8.19167,9.87878
8.19333,9.87878
8.195,9.87878
8.19667,9.87878
8.19833,9.87878
8.2,9.87878
8.20167,9.87878
8.20333,9.87878
8.205,9.87878
8.20667,9.87878
8.20833,9.87878
8.21,9.87878
8.21167,9.87878
8.21333,9.87878
8.215,9.87878
8.21667,9.87878
8.21833,9.87878
8.22,9.87878
8.22167,9.87878
8.22333,9.87878
8.225,9.87878
8.22667,9.87878
8.22833,9.87878
8.23,9.87878
8.23167,9.87878
8.23333,9.87878
8.235,9.87878
8.23667,9.87878
8.23833,9.87878
8.24,9.87878
8.24167,9.87878
8.24333,9.87878
8.245,9.87878
8.24667,9.87878
8.24833,9.87878
8.25,9.87878
8.25167,9.87878
8.25333,9.87878
8.255,9.87878
8.25667,9.87878
8.25833,9.87878
8.26,9.87878
8.26167,9.87878
8.26333,9.87878
8.265,9.87878
8.26667,9.87878
8.26833,9.87878
8.27,9.87878
8.27167,9.87878
8.27333,9.87878
8.275,9.87878
8.27667,9.87878
8.27833,9.87878
8.28,9.87878
8.28167,9.87878
8.28333,9.87878
8.285,9.87878
8.28667,9.87878
8.28833,9.87878
8.29,9.87878
8.29167,9.87878
8.29333,9.87878
8.295,9.87878
8.29667,9.87878
8.29833,9.87878
8.3,9.87878
8.30167,9.87878
8.30333,9.87878
8.305,9.87878
8.30667,9.87878
8.30833,9.87878
8.31,9.87878
8.31167,9.87878
8.31333,9.87878
8.315,9.87878
8.31667,9.87878
8.31833,9.87878
8.32,9.87878
8.32167,9.87878
8.32333,9.87878
8.325,9.87878
8.32667,9.87878
8.32833,9.87878
8.33,9.87878
8.33167,9.87878
8.33333,9.87878
8.335,9.87878
8.33667,9.87878
8.33833,9.87878
8.34,9.87878
8.34167,9.87878
8.34333,9.87878
8.345,9.87878
8.34667,9.87878
8.34833,9.87878
8.35,9.87878
8.35167,9.87878
8.35333,9.87878
8.355,9.87878
8.35667,9.87878
8.35833,9.87878
8.36,9.87878
8.36167,9.87878
8.36333,9.87878
8.365,9.87878
8.36667,9.87878
8.36833,9.87878
8.37,9.87878
8.37167,9.87878
8.37333,9.87878
8.375,9.87878
8.37667,9.87878
8.37833,9.87878
8.38,9.87878
8.38167,9.87878
8.38333,9.87878
8.385,9.87878
8.38667,9.87878
8.38833,9.87878
8.39,9.87878
8.39167,9.87878
8.39333,9.87878
8.395,9.87878
8.39667,9.87878
8.39833,9.87878
8.4,9.87878
8.40167,9.87878
8.40333,9.87878
8.405,9.87878
8.40667,9.87878
8.40833,9.87878
8.41,9.87878
8.41167,9.87878
8.41333,9.87878
8.415,9.87878
8.41667,9.87878
8.41833,9.87878
8.42,9.87878
8.42167,9.87878
8.42333,9.87878
8.425,9.87878
8.42667,9.87878
8.42833,9.87878
8.43,9.87878
8.43167,9.87878
8.43333,9.87878
8.435,9.87878
8.43667,9.87878
8.43833,9.87878
8.44,9.87878
8.44167,9.87878
8.44333,9.87878
8.445,9.87878
8.44667,9.87878
8.44833,9.87878
8.45,9.87878
8.45167,9.87878
8.45333,9.87878
8.455,9.87878
8.45667,9.87878
8.45833,9.87878
8.46,9.87878
8.46167,9.87878
8.46333,9.87878
8.465,9.87878
8.46667,9.87878
8.46833,9.87878
8.47,9.87878
8.47167,9.87878
8.47333,9.87878
8.475,9.87878
8.47667,9.87878
8.47833,9.87878
8.48,9.87878
8.48167,9.87878
8.48333,9.87878
8.485,9.87878
8.48667,9.87878
8.48833,9.87878
8.49,9.87878
8.49167,9.87878
8.49333,9.87878
8.495,9.87878
8.49667,9.87878
8.49833,9.87878
8.5,9.87878
8.50167,9.87878
8.50333,9.87878
8.505,9.87878
8.50667,9.87878
8.50833,9.87878
8.51,9.87878
8.51167,9.87878
8.51333,9.87878
8.515,9.87878
8.51667,9.87878
8.51833,9.87878
8.52,9.87878
8.52167,9.87878
8.52333,9.87878
8.525,9.87878
8.52667,9.87878
8.52833,9.87878
8.53,9.87878
8.53167,9.87878
8.53333,9.87878
8.535,9.87878
8.53667,9.87878
8.53833,9.87878
8.54,9.87878
8.54167,9.87878
8.54333,9.87878
8.545,9.87878
8.54667,9.87878
8.54833,9.87878
8.55,9.87878
8.55167,9.87878
8.55333,9.87878
8.555,9.87878
8.55667,9.87878
8.55833,9.87878
8.56,9.87878
8.56167,9.87878
8.56333,9.87878
8.565,9.87878
8.56667,9.87878
8.56833,9.87878
8.57,9.87878
8.57167,9.87878
8.57333,9.87878
8.575,9.87878
8.57667,9.87878
8.57833,9.87878
8.58,9.87878
8.58167,9.87878
8.58333,9.87878
8.585,9.87878
8.58667,9.87878
8.58833,9.87878
8.59,9.87878
8.59167,9.87878
8.59333,9.87878
8.595,9.87878
8.59667,9.87878
8.59833,9.87878
8.6,9.87878
8.60167,9.87878
8.60333,9.87878
8.605,9.87878
8.60667,9.87878
8.60833,9.87878
8.61,9.87878
8.61167,9.87878
8.61333,9.87878
8.615,9.87878
8.61667,9.87878
8.61833,9.87878
8.62,9.87878
8.62167,9.87878
8.62333,9.87878
8.625,9.87878
8.62667,9.87878
8.62833,9.87878
8.63,9.87878
8.63167,9.87878
8.63333,9.87878
8.635,9.87878
8.63667,9.87878
8.63833,9.87878
8.64,9.87878
8.64167,9.87878
8.64333,9.87878
8.645,9.87878
8.64667,9.87878
8.64833,9.87878
8.65,9.87878
8.65167,9.87878
8.65333,9.87878
8.655,9.87878
8.65667,9.87878
8.65833,9.87878
8.66,9.87878
8.66167,9.87878
8.66333,9.87878
8.665,9.87878
8.66667,9.87878
8.66833,9.87878
8.67,9.87878
8.67167,9.87878
8.67333,9.87878
8.675,9.87878
8.67667,9.87878
8.67833,9.87878
8.68,9.87878
8.68167,9.87878
8.68333,9.87878
8.685,9.87878
8.68667,9.87878
8.68833,9.87878
8.69,9.87878
8.69167,9.87878
8.69333,9.87878
8.695,9.87878
8.69667,9.87878
8.69833,9.87878
8.7,9.87878
8.70167,9.87878
8.70333,9.87878
8.705,9.87878
8.70667,9.87878
8.70833,9.87878
8.71,9.87878
8.71167,9.87878
8.71333,9.87878
8.715,9.87878
8.71667,9.87878
8.71833,9.87878
8.72,9.87878
8.72167,9.87878
8.72333,9.87878
8.725,9.87878
8.72667,9.87878
8.72833,9.87878
8.73,9.87877
8.73167,9.87877
8.73333,9.87877
8.735,9.87877
8.73667,9.87877
8.73833,9.87877
8.74,9.87877
8.74167,9.87877
8.74333,9.87877
8.745,9.87877
8.74667,9.87877
8.74833,9.87877
8.75,9.87877
8.75167,9.87877
8.75333,9.87877
8.755,9.87877
8.75667,9.87877
8.75833,9.87877
8.76,9.87877
8.76167,9.87877
8.76333,9.87877
8.765,9.87877
8.76667,9.87877
8.76833,9.87877
8.77,9.87877
8.77167,9.87877
8.77333,9.87877
8.775,9.87877
8.77667,9.87877
8.77833,9.87877
8.78,9.87877
8.78167,9.87877
8.78333,9.87877
8.785,9.87877
8.78667,9.87877
8.78833,9.87877
8.79,9.87877
8.79167,9.87877
8.79333,9.87877
8.795,9.87877
8.79667,9.87877
8.79833,9.87877
8.8,9.87877
8.80167,9.87877
8.80333,9.87877
8.805,9.87877
8.80667,9.87877
8.80833,9.87877
8.81,9.87877
8.81167,9.87877
8.81333,9.87877
8.815,9.87877
8.81667,9.87877
8.81833,9.87877
8.82,9.87877
8.82167,9.87877
8.82333,9.87877
8.825,9.87877
8.82667,9.87877
8.82833,9.87877
8.83,9.87877
8.83167,9.87877
8.83333,9.87877
8.835,9.87877
8.83667,9.87877
8.83833,9.87877
8.84,9.87877
8.84167,9.87877
8.84333,9.87877
8.845,9.87877
8.84667,9.87877
8.84833,9.87877
8.85,9.87877
8.85167,9.87877
8.85333,9.87877
8.855,9.87877
8.85667,9.87877
8.85833,9.87877
8.86,9.87877
8.86167,9.87877
8.86333,9.87877
8.865,9.87877
8.86667,9.87877
8.86833,9.87877
8.87,9.87877
8.87167,9.87877
8.87333,9.87877
8.875,9.87877
8.87667,9.87877
8.87833,9.87877
8.88,9.87877
8.88167,9.87877
8.88333,9.87877
8.885,9.87877
8.88667,9.87877
8.88833,9.87877
8.89,9.87877
8.89167,9.87877
8.89333,9.87877
8.895,9.87877
8.89667,9.87877
8.89833,9.87877
8.9,9.87877
8.90167,9.87877
8.90333,9.87877
8.905,9.87877
8.90667,9.87877
8.90833,9.87877
8.91,9.87877
8.91167,9.87877
8.91333,9.87877
8.915,9.87877
8.91667,9.87877
8.91833,9.87877
8.92,9.87877
8.92167,9.87877
8.92333,9.87877
8.925,9.87877
8.92667,9.87877
8.92833,9.87877
8.93,9.87877
8.93167,9.87877
8.93333,9.87877
8.935,9.87877
8.93667,9.87877
8.93833,9.87877
8.94,9.87877
8.94167,9.87877
8.94333,9.87877
8.945,9.87877
8.94667,9.87877
8.94833,9.87877
8.95,9.87877
8.95167,9.87877
8.95333,9.87877
8.955,9.87877
8.95667,9.87877
8.95833,9.87877
8.96,9.87877
8.96167,9.87877
8.96333,9.87877
8.965,9.87877
8.96667,9.87877
8.96833,9.87877
8.97,9.87877
8.97167,9.87877
8.97333,9.87877
8.975,9.87877
8.97667,9.87877
8.97833,9.87877
8.98,9.87877
8.98167,9.87877
8.98333,9.87877
8.985,9.87877
8.98667,9.87877
8.98833,9.87877
8.99,9.87877
8.99167,9.87877
8.99333,9.87877
8.995,9.87877
8.99667,9.87877
8.99833,9.87877
9.0,9.87877
9.00167,9.87877
9.00333,9.87877
9.005,9.87877
9.00667,9.87877
9.00833,9.87877
9.01,9.87877
9.01167,9.87877
9.01333,9.87877
9.015,9.87877
9.01667,9.87876
9.01833,9.87876
9.02,9.87876
9.02167,9.87876
9.02333,9.87876
9.025,9.87876
9.02667,9.87876
9.02833,9.87876
9.03,9.87876
9.03167,9.87876
9.03333,9.87876
9.035,9.87876
9.03667,9.87876
9.03833,9.87876
9.04,9.87876
9.04167,9.87876
9.04333,9.87876
9.045,9.87876
9.04667,9.87876
9.04833,9.87876
9.05,9.87876
9.05167,9.87876
9.05333,9.87876
9.055,9.87876
9.05667,9.87876
9.05833,9.87876
9.06,9.87876
9.06167,9.87876
9.06333,9.87876
9.065,9.87876
9.06667,9.87876
9.06833,9.87876
9.07,9.87876
9.07167,9.87876
9.07333,9.87876
9.075,9.87876
9.07667,9.87876
9.07833,9.87876
9.08,9.87876
9.08167,9.87876
9.08333,9.87876
9.085,9.87876
9.08667,9.87876
9.08833,9.87876
9.09,9.87876
9.09167,9.87876
9.09333,9.87876
9.095,9.87876
9.09667,9.87876
9.09833,9.87876
9.1,9.87876
9.10167,9.87876
9.10333,9.87876
9.105,9.87876
9.10667,9.87876
9.10833,9.87876
9.11,9.87876
9.11167,9.87876
9.11333,9.87876
9.115,9.87876
9.11667,9.87876
9.11833,9.87876
9.12,9.87876
9.12167,9.87876
9.12333,9.87876
9.125,9.87876
9.12667,9.87876
9.12833,9.87876
9.13,9.87876
9.13167,9.87876
9.13333,9.87876
9.135,9.87876
9.13667,9.87876
9.13833,9.87876
9.14,9.87876
9.14167,9.87876
9.14333,9.87876
9.145,9.87876
9.14667,9.87876
9.14833,9.87876
9.15,9.87876
9.15167,9.87876
9.15333,9.87876
9.155,9.87876
9.15667,9.87876
9.15833,9.87876
9.16,9.87876
9.16167,9.87876
9.16333,9.87876
9.165,9.87876
9.16667,9.87876
9.16833,9.87876
9.17,9.87876
9.17167,9.87876
9.17333,9.87876
9.175,9.87876
9.17667,9.87876
9.17833,9.87876
9.18,9.87876
9.18167,9.87876
9.18333,9.87876
9.185,9.87876
9.18667,9.87876
9.18833,9.87876
9.19,9.87876
9.19167,9.87876
9.19333,9.87876
9.195,9.87876
9.19667,9.87876
9.19833,9.87876
9.2,9.87876
9.20167,9.87876
9.20333,9.87876
9.205,9.87876
9.20667,9.87876
9.20833,9.87876
9.21,9.87876
9.21167,9.87876
9.21333,9.87876
9.215,9.87876
9.21667,9.87876
9.21833,9.87876
9.22,9.87876
9.22167,9.87876
9.22333,9.87876
9.225,9.87876
9.22667,9.87876
9.22833,9.87876
9.23,9.87876
9.23167,9.87876
9.23333,9.87876
9.235,9.87876
9.23667,9.87876
9.23833,9.87876
9.24,9.87876
9.24167,9.87876
9.24333,9.87876
9.245,9.87876
9.24667,9.87876
9.24833,9.87876
9.25,9.87876
9.25167,9.87876
9.25333,9.87876
9.255,9.87876
9.25667,9.87876
9.25833,9.87876
9.26,9.87876
9.26167,9.87876
9.26333,9.87876
9.265,9.87876
9.26667,9.87876
9.26833,9.87876
9.27,9.87876
9.27167,9.87876
9.27333,9.87876
9.275,9.87876
9.27667,9.87876
9.27833,9.87876
9.28,9.87876
9.28167,9.87876
9.28333,9.87876
9.285,9.87876
9.28667,9.87876
9.28833,9.87876
9.29,9.87876
9.29167,9.87876
9.29333,9.87876
9.295,9.87876
9.29667,9.87876
9.29833,9.87876
9.3,9.87876
9.30167,9.87876
9.30333,9.87876
9.305,9.87876
9.30667,9.87876
9.30833,9.87876
9.31,9.87876
9.31167,9.87876
9.31333,9.87876
9.315,9.87876
9.31667,9.87876
9.31833,9.87876
9.32,9.87876
9.32167,9.87876
9.32333,9.87876
9.325,9.87876
9.32667,9.87876
9.32833,9.87876
9.33,9.87876
9.33167,9.87876
9.33333,9.87876
9.335,9.87876
9.33667,9.87876
9.33833,9.87876
9.34,9.87876
9.34167,9.87876
9.34333,9.87876
9.345,9.87876
9.34667,9.87876
9.34833,9.87876
9.35,9.87876
9.35167,9.87876
9.35333,9.87876
9.355,9.87876
9.35667,9.87876
9.35833,9.87876
9.36,9.87876
9.36167,9.87876
9.36333,9.87876
9.365,9.87876
9.36667,9.87876
9.36833,9.87876
9.37,9.87876
9.37167,9.87876
9.37333,9.87876
9.375,9.87876
9.37667,9.87876
9.37833,9.87876
9.38,9.87876
9.38167,9.87876
9.38333,9.87876
9.385,9.87876
9.38667,9.87876
9.38833,9.87876
9.39,9.87876
9.39167,9.87876
9.39333,9.87876
9.395,9.87876
9.39667,9.87876
9.39833,9.87876
9.4,9.87876
9.40167,9.87876
9.40333,9.87876
9.405,9.87876
9.40667,9.87875
9.40833,9.87875
9.41,9.87875
9.41167,9.87875
9.41333,9.87875
9.415,9.87875
9.41667,9.87875
9.41833,9.87875
9.42,9.87875
9.42167,9.87875
9.42333,9.87875
9.425,9.87875
9.42667,9.87875
9.42833,9.87875
9.43,9.87875
9.43167,9.87875
9.43333,9.87875
9.435,9.87875
9.43667,9.87875
9.43833,9.87875
9.44,9.87875
9.44167,9.87875
9.44333,9.87875
9.445,9.87875
9.44667,9.87875
9.44833,9.87875
9.45,9.87875
9.45167,9.87875
9.45333,9.87875
9.455,9.87875
9.45667,9.87875
9.45833,9.87875
9.46,9.87875
9.46167,9.87875
9.46333,9.87875
9.465,9.87875
9.46667,9.87875
9.46833,9.87875
9.47,9.87875
9.47167,9.87875
9.47333,9.87875
9.475,9.87875
9.47667,9.87875
9.47833,9.87875
9.48,9.87875
9.48167,9.87875
9.48333,9.87875
9.485,9.87875
9.48667,9.87875
9.48833,9.87875
9.49,9.87875
9.49167,9.87875
9.49333,9.87875
9.495,9.87875
9.49667,9.87875
9.49833,9.87875
9.5,9.87875
9.50167,9.87875
9.50333,9.87875
9.505,9.87875
9.50667,9.87875
9.50833,9.87875
9.51,9.87875
9.51167,9.87875
9.51333,9.87875
9.515,9.87875
9.51667,9.87875
9.51833,9.87875
9.52,9.87875
9.52167,9.87875
9.52333,9.87875
9.525,9.87875
9.52667,9.87875
9.52833,9.87875
9.53,9.87875
9.53167,9.87875
9.53333,9.87875
9.535,9.87875
9.53667,9.87875
9.53833,9.87875
9.54,9.87875
9.54167,9.87875
9.54333,9.87875
9.545,9.87875
9.54667,9.87875
9.54833,9.87875
9.55,9.87875
9.55167,9.87875
9.55333,9.87875
9.555,9.87875
9.55667,9.87875
9.55833,9.87875
9.56,9.87875
9.56167,9.87875
9.56333,9.87875
9.565,9.87875
9.56667,9.87875
9.56833,9.87875
9.57,9.87875
9.57167,9.87875
9.57333,9.87875
9.575,9.87875
9.57667,9.87875
9.57833,9.87875
9.58,9.87875
9.58167,9.87875
9.58333,9.87875
9.585,9.87875
9.58667,9.87875
9.58833,9.87875
9.59,9.87875
9.59167,9.87875
9.59333,9.87875
9.595,9.87875
9.59667,9.87875
9.59833,9.87875
9.6,9.87875
9.60167,9.87875
9.60333,9.87875
9.605,9.87875
9.60667,9.87875
9.60833,9.87875
9.61,9.87875
9.61167,9.87875
9.61333,9.87875
9.615,9.87875
9.61667,9.87875
9.61833,9.87875
9.62,9.87875
9.62167,9.87875
9.62333,9.87875
9.625,9.87875
9.62667,9.87875
9.62833,9.87875
9.63,9.87875
9.63167,9.87875
9.63333,9.87875
9.635,9.87875
9.63667,9.87875
9.63833,9.87875
9.64,9.87875
9.64167,9.87875
9.64333,9.87875
9.645,9.87875
9.64667,9.87875
9.64833,9.87875
9.65,9.87875
9.65167,9.87875
9.65333,9.87875
9.655,9.87875
9.65667,9.87875
9.65833,9.87875
9.66,9.87875
9.66167,9.87875
9.66333,9.87875
9.665,9.87875
9.66667,9.87875
9.66833,9.87875
9.67,9.87875
9.67167,9.87875
9.67333,9.87875
9.675,9.87875
9.67667,9.87875
9.67833,9.87875
9.68,9.87875
9.68167,9.87875
9.68333,9.87875
9.685,9.87875
9.68667,9.87875
9.68833,9.87875
9.69,9.87875
9.69167,9.87875
9.69333,9.87875
9.695,9.87875
9.69667,9.87875
9.69833,9.87875
9.7,9.87875
9.70167,9.87875
9.70333,9.87875
9.705,9.87875
9.70667,9.87875
9.70833,9.87875
9.71,9.87875
9.71167,9.87875
9.71333,9.87875
9.715,9.87875
9.71667,9.87875
9.71833,9.87875
9.72,9.87875
9.72167,9.87875
9.72333,9.87875
9.725,9.87875
9.72667,9.87875
9.72833,9.87875
9.73,9.87875
9.73167,9.87875
9.73333,9.87875
9.735,9.87875
9.73667,9.87875
9.73833,9.87875
9.74,9.87875
9.74167,9.87875
9.74333,9.87875
9.745,9.87875
9.74667,9.87875
9.74833,9.87875
9.75,9.87875
9.75167,9.87875
9.75333,9.87875
9.755,9.87875
9.75667,9.87875
9.75833,9.87875
9.76,9.87875
9.76167,9.87875
9.76333,9.87875
9.765,9.87875
9.76667,9.87875
9.76833,9.87875
9.77,9.87875
9.77167,9.87875
9.77333,9.87875
9.775,9.87875
9.77667,9.87875
9.77833,9.87875
9.78,9.87875
9.78167,9.87875
9.78333,9.87875
9.785,9.87875
9.78667,9.87875
9.78833,9.87875
9.79,9.87875
9.79167,9.87875
9.79333,9.87875
9.795,9.87875
9.79667,9.87875
9.79833,9.87875
9.8,9.87875
9.80167,9.87875
9.80333,9.87875
9.805,9.87875
9.80667,9.87875
9.80833,9.87875
9.81,9.87875
9.81167,9.87875
9.81333,9.87875
9.815,9.87875
9.81667,9.87875
9.81833,9.87875
9.82,9.87875
9.82167,9.87875
9.82333,9.87875
9.825,9.87875
9.82667,9.87875
9.82833,9.87875
9.83,9.87875
9.83167,9.87875
9.83333,9.87875
9.835,9.87875
9.83667,9.87875
9.83833,9.87875
9.84,9.87875
9.84167,9.87875
9.84333,9.87875
9.845,9.87875
9.84667,9.87875
9.84833,9.87875
9.85,9.87875
9.85167,9.87875
9.85333,9.87875
9.855,9.87875
9.85667,9.87875
9.85833,9.87875
9.86,9.87875
9.86167,9.87875
9.86333,9.87875
9.865,9.87875
9.86667,9.87875
9.86833,9.87875
9.87,9.87875
9.87167,9.87875
9.87333,9.87875
9.875,9.87875
9.87667,9.87875
9.87833,9.87875
9.88,9.87875
9.88167,9.87875
9.88333,9.87875
9.885,9.87875
9.88667,9.87875
9.88833,9.87875
9.89,9.87875
9.89167,9.87875
9.89333,9.87875
9.895,9.87875
9.89667,9.87875
9.89833,9.87875
9.9,9.87875
9.90167,9.87875
9.90333,9.87875
9.905,9.87875
9.90667,9.87875
9.90833,9.87875
9.91,9.87875
9.91167,9.87875
9.91333,9.87875
9.915,9.87875
9.91667,9.87875
9.91833,9.87875
9.92,9.87875
9.92167,9.87875
9.92333,9.87875
9.925,9.87875
9.92667,9.87875
9.92833,9.87875
9.93,9.87875
9.93167,9.87875
9.93333,9.87875
9.935,9.87875
9.93667,9.87875
9.93833,9.87875
9.94,9.87875
9.94167,9.87875
9.94333,9.87875
9.945,9.87875
9.94667,9.87875
9.94833,9.87875
9.95,9.87875
9.95167,9.87875
9.95333,9.87875
9.955,9.87875
9.95667,9.87875
9.95833,9.87875
9.96,9.87875
9.96167,9.87875
9.96333,9.87875
9.965,9.87875
9.96667,9.87875
9.96833,9.87875
9.97,9.87875
9.97167,9.87875
9.97333,9.87875
9.975,9.87875
9.97667,9.87875
9.97833,9.87875
9.98,9.87875
9.98167,9.87875
9.98333,9.87875
9.985,9.87875
9.98667,9.87875
9.98833,9.87875
9.99,9.87875
9.99167,9.87875
9.99333,9.87875
9.995,9.87875
9.99667,9.87875
9.99833,9.87875
